order_id,order_status,order_created_at,order_date,payment_at,shipping_deadline,shipping_arranged_at,order_completed_at,payment_lead_time_minutes,processing_time_minutes,completion_time_hours,deadline_margin_minutes,is_cancelled,has_started_fulfillment,cancellation_stage,processing_category,is_late_shipment,is_returned,returned_items,total_items,unique_products,is_deadline_risk,cancellation_category
251001004TP8HH,Selesai,2025-10-01 13:42:00,2025-10-01,2025-10-01 13:43:00,2025-10-02 23:59:00,2025-10-02 18:35:00,2025-10-13 08:45:00,1.0,1733.0,254.16666666666666,324.0,0,1,Not Cancelled,Normal,0,0,0,1,1,0,Not Cancelled
25100100BXNHW4,Selesai,2025-10-01 13:46:00,2025-10-01,2025-10-01 13:46:00,2025-10-02 23:59:00,2025-10-02 18:36:00,2025-10-03 19:41:00,0.0,1730.0,25.083333333333332,323.0,0,1,Not Cancelled,Normal,0,0,0,1,1,0,Not Cancelled
25100100DK286F,Selesai,2025-10-01 13:47:00,2025-10-01,2025-10-01 13:48:00,2025-10-02 23:59:00,2025-10-02 18:36:00,2025-10-11 19:50:00,1.0,1729.0,217.23333333333332,323.0,0,1,Not Cancelled,Normal,0,0,0,1,1,0,Not Cancelled
25100100J431RT,Batal,2025-10-01 13:50:00,2025-10-01,2025-10-01 13:50:00,2025-10-02 23:59:00,,,0.0,,,,1,0,Pre-Fulfillment,Not Processed,0,0,0,1,1,0,Change Address
25100101F6V097,Batal,2025-10-01 14:06:00,2025-10-01,2025-10-01 14:06:00,2025-10-02 23:59:00,,,0.0,,,,1,0,Pre-Fulfillment,Not Processed,0,0,0,1,1,0,Other
25100102A504PJ,Selesai,2025-10-01 14:21:00,2025-10-01,2025-10-01 14:22:00,2025-10-02 23:59:00,2025-10-02 18:36:00,2025-10-03 20:10:00,1.0,1695.0,25.566666666666666,323.0,0,1,Not Cancelled,Normal,0,0,0,1,1,0,Not Cancelled
25100102TJFCQN,Selesai,2025-10-01 14:30:00,2025-10-01,2025-10-01 14:30:00,2025-10-02 23:59:00,2025-10-02 18:36:00,2025-10-09 08:10:00,0.0,1686.0,157.56666666666666,323.0,0,1,Not Cancelled,Normal,0,0,0,1,1,0,Not Cancelled
25100102VQ2K7N,Batal,2025-10-01 14:31:00,2025-10-01,2025-10-01 14:31:00,2025-10-01 17:31:00,,,0.0,,,,1,0,Pre-Fulfillment,Not Processed,0,0,0,3,1,0,Change Order
2510010309H0F4,Selesai,2025-10-01 14:33:00,2025-10-01,2025-10-01 14:34:00,2025-10-02 23:59:00,2025-10-02 18:35:00,2025-10-19 00:16:00,1.0,1682.0,389.68333333333334,324.0,0,1,Not Cancelled,Normal,0,1,1,1,1,0,Not Cancelled
25100103GRYKB2,Selesai,2025-10-01 14:43:00,2025-10-01,2025-10-01 14:43:00,2025-10-01 17:43:00,2025-10-01 15:42:00,2025-10-08 18:46:00,0.0,59.0,171.06666666666666,121.0,0,1,Not Cancelled,Normal,0,0,0,3,1,0,Not Cancelled
25100103H6A1U8,Batal,2025-10-01 14:43:00,2025-10-01,2025-10-01 14:43:00,2025-10-02 23:59:00,,,0.0,,,,1,0,Pre-Fulfillment,Not Processed,0,0,0,1,1,0,Other
25100103PB9F31,Selesai,2025-10-01 14:46:00,2025-10-01,2025-10-01 14:46:00,2025-10-02 23:59:00,2025-10-02 20:29:00,2025-10-12 22:01:00,0.0,1783.0,241.53333333333333,210.0,0,1,Not Cancelled,Normal,0,0,0,1,1,0,Not Cancelled
2510010404366C,Selesai,2025-10-01 14:51:00,2025-10-01,2025-10-01 14:51:00,2025-10-02 23:59:00,2025-10-02 18:36:00,2025-10-10 15:48:00,0.0,1665.0,189.2,323.0,0,1,Not Cancelled,Normal,0,0,0,1,1,0,Not Cancelled
251001041Y5BQN,Selesai,2025-10-01 14:52:00,2025-10-01,2025-10-01 14:52:00,2025-10-02 23:59:00,2025-10-02 18:36:00,2025-10-11 16:50:00,0.0,1664.0,214.23333333333332,323.0,0,1,Not Cancelled,Normal,0,0,0,1,1,0,Not Cancelled
25100104GU4D3T,Selesai,2025-10-01 15:01:00,2025-10-01,2025-10-01 15:05:00,2025-10-02 23:59:00,2025-10-02 18:36:00,2025-10-11 15:25:00,4.0,1655.0,212.81666666666666,323.0,0,1,Not Cancelled,Normal,0,0,0,1,1,0,Not Cancelled
25100104ND0TRQ,Selesai,2025-10-01 15:03:00,2025-10-01,2025-10-01 15:03:00,2025-10-02 23:59:00,2025-10-02 18:35:00,2025-10-17 15:29:00,0.0,1652.0,356.9,324.0,0,1,Not Cancelled,Normal,0,0,0,1,1,0,Not Cancelled
25100104RD9UHG,Batal,2025-10-01 15:05:00,2025-10-01,2025-10-01 15:05:00,2025-10-02 23:59:00,,,0.0,,,,1,0,Pre-Fulfillment,Not Processed,0,0,0,1,1,0,Change Order
25100105C1RY31,Selesai,2025-10-01 15:16:00,2025-10-01,2025-10-01 15:17:00,2025-10-02 23:59:00,2025-10-02 18:35:00,2025-10-12 09:45:00,1.0,1639.0,231.16666666666666,324.0,0,1,Not Cancelled,Normal,0,0,0,1,1,0,Not Cancelled
2510010669Y411,Selesai,2025-10-01 15:30:00,2025-10-01,2025-10-01 15:31:00,2025-10-02 23:59:00,2025-10-02 18:35:00,2025-10-07 09:49:00,1.0,1625.0,111.23333333333333,324.0,0,1,Not Cancelled,Normal,0,0,0,1,1,0,Not Cancelled
25100108QU7HG3,Batal,2025-10-01 16:16:00,2025-10-01,2025-10-01 16:16:00,2025-10-02 23:59:00,,,0.0,,,,1,0,Pre-Fulfillment,Not Processed,0,0,0,1,1,0,Other
251001094EKWXY,Selesai,2025-10-01 16:23:00,2025-10-01,2025-10-01 16:23:00,2025-10-02 23:59:00,2025-10-02 18:35:00,2025-10-12 01:41:00,0.0,1572.0,223.1,324.0,0,1,Not Cancelled,Normal,0,0,0,1,1,0,Not Cancelled
251001094XTG1Q,Selesai,2025-10-01 16:23:00,2025-10-01,2025-10-01 16:24:00,2025-10-02 23:59:00,2025-10-02 20:30:00,2025-10-05 14:28:00,1.0,1687.0,65.96666666666667,209.0,0,1,Not Cancelled,Normal,0,0,0,1,1,0,Not Cancelled
2510010A6AWQY3,Selesai,2025-10-01 16:42:00,2025-10-01,2025-10-01 16:42:00,2025-10-02 23:59:00,2025-10-01 16:42:00,2025-10-08 19:46:00,0.0,0.0,171.06666666666666,1877.0,0,1,Not Cancelled,Normal,0,0,0,1,1,0,Not Cancelled
2510010AMC4WA9,Selesai,2025-10-01 16:50:00,2025-10-01,2025-10-01 16:50:00,2025-10-02 23:59:00,2025-10-02 18:36:00,2025-10-07 20:11:00,0.0,1546.0,121.58333333333333,323.0,0,1,Not Cancelled,Normal,0,0,0,1,1,0,Not Cancelled
2510010B12E4M4,Selesai,2025-10-01 16:57:00,2025-10-01,2025-10-01 16:57:00,2025-10-02 23:59:00,2025-10-02 18:37:00,2025-10-11 19:36:00,0.0,1540.0,216.98333333333332,322.0,0,1,Not Cancelled,Normal,0,0,0,1,1,0,Not Cancelled
2510010BGGC9NS,Selesai,2025-10-01 17:06:00,2025-10-01,2025-10-01 17:47:00,2025-10-02 23:59:00,2025-10-02 20:29:00,2025-10-12 00:28:00,41.0,1643.0,219.98333333333332,210.0,0,1,Not Cancelled,Normal,0,0,0,1,1,0,Not Cancelled
2510010BSBMS94,Batal,2025-10-01 17:11:00,2025-10-01,2025-10-01 17:11:00,2025-10-02 23:59:00,,,0.0,,,,1,0,Pre-Fulfillment,Not Processed,0,0,0,1,1,0,Change Order
2510010CWJD63T,Selesai,2025-10-01 17:31:00,2025-10-01,2025-10-01 17:32:00,2025-10-02 23:59:00,2025-10-01 17:32:00,2025-10-10 21:15:00,1.0,1.0,219.71666666666667,1827.0,0,1,Not Cancelled,Normal,0,0,0,1,1,0,Not Cancelled
2510010EE2WKUS,Selesai,2025-10-01 17:58:00,2025-10-01,2025-10-01 17:58:00,2025-10-02 23:59:00,2025-10-02 18:36:00,2025-10-10 06:36:00,0.0,1478.0,180.0,323.0,0,1,Not Cancelled,Normal,0,0,0,1,1,0,Not Cancelled
2510010EGM133D,Selesai,2025-10-01 17:59:00,2025-10-01,2025-10-01 17:59:00,2025-10-02 23:59:00,2025-10-02 18:36:00,2025-10-10 01:30:00,0.0,1477.0,174.9,323.0,0,1,Not Cancelled,Normal,0,0,0,1,1,0,Not Cancelled
2510010FB6MUP2,Selesai,2025-10-01 18:14:00,2025-10-01,2025-10-01 18:14:00,2025-10-02 23:59:00,2025-10-02 20:30:00,2025-10-13 08:56:00,0.0,1576.0,252.43333333333334,209.0,0,1,Not Cancelled,Normal,0,0,0,1,1,0,Not Cancelled
2510010G0XWM5N,Selesai,2025-10-01 18:26:00,2025-10-01,2025-10-01 18:27:00,2025-10-02 23:59:00,2025-10-02 18:39:00,2025-10-13 11:03:00,1.0,1453.0,256.4,320.0,0,1,Not Cancelled,Normal,0,0,0,7,1,0,Not Cancelled
2510010G9284MM,Selesai,2025-10-01 18:31:00,2025-10-01,2025-10-01 18:31:00,2025-10-02 23:59:00,2025-10-02 18:36:00,2025-10-04 15:09:00,0.0,1445.0,44.55,323.0,0,1,Not Cancelled,Normal,0,0,0,1,1,0,Not Cancelled
2510010H1H8Q2A,Selesai,2025-10-01 18:45:00,2025-10-01,2025-10-01 18:45:00,2025-10-02 23:59:00,2025-10-02 18:36:00,2025-10-09 22:06:00,0.0,1431.0,171.5,323.0,0,1,Not Cancelled,Normal,0,1,1,1,1,0,Not Cancelled
2510010J39Q34E,Selesai,2025-10-01 19:03:00,2025-10-01,2025-10-01 19:04:00,2025-10-02 23:59:00,2025-10-02 20:30:00,2025-10-04 15:30:00,1.0,1527.0,43.0,209.0,0,1,Not Cancelled,Normal,0,0,0,1,1,0,Not Cancelled
2510010JC9QFUX,Selesai,2025-10-01 19:09:00,2025-10-01,2025-10-01 19:09:00,2025-10-02 23:59:00,2025-10-01 19:09:00,2025-10-11 15:31:00,0.0,0.0,236.36666666666667,1730.0,0,1,Not Cancelled,Normal,0,0,0,1,1,0,Not Cancelled
2510010N40DREX,Selesai,2025-10-01 19:58:00,2025-10-01,2025-10-01 19:58:00,2025-10-02 23:59:00,2025-10-02 18:36:00,2025-10-13 12:47:00,0.0,1358.0,258.18333333333334,323.0,0,1,Not Cancelled,Normal,0,0,0,1,1,0,Not Cancelled
2510010P5YMRRS,Selesai,2025-10-01 20:17:00,2025-10-01,2025-10-01 20:17:00,2025-10-02 23:59:00,2025-10-02 18:36:00,2025-10-14 11:33:00,0.0,1339.0,280.95,323.0,0,1,Not Cancelled,Normal,0,0,0,1,1,0,Not Cancelled
2510010QNHN0PG,Selesai,2025-10-01 20:43:00,2025-10-01,2025-10-01 20:44:00,2025-10-02 23:59:00,2025-10-02 18:37:00,2025-10-10 20:18:00,1.0,1314.0,193.68333333333334,322.0,0,1,Not Cancelled,Normal,0,0,0,1,1,0,Not Cancelled
2510010U11K9TS,Selesai,2025-10-01 21:43:00,2025-10-01,2025-10-01 21:43:00,2025-10-02 23:59:00,2025-10-01 21:43:00,2025-10-03 11:30:00,0.0,0.0,37.78333333333333,1576.0,0,1,Not Cancelled,Normal,0,0,0,1,1,0,Not Cancelled
2510010V3QNCQE,Selesai,2025-10-01 22:03:00,2025-10-01,2025-10-01 22:03:00,2025-10-02 23:59:00,2025-10-02 18:37:00,2025-10-11 22:01:00,0.0,1234.0,219.4,322.0,0,1,Not Cancelled,Normal,0,0,0,1,1,0,Not Cancelled
2510010V8SSSCW,Selesai,2025-10-01 22:06:00,2025-10-01,2025-10-01 22:06:00,2025-10-02 23:59:00,2025-10-02 18:35:00,2025-10-07 14:16:00,0.0,1229.0,115.68333333333334,324.0,0,1,Not Cancelled,Normal,0,0,0,1,1,0,Not Cancelled
2510010VNPNXSW,Selesai,2025-10-01 22:13:00,2025-10-01,2025-10-01 22:13:00,2025-10-02 23:59:00,2025-10-02 20:54:00,2025-10-07 22:03:00,0.0,1361.0,121.15,185.0,0,1,Not Cancelled,Normal,0,0,0,1,1,0,Not Cancelled
2510010WWEY4YX,Selesai,2025-10-01 22:35:00,2025-10-01,2025-10-01 22:36:00,2025-10-02 23:59:00,2025-10-02 20:29:00,2025-10-10 17:21:00,1.0,1314.0,188.86666666666667,210.0,0,1,Not Cancelled,Normal,0,0,0,1,1,0,Not Cancelled
2510010XGRXQQP,Batal,2025-10-01 22:46:00,2025-10-01,2025-10-01 22:46:00,2025-10-02 23:59:00,,,0.0,,,,1,0,Pre-Fulfillment,Not Processed,0,0,0,1,1,0,Other
2510010Y07VXWG,Selesai,2025-10-01 22:54:00,2025-10-01,2025-10-01 22:55:00,2025-10-02 23:59:00,2025-10-02 20:30:00,2025-10-03 20:48:00,1.0,1296.0,24.3,209.0,0,1,Not Cancelled,Normal,0,0,0,1,1,0,Not Cancelled
251001UNHCN8DU,Selesai,2025-10-01 00:00:00,2025-10-01,2025-10-01 00:01:00,2025-10-01 23:59:00,2025-10-01 13:47:00,2025-10-09 17:01:00,1.0,827.0,195.23333333333332,612.0,0,1,Not Cancelled,Normal,0,0,0,1,1,0,Not Cancelled
251001UP66BYYR,Selesai,2025-10-01 00:12:00,2025-10-01,2025-10-01 00:12:00,2025-10-01 23:59:00,2025-10-01 13:47:00,2025-10-05 22:09:00,0.0,815.0,104.36666666666666,612.0,0,1,Not Cancelled,Normal,0,0,0,1,1,0,Not Cancelled
251001UPSTSN2B,Selesai,2025-10-01 00:23:00,2025-10-01,2025-10-01 00:23:00,2025-10-01 23:59:00,2025-10-01 19:03:00,2025-10-12 21:29:00,0.0,1120.0,266.43333333333334,296.0,0,1,Not Cancelled,Normal,0,0,0,1,1,0,Not Cancelled
251001UQFVJ256,Selesai,2025-10-01 00:35:00,2025-10-01,2025-10-01 00:35:00,2025-10-01 23:59:00,2025-10-01 13:47:00,2025-10-02 20:26:00,0.0,792.0,30.65,612.0,0,1,Not Cancelled,Normal,0,0,0,1,1,0,Not Cancelled
251001URK9G7QS,Selesai,2025-10-01 00:55:00,2025-10-01,2025-10-01 00:55:00,2025-10-01 23:59:00,2025-10-01 13:47:00,2025-10-10 12:17:00,0.0,772.0,214.5,612.0,0,1,Not Cancelled,Normal,0,0,0,1,1,0,Not Cancelled
251001UVXRQ765,Selesai,2025-10-01 02:13:00,2025-10-01,2025-10-01 02:15:00,2025-10-01 23:59:00,2025-10-01 13:47:00,2025-10-03 17:01:00,2.0,694.0,51.233333333333334,612.0,0,1,Not Cancelled,Normal,0,0,0,1,1,0,Not Cancelled
251001V7SNG2N0,Selesai,2025-10-01 05:27:00,2025-10-01,2025-10-01 14:42:00,2025-10-02 23:59:00,2025-10-01 19:04:00,2025-10-12 18:53:00,555.0,817.0,263.81666666666666,1735.0,0,1,Not Cancelled,Normal,0,0,0,1,1,0,Not Cancelled
251001V8B3B19K,Selesai,2025-10-01 05:37:00,2025-10-01,2025-10-01 05:37:00,2025-10-01 23:59:00,2025-10-01 13:46:00,2025-10-11 17:53:00,0.0,489.0,244.11666666666667,613.0,0,1,Not Cancelled,Normal,0,0,0,2,2,0,Not Cancelled
251001V93P6B3G,Batal,2025-10-01 05:51:00,2025-10-01,,,,,,,,,1,0,Pre-Fulfillment,Not Processed,0,0,0,1,1,0,Change Address
251001V97NY1A4,Selesai,2025-10-01 05:53:00,2025-10-01,2025-10-01 05:53:00,2025-10-01 23:59:00,2025-10-01 13:47:00,2025-10-13 21:41:00,0.0,474.0,295.9,612.0,0,1,Not Cancelled,Normal,0,0,0,1,1,0,Not Cancelled
251001V97TP30K,Selesai,2025-10-01 05:53:00,2025-10-01,2025-10-01 05:53:00,2025-10-01 23:59:00,2025-10-01 13:47:00,2025-10-06 18:22:00,0.0,474.0,124.58333333333333,612.0,0,1,Not Cancelled,Normal,0,0,0,1,1,0,Not Cancelled
251001VDA27YXQ,Selesai,2025-10-01 07:06:00,2025-10-01,2025-10-01 07:06:00,2025-10-01 23:59:00,2025-10-01 13:47:00,2025-10-06 09:20:00,0.0,401.0,115.55,612.0,0,1,Not Cancelled,Normal,0,0,0,2,2,0,Not Cancelled
251001VECAXNE4,Selesai,2025-10-01 07:25:00,2025-10-01,2025-10-01 07:25:00,2025-10-01 23:59:00,2025-10-01 13:47:00,2025-10-11 19:06:00,0.0,382.0,245.31666666666666,612.0,0,1,Not Cancelled,Normal,0,0,0,1,1,0,Not Cancelled
251001VEYRS0WU,Selesai,2025-10-01 07:36:00,2025-10-01,2025-10-01 07:36:00,2025-10-01 23:59:00,2025-10-01 13:47:00,2025-10-05 10:30:00,0.0,371.0,92.71666666666667,612.0,0,1,Not Cancelled,Normal,0,0,0,1,1,0,Not Cancelled
251001VFWV0NP6,Selesai,2025-10-01 07:53:00,2025-10-01,2025-10-01 07:53:00,2025-10-01 23:59:00,2025-10-01 19:04:00,2025-10-10 21:15:00,0.0,671.0,218.18333333333334,295.0,0,1,Not Cancelled,Normal,0,0,0,1,1,0,Not Cancelled
251001VG0FX7B8,Batal,2025-10-01 07:54:00,2025-10-01,2025-10-01 07:54:00,2025-10-01 23:59:00,,,0.0,,,,1,0,Pre-Fulfillment,Not Processed,0,0,0,1,1,0,Change Order
251001VGCM1E7A,Batal,2025-10-01 08:01:00,2025-10-01,2025-10-01 08:01:00,2025-10-01 23:59:00,,,0.0,,,,1,0,Pre-Fulfillment,Not Processed,0,0,0,1,1,0,Other
251001VGGE4V2X,Selesai,2025-10-01 08:03:00,2025-10-01,2025-10-01 08:04:00,2025-10-01 23:59:00,2025-10-01 13:46:00,2025-10-07 09:19:00,1.0,343.0,139.55,613.0,0,1,Not Cancelled,Normal,0,0,0,1,1,0,Not Cancelled
251001VHSK5T7R,Selesai,2025-10-01 08:26:00,2025-10-01,2025-10-01 08:26:00,2025-10-01 23:59:00,2025-10-01 19:04:00,2025-10-03 16:09:00,0.0,638.0,45.083333333333336,295.0,0,1,Not Cancelled,Normal,0,0,0,1,1,0,Not Cancelled
251001VJR0VEVS,Selesai,2025-10-01 08:43:00,2025-10-01,2025-10-01 08:43:00,2025-10-01 23:59:00,2025-10-01 13:47:00,2025-10-09 13:15:00,0.0,304.0,191.46666666666667,612.0,0,1,Not Cancelled,Normal,0,0,0,1,1,0,Not Cancelled
251001VM40G965,Batal,2025-10-01 09:08:00,2025-10-01,2025-10-01 09:08:00,2025-10-01 23:59:00,,,0.0,,,,1,0,Pre-Fulfillment,Not Processed,0,0,0,1,1,0,Change Address
251001VM5H4PDJ,Selesai,2025-10-01 09:08:00,2025-10-01,2025-10-01 09:09:00,2025-10-01 23:59:00,2025-10-01 19:03:00,2025-10-05 10:27:00,1.0,595.0,87.4,296.0,0,1,Not Cancelled,Normal,0,0,0,1,1,0,Not Cancelled
251001VN5N4WGA,Selesai,2025-10-01 09:26:00,2025-10-01,2025-10-01 09:26:00,2025-10-01 23:59:00,2025-10-01 13:46:00,2025-10-10 19:49:00,0.0,260.0,222.05,613.0,0,1,Not Cancelled,Normal,0,0,0,1,1,0,Not Cancelled
251001VN894TY9,Selesai,2025-10-01 09:28:00,2025-10-01,2025-10-01 09:28:00,2025-10-01 23:59:00,2025-10-01 13:46:00,2025-10-20 21:31:00,0.0,258.0,463.75,613.0,0,1,Not Cancelled,Normal,0,0,0,1,1,0,Not Cancelled
251001VN9YFEB5,Selesai,2025-10-01 09:29:00,2025-10-01,2025-10-01 09:29:00,2025-10-01 12:29:00,2025-10-01 11:34:00,2025-10-05 23:06:00,0.0,125.0,107.53333333333333,55.0,0,1,Not Cancelled,Normal,0,0,0,6,1,1,Not Cancelled
251001VND6GM8K,Selesai,2025-10-01 09:31:00,2025-10-01,2025-10-01 09:31:00,2025-10-01 23:59:00,2025-10-01 13:46:00,2025-10-05 14:05:00,0.0,255.0,96.31666666666666,613.0,0,1,Not Cancelled,Normal,0,0,0,1,1,0,Not Cancelled
251001VP29N28E,Batal,2025-10-01 09:42:00,2025-10-01,2025-10-01 09:42:00,2025-10-01 23:59:00,,,0.0,,,,1,0,Pre-Fulfillment,Not Processed,0,0,0,1,1,0,Other
251001VR38Q9WS,Selesai,2025-10-01 10:19:00,2025-10-01,2025-10-01 10:19:00,2025-10-01 23:59:00,2025-10-01 13:46:00,2025-10-12 15:27:00,0.0,207.0,265.68333333333334,613.0,0,1,Not Cancelled,Normal,0,0,0,1,1,0,Not Cancelled
251001VRPSC98H,Selesai,2025-10-01 10:30:00,2025-10-01,2025-10-01 10:30:00,2025-10-01 23:59:00,2025-10-01 13:46:00,2025-10-14 18:37:00,0.0,196.0,316.85,613.0,0,1,Not Cancelled,Normal,0,0,0,1,1,0,Not Cancelled
251001VS39V5VB,Selesai,2025-10-01 10:37:00,2025-10-01,2025-10-01 10:37:00,2025-10-01 23:59:00,2025-10-01 19:04:00,2025-10-10 20:21:00,0.0,507.0,217.28333333333333,295.0,0,1,Not Cancelled,Normal,0,0,0,1,1,0,Not Cancelled
251001VSHPFFHQ,Selesai,2025-10-01 10:45:00,2025-10-01,2025-10-01 10:45:00,2025-10-01 23:59:00,2025-10-01 13:46:00,2025-10-03 21:28:00,0.0,181.0,55.7,613.0,0,1,Not Cancelled,Normal,0,0,0,1,1,0,Not Cancelled
251001VT6J210E,Selesai,2025-10-01 10:56:00,2025-10-01,2025-10-01 10:57:00,2025-10-01 23:59:00,2025-10-01 15:06:00,2025-10-02 16:05:00,1.0,250.0,24.983333333333334,533.0,0,1,Not Cancelled,Normal,0,0,0,1,1,0,Not Cancelled
251001VU3JWHHV,Selesai,2025-10-01 11:13:00,2025-10-01,2025-10-01 11:13:00,2025-10-01 23:59:00,2025-10-01 13:46:00,2025-10-04 07:28:00,0.0,153.0,65.7,613.0,0,1,Not Cancelled,Normal,0,0,0,1,1,0,Not Cancelled
251001VUSY4EDU,Selesai,2025-10-01 11:25:00,2025-10-01,2025-10-01 11:25:00,2025-10-01 23:59:00,2025-10-01 11:25:00,2025-10-03 07:36:00,0.0,0.0,44.18333333333333,754.0,0,1,Not Cancelled,Normal,0,0,0,1,1,0,Not Cancelled
251001VUX9ETE9,Selesai,2025-10-01 11:28:00,2025-10-01,2025-10-01 11:28:00,2025-10-01 23:59:00,2025-10-01 13:46:00,2025-10-03 20:53:00,0.0,138.0,55.11666666666667,613.0,0,1,Not Cancelled,Normal,0,0,0,1,1,0,Not Cancelled
251001VV45AE06,Selesai,2025-10-01 11:31:00,2025-10-01,2025-10-01 11:31:00,2025-10-01 23:59:00,2025-10-01 13:46:00,2025-10-19 10:53:00,0.0,135.0,429.1166666666667,613.0,0,1,Not Cancelled,Normal,0,0,0,1,1,0,Not Cancelled
251001VV70WK3E,Selesai,2025-10-01 11:32:00,2025-10-01,2025-10-01 11:32:00,2025-10-01 23:59:00,2025-10-01 13:46:00,2025-10-18 12:25:00,0.0,134.0,406.65,613.0,0,1,Not Cancelled,Normal,0,0,0,1,1,0,Not Cancelled
251001VVB89P4J,Selesai,2025-10-01 11:35:00,2025-10-01,2025-10-01 11:35:00,2025-10-01 23:59:00,2025-10-01 11:35:00,2025-10-03 07:23:00,0.0,0.0,43.8,744.0,0,1,Not Cancelled,Normal,0,0,0,1,1,0,Not Cancelled
251001VW1W3WT6,Selesai,2025-10-01 11:47:00,2025-10-01,2025-10-01 11:48:00,2025-10-01 23:59:00,2025-10-01 19:03:00,2025-10-11 09:40:00,1.0,436.0,230.61666666666667,296.0,0,1,Not Cancelled,Normal,0,0,0,1,1,0,Not Cancelled
251001VW2NWCAR,Selesai,2025-10-01 11:48:00,2025-10-01,2025-10-01 11:48:00,2025-10-01 23:59:00,2025-10-01 13:46:00,2025-10-10 20:18:00,0.0,118.0,222.53333333333333,613.0,0,1,Not Cancelled,Normal,0,0,0,1,1,0,Not Cancelled
251001VWEP6186,Selesai,2025-10-01 11:55:00,2025-10-01,2025-10-01 11:56:00,2025-10-01 23:59:00,2025-10-01 13:47:00,2025-10-02 10:21:00,1.0,112.0,20.566666666666666,612.0,0,1,Not Cancelled,Normal,0,0,0,1,1,0,Not Cancelled
251001VXGHKJCF,Selesai,2025-10-01 12:14:00,2025-10-01,2025-10-01 12:14:00,2025-10-02 23:59:00,2025-10-01 15:06:00,2025-10-14 08:40:00,0.0,172.0,305.56666666666666,1973.0,0,1,Not Cancelled,Normal,0,0,0,1,1,0,Not Cancelled
251001VXNY6BF1,Selesai,2025-10-01 12:17:00,2025-10-01,2025-10-01 12:18:00,2025-10-02 23:59:00,2025-10-02 18:38:00,2025-10-10 17:32:00,1.0,1821.0,190.9,321.0,0,1,Not Cancelled,Normal,0,0,0,2,1,0,Not Cancelled
251001VY50RFXS,Selesai,2025-10-01 12:25:00,2025-10-01,2025-10-01 13:24:00,2025-10-02 23:59:00,2025-10-02 18:36:00,2025-10-13 15:14:00,59.0,1811.0,260.6333333333333,323.0,0,1,Not Cancelled,Normal,0,0,0,1,1,0,Not Cancelled
251001VYMND6P4,Selesai,2025-10-01 12:34:00,2025-10-01,2025-10-01 12:34:00,2025-10-02 23:59:00,2025-10-01 15:06:00,2025-10-10 14:36:00,0.0,152.0,215.5,1973.0,0,1,Not Cancelled,Normal,0,0,0,1,1,0,Not Cancelled
251001W0N7U7BY,Selesai,2025-10-01 12:52:00,2025-10-01,2025-10-01 12:52:00,2025-10-02 23:59:00,2025-10-01 19:03:00,2025-10-11 18:16:00,0.0,371.0,239.21666666666667,1736.0,0,1,Not Cancelled,Normal,0,0,0,6,1,0,Not Cancelled
251001W2QT9CPN,Selesai,2025-10-01 13:29:00,2025-10-01,2025-10-01 13:47:00,2025-10-02 23:59:00,2025-10-02 18:36:00,2025-10-04 18:20:00,18.0,1747.0,47.733333333333334,323.0,0,1,Not Cancelled,Normal,0,0,0,1,1,0,Not Cancelled
25100212D1P306,Selesai,2025-10-01 23:55:00,2025-10-01,2025-10-01 23:55:00,2025-10-02 23:59:00,2025-10-01 23:55:00,2025-10-06 08:22:00,0.0,0.0,104.45,1444.0,0,1,Not Cancelled,Normal,0,0,0,1,1,0,Not Cancelled
2510021BBM82B4,Selesai,2025-10-02 02:36:00,2025-10-02,2025-10-02 02:36:00,2025-10-02 23:59:00,2025-10-02 18:37:00,2025-10-12 09:43:00,0.0,961.0,231.1,322.0,0,1,Not Cancelled,Normal,0,0,0,1,1,0,Not Cancelled
2510021CRHDUAC,Selesai,2025-10-02 03:01:00,2025-10-02,2025-10-02 03:01:00,2025-10-02 23:59:00,2025-10-02 18:36:00,2025-10-11 19:06:00,0.0,935.0,216.5,323.0,0,1,Not Cancelled,Normal,0,0,0,1,1,0,Not Cancelled
2510021JVC08PE,Batal,2025-10-02 04:50:00,2025-10-02,2025-10-02 04:50:00,2025-10-02 23:59:00,,,0.0,,,,1,0,Pre-Fulfillment,Not Processed,0,0,0,1,1,0,Other
2510021M2FSSXS,Selesai,2025-10-02 05:11:00,2025-10-02,2025-10-02 05:12:00,2025-10-02 23:59:00,2025-10-02 20:29:00,2025-10-12 22:17:00,1.0,918.0,241.8,210.0,0,1,Not Cancelled,Normal,0,0,0,1,1,0,Not Cancelled
2510021MTFGJNV,Selesai,2025-10-02 05:25:00,2025-10-02,2025-10-02 05:25:00,2025-10-02 23:59:00,2025-10-02 05:25:00,2025-10-10 12:20:00,0.0,0.0,198.91666666666666,1114.0,0,1,Not Cancelled,Normal,0,0,0,1,1,0,Not Cancelled
2510021MUKRH49,Batal,2025-10-02 05:26:00,2025-10-02,,,,,,,,,1,0,Pre-Fulfillment,Not Processed,0,0,0,1,1,0,Change Order
2510021PQ9WEHQ,Selesai,2025-10-02 05:59:00,2025-10-02,2025-10-02 05:59:00,2025-10-02 23:59:00,2025-10-02 18:36:00,2025-10-11 09:25:00,0.0,757.0,206.81666666666666,323.0,0,1,Not Cancelled,Normal,0,0,0,1,1,0,Not Cancelled
2510021QPUWBKG,Selesai,2025-10-02 06:17:00,2025-10-02,2025-10-02 06:17:00,2025-10-02 23:59:00,2025-10-02 18:36:00,2025-10-11 13:20:00,0.0,739.0,210.73333333333332,323.0,0,1,Not Cancelled,Normal,0,0,0,1,1,0,Not Cancelled
2510021R7Y8R5E,Selesai,2025-10-02 06:26:00,2025-10-02,2025-10-02 06:27:00,2025-10-02 23:59:00,2025-10-02 15:17:00,2025-10-04 14:48:00,1.0,531.0,47.516666666666666,522.0,0,1,Not Cancelled,Normal,0,0,0,1,1,0,Not Cancelled
2510021S38V0BP,Batal,2025-10-02 06:41:00,2025-10-02,2025-10-02 06:41:00,2025-10-02 23:59:00,,,0.0,,,,1,0,Pre-Fulfillment,Not Processed,0,0,0,1,1,0,Change Address
2510021TY6NBN7,Selesai,2025-10-02 07:15:00,2025-10-02,2025-10-02 07:15:00,2025-10-02 23:59:00,2025-10-02 18:36:00,2025-10-05 16:59:00,0.0,681.0,70.38333333333334,323.0,0,1,Not Cancelled,Normal,0,0,0,1,1,0,Not Cancelled
2510021U1JYV6X,Selesai,2025-10-02 07:16:00,2025-10-02,2025-10-02 07:16:00,2025-10-02 23:59:00,2025-10-02 18:36:00,2025-10-03 20:44:00,0.0,680.0,26.133333333333333,323.0,0,1,Not Cancelled,Normal,0,0,0,1,1,0,Not Cancelled
2510021UQ7B15N,Selesai,2025-10-02 07:28:00,2025-10-02,2025-10-02 07:29:00,2025-10-02 23:59:00,2025-10-02 18:37:00,2025-10-03 11:04:00,1.0,669.0,16.45,322.0,0,1,Not Cancelled,Normal,0,0,0,1,1,0,Not Cancelled
2510021UTK5H8H,Selesai,2025-10-02 07:30:00,2025-10-02,2025-10-02 07:31:00,2025-10-02 23:59:00,2025-10-02 20:30:00,2025-10-11 15:16:00,1.0,780.0,210.76666666666668,209.0,0,1,Not Cancelled,Normal,0,0,0,1,1,0,Not Cancelled
2510021VWEVQ59,Selesai,2025-10-02 07:50:00,2025-10-02,2025-10-02 07:50:00,2025-10-02 23:59:00,2025-10-02 18:35:00,2025-10-21 12:55:00,0.0,645.0,450.3333333333333,324.0,0,1,Not Cancelled,Normal,0,0,0,1,1,0,Not Cancelled
2510021VWY57YN,Batal,2025-10-02 07:50:00,2025-10-02,,,,,,,,,1,0,Pre-Fulfillment,Not Processed,0,0,0,1,1,0,Unpaid Order
2510021WXT2MAH,Selesai,2025-10-02 08:08:00,2025-10-02,2025-10-02 08:09:00,2025-10-02 23:59:00,2025-10-02 18:36:00,2025-10-10 13:47:00,1.0,628.0,187.18333333333334,323.0,0,1,Not Cancelled,Normal,0,0,0,1,1,0,Not Cancelled
2510021XY5SVGC,Selesai,2025-10-02 08:26:00,2025-10-02,2025-10-02 08:27:00,2025-10-02 23:59:00,2025-10-02 18:37:00,2025-10-10 10:29:00,1.0,611.0,183.86666666666667,322.0,0,1,Not Cancelled,Normal,0,0,0,1,1,0,Not Cancelled
2510021YMT5Q2E,Selesai,2025-10-02 08:39:00,2025-10-02,2025-10-02 08:39:00,2025-10-02 23:59:00,2025-10-02 15:17:00,2025-10-07 16:46:00,0.0,398.0,121.48333333333333,522.0,0,1,Not Cancelled,Normal,0,0,0,1,1,0,Not Cancelled
251002204HQMFK,Selesai,2025-10-02 08:47:00,2025-10-02,2025-10-02 08:48:00,2025-10-02 23:59:00,2025-10-02 18:36:00,2025-10-10 19:07:00,1.0,589.0,192.51666666666668,323.0,0,1,Not Cancelled,Normal,0,0,0,1,1,0,Not Cancelled
25100220MRF6N8,Batal,2025-10-02 08:56:00,2025-10-02,2025-10-02 08:56:00,2025-10-02 23:59:00,,,0.0,,,,1,0,Pre-Fulfillment,Not Processed,0,0,0,1,1,0,Change Address
25100220RJGJN3,Selesai,2025-10-02 08:59:00,2025-10-02,2025-10-02 09:00:00,2025-10-02 23:59:00,2025-10-02 18:37:00,2025-10-29 17:18:00,1.0,578.0,646.6833333333333,322.0,0,1,Not Cancelled,Normal,0,0,0,1,1,0,Not Cancelled
25100221N8WWX3,Batal,2025-10-02 09:15:00,2025-10-02,,,,,,,,,1,0,Pre-Fulfillment,Not Processed,0,0,0,1,1,0,Unpaid Order
251002227XV0MS,Batal,2025-10-02 09:25:00,2025-10-02,2025-10-02 09:25:00,2025-10-02 23:59:00,,,0.0,,,,1,0,Pre-Fulfillment,Not Processed,0,0,0,1,1,0,Change Order
25100224DPH9JN,Selesai,2025-10-02 10:04:00,2025-10-02,2025-10-02 10:04:00,2025-10-02 23:59:00,2025-10-02 18:36:00,2025-10-12 19:31:00,0.0,512.0,240.91666666666666,323.0,0,1,Not Cancelled,Normal,0,0,0,1,1,0,Not Cancelled
25100224DRCSXD,Selesai,2025-10-02 10:04:00,2025-10-02,2025-10-02 10:04:00,2025-10-02 23:59:00,2025-10-02 18:36:00,2025-10-27 10:02:00,0.0,512.0,591.4333333333333,323.0,0,1,Not Cancelled,Normal,0,0,0,1,1,0,Not Cancelled
25100226B140CB,Selesai,2025-10-02 10:38:00,2025-10-02,2025-10-02 10:39:00,2025-10-02 23:59:00,2025-10-02 18:37:00,2025-10-11 15:52:00,1.0,479.0,213.25,322.0,0,1,Not Cancelled,Normal,0,0,0,1,1,0,Not Cancelled
25100227Q1RDFA,Selesai,2025-10-02 11:03:00,2025-10-02,2025-10-02 11:03:00,2025-10-02 23:59:00,2025-10-02 18:35:00,2025-10-11 17:38:00,0.0,452.0,215.05,324.0,0,1,Not Cancelled,Normal,0,0,0,1,1,0,Not Cancelled
25100229MN0813,Batal,2025-10-02 11:37:00,2025-10-02,2025-10-02 11:37:00,2025-10-02 23:59:00,,,0.0,,,,1,0,Pre-Fulfillment,Not Processed,0,0,0,3,2,0,Other
25100229U202BC,Selesai,2025-10-02 11:41:00,2025-10-02,2025-10-02 11:41:00,2025-10-02 23:59:00,2025-10-02 20:29:00,2025-10-14 22:29:00,0.0,528.0,290.0,210.0,0,1,Not Cancelled,Normal,0,0,0,1,1,0,Not Cancelled
25100229UK4UXY,Selesai,2025-10-02 11:41:00,2025-10-02,2025-10-02 11:41:00,2025-10-02 23:59:00,2025-10-02 18:36:00,2025-10-14 14:38:00,0.0,415.0,284.03333333333336,323.0,0,1,Not Cancelled,Normal,0,0,0,1,1,0,Not Cancelled
2510022A37A7M4,Batal,2025-10-02 11:46:00,2025-10-02,2025-10-02 11:46:00,2025-10-02 23:59:00,2025-10-02 20:29:00,,0.0,523.0,,210.0,1,1,Post-Fulfillment Initiation,Normal,0,0,0,2,1,0,Delivery Failed
2510022A8WEN7H,Selesai,2025-10-02 11:49:00,2025-10-02,2025-10-02 11:49:00,2025-10-02 23:59:00,2025-10-02 18:36:00,2025-10-07 19:07:00,0.0,407.0,120.51666666666667,323.0,0,1,Not Cancelled,Normal,0,0,0,1,1,0,Not Cancelled
2510022AHWF01K,Selesai,2025-10-02 11:54:00,2025-10-02,2025-10-02 11:54:00,2025-10-02 23:59:00,2025-10-02 18:37:00,2025-10-07 14:01:00,0.0,403.0,115.4,322.0,0,1,Not Cancelled,Normal,0,0,0,1,1,0,Not Cancelled
2510022AJVWKPW,Selesai,2025-10-02 11:54:00,2025-10-02,2025-10-02 11:54:00,2025-10-02 23:59:00,2025-10-02 18:37:00,2025-10-09 10:32:00,0.0,403.0,159.91666666666666,322.0,0,1,Not Cancelled,Normal,0,0,0,2,1,0,Not Cancelled
2510022BE1R36E,Selesai,2025-10-02 12:10:00,2025-10-02,2025-10-02 12:10:00,2025-10-03 23:59:00,2025-10-02 15:17:00,2025-10-07 07:06:00,0.0,187.0,111.81666666666666,1962.0,0,1,Not Cancelled,Normal,0,0,0,1,1,0,Not Cancelled
2510022BENTF0V,Selesai,2025-10-02 12:10:00,2025-10-02,2025-10-02 12:11:00,2025-10-03 23:59:00,2025-10-02 18:36:00,2025-10-06 10:40:00,1.0,386.0,88.06666666666666,1763.0,0,1,Not Cancelled,Normal,0,0,0,1,1,0,Not Cancelled
2510022BM4BDTC,Selesai,2025-10-02 12:13:00,2025-10-02,2025-10-02 12:13:00,2025-10-03 23:59:00,2025-10-02 18:36:00,2025-10-07 16:44:00,0.0,383.0,118.13333333333334,1763.0,0,1,Not Cancelled,Normal,0,0,0,1,1,0,Not Cancelled
2510022CBA7X1P,Selesai,2025-10-02 12:26:00,2025-10-02,2025-10-02 12:26:00,2025-10-03 23:59:00,2025-10-02 18:36:00,2025-10-03 22:33:00,0.0,370.0,27.95,1763.0,0,1,Not Cancelled,Normal,0,0,0,1,1,0,Not Cancelled
2510022CEP2Q1U,Selesai,2025-10-02 12:28:00,2025-10-02,2025-10-02 12:28:00,2025-10-03 23:59:00,2025-10-02 18:35:00,2025-10-05 16:35:00,0.0,367.0,70.0,1764.0,0,1,Not Cancelled,Normal,0,0,0,1,1,0,Not Cancelled
2510022EH7MDK8,Selesai,2025-10-02 13:05:00,2025-10-02,2025-10-02 13:05:00,2025-10-03 23:59:00,2025-10-02 18:35:00,2025-10-21 12:00:00,0.0,330.0,449.4166666666667,1764.0,0,1,Not Cancelled,Normal,0,0,0,1,1,0,Not Cancelled
2510022EK0SMHX,Selesai,2025-10-02 13:06:00,2025-10-02,2025-10-02 13:07:00,2025-10-03 23:59:00,2025-10-02 18:38:00,2025-10-08 14:43:00,1.0,332.0,140.08333333333334,1761.0,0,1,Not Cancelled,Normal,0,0,0,1,1,0,Not Cancelled
2510022ET3TC0U,Selesai,2025-10-02 13:10:00,2025-10-02,2025-10-02 13:10:00,2025-10-03 23:59:00,2025-10-02 18:35:00,2025-10-05 16:46:00,0.0,325.0,70.18333333333334,1764.0,0,1,Not Cancelled,Normal,0,0,0,1,1,0,Not Cancelled
2510022ETG4V7T,Selesai,2025-10-02 13:10:00,2025-10-02,2025-10-02 13:11:00,2025-10-03 23:59:00,2025-10-02 18:37:00,2025-10-05 02:43:00,1.0,327.0,56.1,1762.0,0,1,Not Cancelled,Normal,0,0,0,1,1,0,Not Cancelled
2510022F8APJ0T,Batal,2025-10-02 13:18:00,2025-10-02,2025-10-02 13:18:00,2025-10-03 23:59:00,,,0.0,,,,1,0,Pre-Fulfillment,Not Processed,0,0,0,1,1,0,Other
2510022GVMCF7S,Selesai,2025-10-02 13:47:00,2025-10-02,2025-10-02 13:47:00,2025-10-03 23:59:00,2025-10-03 17:33:00,2025-10-17 14:12:00,0.0,1666.0,332.65,386.0,0,1,Not Cancelled,Normal,0,0,0,1,1,0,Not Cancelled
2510022HJJANM5,Selesai,2025-10-02 13:59:00,2025-10-02,2025-10-02 14:00:00,2025-10-03 23:59:00,2025-10-02 14:00:00,2025-10-06 19:37:00,1.0,1.0,101.61666666666666,2039.0,0,1,Not Cancelled,Normal,0,0,0,1,1,0,Not Cancelled
2510022HJP2AFT,Selesai,2025-10-02 14:00:00,2025-10-02,2025-10-02 14:24:00,2025-10-03 23:59:00,2025-10-03 17:35:00,2025-10-13 20:42:00,24.0,1655.0,243.11666666666667,384.0,0,1,Not Cancelled,Normal,0,0,0,1,1,0,Not Cancelled
2510022NEQ9G4M,Selesai,2025-10-02 15:09:00,2025-10-02,2025-10-02 15:09:00,2025-10-03 23:59:00,2025-10-03 17:32:00,2025-10-11 16:06:00,0.0,1583.0,190.56666666666666,387.0,0,1,Not Cancelled,Normal,0,0,0,1,1,0,Not Cancelled
2510022P8DBT6D,Selesai,2025-10-02 15:23:00,2025-10-02,2025-10-02 15:23:00,2025-10-03 23:59:00,2025-10-03 17:36:00,2025-10-07 17:18:00,0.0,1573.0,95.7,383.0,0,1,Not Cancelled,Normal,0,0,0,1,1,0,Not Cancelled
2510022REYNNQF,Selesai,2025-10-02 16:03:00,2025-10-02,2025-10-02 16:03:00,2025-10-03 23:59:00,2025-10-03 17:33:00,2025-10-15 18:03:00,0.0,1530.0,288.5,386.0,0,1,Not Cancelled,Normal,0,0,0,1,1,0,Not Cancelled
2510022RH3BS43,Batal,2025-10-02 16:04:00,2025-10-02,2025-10-02 16:04:00,2025-10-03 23:59:00,,,0.0,,,,1,0,Pre-Fulfillment,Not Processed,0,0,0,1,1,0,Other
2510022UQH4R04,Selesai,2025-10-02 17:01:00,2025-10-02,2025-10-02 17:01:00,2025-10-03 23:59:00,2025-10-03 17:33:00,2025-10-13 17:18:00,0.0,1472.0,239.75,386.0,0,1,Not Cancelled,Normal,0,0,0,1,1,0,Not Cancelled
2510022XDJDQVE,Batal,2025-10-02 17:49:00,2025-10-02,2025-10-02 17:49:00,2025-10-03 23:59:00,2025-10-03 17:33:00,,0.0,1424.0,,386.0,1,1,Post-Fulfillment Initiation,Normal,0,0,0,1,1,0,Delivery Failed
2510022XF7TEX2,Selesai,2025-10-02 17:50:00,2025-10-02,2025-10-02 17:51:00,2025-10-03 23:59:00,2025-10-02 17:51:00,2025-10-04 15:10:00,1.0,1.0,45.31666666666667,1808.0,0,1,Not Cancelled,Normal,0,0,0,1,1,0,Not Cancelled
2510022XUCWTF5,Selesai,2025-10-02 17:57:00,2025-10-02,2025-10-02 17:57:00,2025-10-03 23:59:00,2025-10-03 17:31:00,2025-10-13 20:13:00,0.0,1414.0,242.7,388.0,0,1,Not Cancelled,Normal,0,0,0,1,1,0,Not Cancelled
2510022Y2SCGVC,Selesai,2025-10-02 18:01:00,2025-10-02,2025-10-02 18:01:00,2025-10-03 23:59:00,2025-10-03 17:34:00,2025-10-16 11:33:00,0.0,1413.0,305.98333333333335,385.0,0,1,Not Cancelled,Normal,0,0,0,1,1,0,Not Cancelled
2510022Y4T9AVN,Selesai,2025-10-02 18:02:00,2025-10-02,2025-10-02 18:03:00,2025-10-03 23:59:00,2025-10-03 17:32:00,2025-10-12 17:46:00,1.0,1410.0,216.23333333333332,387.0,0,1,Not Cancelled,Normal,0,0,0,1,1,0,Not Cancelled
25100230FW9T9K,Selesai,2025-10-02 18:26:00,2025-10-02,2025-10-02 18:27:00,2025-10-03 23:59:00,2025-10-03 17:34:00,2025-10-08 15:28:00,1.0,1388.0,117.9,385.0,0,1,Not Cancelled,Normal,0,0,0,1,1,0,Not Cancelled
25100230GM5JRP,Selesai,2025-10-02 18:27:00,2025-10-02,2025-10-02 18:27:00,2025-10-03 23:59:00,2025-10-03 17:34:00,2025-10-13 15:49:00,0.0,1387.0,238.25,385.0,0,1,Not Cancelled,Normal,0,0,0,1,1,0,Not Cancelled
251002326DGQVV,Selesai,2025-10-02 18:57:00,2025-10-02,2025-10-02 18:58:00,2025-10-03 23:59:00,2025-10-03 17:34:00,2025-10-13 15:44:00,1.0,1357.0,238.16666666666666,385.0,0,1,Not Cancelled,Normal,0,0,0,1,1,0,Not Cancelled
251002326JB023,Selesai,2025-10-02 18:57:00,2025-10-02,2025-10-02 18:57:00,2025-10-03 23:59:00,2025-10-03 17:33:00,2025-10-11 19:08:00,0.0,1356.0,193.58333333333334,386.0,0,1,Not Cancelled,Normal,0,0,0,1,1,0,Not Cancelled
25100232FHDHPB,Selesai,2025-10-02 19:02:00,2025-10-02,2025-10-02 19:02:00,2025-10-03 23:59:00,2025-10-03 17:33:00,2025-10-15 20:07:00,0.0,1351.0,290.56666666666666,386.0,0,1,Not Cancelled,Normal,0,0,0,1,1,0,Not Cancelled
25100232UHPHBH,Selesai,2025-10-02 19:09:00,2025-10-02,2025-10-02 19:09:00,2025-10-03 23:59:00,2025-10-03 17:32:00,2025-10-11 15:33:00,0.0,1343.0,190.01666666666668,387.0,0,1,Not Cancelled,Normal,0,0,0,2,2,0,Not Cancelled
25100232WU4BP4,Selesai,2025-10-02 19:10:00,2025-10-02,2025-10-02 19:10:00,2025-10-03 23:59:00,2025-10-03 17:35:00,2025-10-11 21:45:00,0.0,1345.0,196.16666666666666,384.0,0,1,Not Cancelled,Normal,0,0,0,1,1,0,Not Cancelled
25100233D4BU0S,Selesai,2025-10-02 19:19:00,2025-10-02,2025-10-02 19:19:00,2025-10-03 23:59:00,2025-10-02 19:19:00,2025-10-10 10:19:00,0.0,0.0,183.0,1720.0,0,1,Not Cancelled,Normal,0,0,0,1,1,0,Not Cancelled
2510023605996G,Batal,2025-10-02 20:05:00,2025-10-02,,,,,,,,,1,0,Pre-Fulfillment,Not Processed,0,0,0,1,1,0,Change Address
25100236P27FGC,Selesai,2025-10-02 20:17:00,2025-10-02,2025-10-02 20:17:00,2025-10-03 23:59:00,2025-10-03 17:34:00,2025-10-06 23:02:00,0.0,1277.0,77.46666666666667,385.0,0,1,Not Cancelled,Normal,0,0,0,1,1,0,Not Cancelled
251002388KQNAH,Selesai,2025-10-02 20:45:00,2025-10-02,2025-10-02 20:46:00,2025-10-03 23:59:00,2025-10-02 20:46:00,2025-10-07 09:11:00,1.0,1.0,108.41666666666667,1633.0,0,1,Not Cancelled,Normal,0,0,0,1,1,0,Not Cancelled
25100238S06X3A,Selesai,2025-10-02 20:55:00,2025-10-02,2025-10-02 21:04:00,2025-10-03 23:59:00,2025-10-03 17:33:00,2025-10-06 08:13:00,9.0,1238.0,62.666666666666664,386.0,0,1,Not Cancelled,Normal,0,0,0,2,2,0,Not Cancelled
25100239AD56VM,Selesai,2025-10-02 21:04:00,2025-10-02,2025-10-02 21:04:00,2025-10-03 23:59:00,2025-10-03 17:32:00,2025-10-13 11:48:00,0.0,1228.0,234.26666666666668,387.0,0,1,Not Cancelled,Normal,0,0,0,1,1,0,Not Cancelled
2510023D7925C0,Batal,2025-10-02 22:14:00,2025-10-02,,,,,,,,,1,0,Pre-Fulfillment,Not Processed,0,0,0,1,1,0,Change Address
2510023DA4MWJC,Selesai,2025-10-02 22:16:00,2025-10-02,2025-10-02 22:18:00,2025-10-03 23:59:00,2025-10-03 17:33:00,2025-10-06 19:59:00,2.0,1157.0,74.43333333333334,386.0,0,1,Not Cancelled,Normal,0,0,0,1,1,0,Not Cancelled
2510023DW0AHXX,Selesai,2025-10-02 22:26:00,2025-10-02,2025-10-02 22:26:00,2025-10-03 23:59:00,2025-10-03 17:36:00,2025-10-17 14:46:00,0.0,1150.0,333.1666666666667,383.0,0,1,Not Cancelled,Normal,0,0,0,1,1,0,Not Cancelled
2510033FRW7C6G,Selesai,2025-10-02 23:00:00,2025-10-02,2025-10-02 23:00:00,2025-10-03 23:59:00,2025-10-03 17:32:00,2025-10-12 11:00:00,0.0,1112.0,209.46666666666667,387.0,0,1,Not Cancelled,Normal,0,0,0,1,1,0,Not Cancelled
2510033GHG016X,Selesai,2025-10-02 23:14:00,2025-10-02,2025-10-02 23:15:00,2025-10-03 23:59:00,2025-10-03 17:33:00,2025-10-11 16:47:00,1.0,1099.0,191.23333333333332,386.0,0,1,Not Cancelled,Normal,0,0,0,1,1,0,Not Cancelled
2510033HJ37RGP,Selesai,2025-10-02 23:32:00,2025-10-02,2025-10-02 23:32:00,2025-10-03 23:59:00,2025-10-03 17:32:00,2025-10-18 13:44:00,0.0,1080.0,356.2,387.0,0,1,Not Cancelled,Normal,0,0,0,1,1,0,Not Cancelled
2510033JDXWR5F,Selesai,2025-10-02 23:47:00,2025-10-02,2025-10-02 23:48:00,2025-10-03 23:59:00,2025-10-03 17:34:00,2025-10-12 09:50:00,1.0,1067.0,208.26666666666668,385.0,0,1,Not Cancelled,Normal,0,0,0,1,1,0,Not Cancelled
2510033S2811P6,Selesai,2025-10-03 01:46:00,2025-10-03,2025-10-03 01:46:00,2025-10-03 23:59:00,2025-10-03 17:32:00,2025-10-08 10:15:00,0.0,946.0,112.71666666666667,387.0,0,1,Not Cancelled,Normal,0,0,0,1,1,0,Not Cancelled
2510033WWEQR9K,Selesai,2025-10-03 03:13:00,2025-10-03,2025-10-03 03:13:00,2025-10-03 23:59:00,2025-10-03 17:32:00,2025-10-08 19:07:00,0.0,859.0,121.58333333333333,387.0,0,1,Not Cancelled,Normal,0,0,0,1,1,0,Not Cancelled
25100344GT5YJ2,Batal,2025-10-03 05:11:00,2025-10-03,2025-10-03 05:11:00,2025-10-03 23:59:00,,,0.0,,,,1,0,Pre-Fulfillment,Not Processed,0,0,0,1,1,0,Change Order
25100348EHQE82,Selesai,2025-10-03 06:21:00,2025-10-03,2025-10-03 06:22:00,2025-10-03 23:59:00,2025-10-03 17:33:00,2025-10-04 14:11:00,1.0,672.0,20.633333333333333,386.0,0,1,Not Cancelled,Normal,0,0,0,1,1,0,Not Cancelled
25100348J8VX4P,Selesai,2025-10-03 06:24:00,2025-10-03,2025-10-03 06:24:00,2025-10-03 23:59:00,2025-10-03 17:35:00,2025-10-10 14:40:00,0.0,671.0,165.08333333333334,384.0,0,1,Not Cancelled,Normal,0,0,0,1,1,0,Not Cancelled
251003499SD0TC,Selesai,2025-10-03 06:37:00,2025-10-03,2025-10-03 06:37:00,2025-10-03 23:59:00,2025-10-03 17:34:00,2025-10-11 17:50:00,0.0,657.0,192.26666666666668,385.0,0,1,Not Cancelled,Normal,0,0,0,1,1,0,Not Cancelled
25100349U4F0RU,Selesai,2025-10-03 06:46:00,2025-10-03,2025-10-03 06:47:00,2025-10-03 23:59:00,2025-10-03 17:34:00,2025-10-08 14:45:00,1.0,648.0,117.18333333333334,385.0,0,1,Not Cancelled,Normal,0,0,0,1,1,0,Not Cancelled
2510034BDH3HK1,Batal,2025-10-03 07:15:00,2025-10-03,2025-10-03 07:15:00,2025-10-03 23:59:00,,,0.0,,,,1,0,Pre-Fulfillment,Not Processed,0,0,0,1,1,0,Other
2510034D01K1P6,Selesai,2025-10-03 07:43:00,2025-10-03,2025-10-03 07:43:00,2025-10-03 23:59:00,2025-10-03 17:34:00,2025-10-05 15:09:00,0.0,591.0,45.583333333333336,385.0,0,1,Not Cancelled,Normal,0,0,0,1,1,0,Not Cancelled
2510034E8KGK0P,Selesai,2025-10-03 08:06:00,2025-10-03,2025-10-03 10:24:00,2025-10-03 23:59:00,2025-10-03 17:33:00,2025-10-11 15:49:00,138.0,567.0,190.26666666666668,386.0,0,1,Not Cancelled,Normal,0,0,0,1,1,0,Not Cancelled
2510034FG42JT8,Selesai,2025-10-03 08:28:00,2025-10-03,2025-10-03 08:28:00,2025-10-03 23:59:00,2025-10-03 17:33:00,2025-10-17 09:48:00,0.0,545.0,328.25,386.0,0,1,Not Cancelled,Normal,0,0,0,1,1,0,Not Cancelled
2510034FHF1XWF,Selesai,2025-10-03 08:28:00,2025-10-03,2025-10-03 08:28:00,2025-10-03 23:59:00,2025-10-03 17:33:00,2025-10-14 12:31:00,0.0,545.0,258.96666666666664,386.0,0,1,Not Cancelled,Normal,0,0,0,2,2,0,Not Cancelled
2510034GV1U4WP,Selesai,2025-10-03 08:52:00,2025-10-03,2025-10-03 08:52:00,2025-10-03 23:59:00,2025-10-03 17:34:00,2025-10-08 10:58:00,0.0,522.0,113.4,385.0,0,1,Not Cancelled,Normal,0,0,0,1,1,0,Not Cancelled
2510034H645JGB,Selesai,2025-10-03 08:58:00,2025-10-03,2025-10-03 08:59:00,2025-10-03 23:59:00,2025-10-03 15:38:00,2025-10-11 21:32:00,1.0,400.0,197.9,501.0,0,1,Not Cancelled,Normal,0,0,0,2,1,0,Not Cancelled
2510034HFEMTQC,Selesai,2025-10-03 09:03:00,2025-10-03,2025-10-03 09:03:00,2025-10-03 23:59:00,2025-10-03 17:33:00,2025-10-08 05:23:00,0.0,510.0,107.83333333333333,386.0,0,1,Not Cancelled,Normal,0,0,0,1,1,0,Not Cancelled
2510034HMHQD02,Selesai,2025-10-03 09:06:00,2025-10-03,2025-10-03 09:06:00,2025-10-03 23:59:00,2025-10-03 17:32:00,2025-10-28 20:11:00,0.0,506.0,602.65,387.0,0,1,Not Cancelled,Normal,0,0,0,1,1,0,Not Cancelled
2510034K4CCGWA,Selesai,2025-10-03 09:33:00,2025-10-03,2025-10-03 09:33:00,2025-10-03 23:59:00,2025-10-03 17:49:00,2025-10-17 16:57:00,0.0,496.0,335.1333333333333,370.0,0,1,Not Cancelled,Normal,0,0,0,1,1,0,Not Cancelled
2510034K9R2R0W,Selesai,2025-10-03 09:36:00,2025-10-03,2025-10-03 09:36:00,2025-10-03 23:59:00,2025-10-03 17:33:00,2025-10-05 13:26:00,0.0,477.0,43.88333333333333,386.0,0,1,Not Cancelled,Normal,0,0,0,3,2,0,Not Cancelled
2510034KRTKPP9,Selesai,2025-10-03 09:44:00,2025-10-03,2025-10-03 09:44:00,2025-10-03 23:59:00,2025-10-03 17:35:00,2025-10-10 12:53:00,0.0,471.0,163.3,384.0,0,1,Not Cancelled,Normal,0,0,0,1,1,0,Not Cancelled
2510034M1KXM2A,Selesai,2025-10-03 09:49:00,2025-10-03,2025-10-03 09:49:00,2025-10-03 23:59:00,2025-10-03 17:34:00,2025-10-06 14:42:00,0.0,465.0,69.13333333333334,385.0,0,1,Not Cancelled,Normal,0,0,0,1,1,0,Not Cancelled
2510034MJR89P1,Selesai,2025-10-03 09:59:00,2025-10-03,2025-10-03 09:59:00,2025-10-03 23:59:00,2025-10-03 17:49:00,2025-10-12 12:00:00,0.0,470.0,210.18333333333334,370.0,0,1,Not Cancelled,Normal,0,0,0,1,1,0,Not Cancelled
2510034MPCKGXQ,Selesai,2025-10-03 10:01:00,2025-10-03,2025-10-03 10:02:00,2025-10-03 23:59:00,2025-10-03 17:32:00,2025-10-13 11:45:00,1.0,451.0,234.21666666666667,387.0,0,1,Not Cancelled,Normal,0,0,0,1,1,0,Not Cancelled
2510034P0D9RAF,Selesai,2025-10-03 10:24:00,2025-10-03,2025-10-03 10:25:00,2025-10-03 23:59:00,2025-10-03 17:49:00,2025-10-06 07:20:00,1.0,445.0,61.516666666666666,370.0,0,1,Not Cancelled,Normal,0,0,0,1,1,0,Not Cancelled
2510034PREXVM2,Selesai,2025-10-03 10:38:00,2025-10-03,2025-10-03 10:38:00,2025-10-03 23:59:00,2025-10-03 17:34:00,2025-10-13 15:17:00,0.0,416.0,237.71666666666667,385.0,0,1,Not Cancelled,Normal,0,0,0,1,1,0,Not Cancelled
2510034PWAD1UT,Selesai,2025-10-03 10:40:00,2025-10-03,2025-10-03 10:41:00,2025-10-03 23:59:00,2025-10-03 15:38:00,2025-10-13 21:14:00,1.0,298.0,245.6,501.0,0,1,Not Cancelled,Normal,0,0,0,1,1,0,Not Cancelled
2510034Q7GGGXQ,Selesai,2025-10-03 10:46:00,2025-10-03,2025-10-03 10:46:00,2025-10-03 23:59:00,2025-10-03 15:38:00,2025-10-05 03:35:00,0.0,292.0,35.95,501.0,0,1,Not Cancelled,Normal,0,0,0,1,1,0,Not Cancelled
2510034QAW7J3T,Selesai,2025-10-03 10:48:00,2025-10-03,2025-10-03 10:48:00,2025-10-03 23:59:00,2025-10-03 15:38:00,2025-10-05 10:31:00,0.0,290.0,42.88333333333333,501.0,0,1,Not Cancelled,Normal,0,0,0,1,1,0,Not Cancelled
2510034QHHW409,Selesai,2025-10-03 10:52:00,2025-10-03,2025-10-03 10:52:00,2025-10-03 23:59:00,2025-10-03 17:34:00,2025-10-12 22:17:00,0.0,402.0,220.71666666666667,385.0,0,1,Not Cancelled,Normal,0,0,0,1,1,0,Not Cancelled
2510034RBV1C3T,Selesai,2025-10-03 11:06:00,2025-10-03,2025-10-03 11:06:00,2025-10-03 23:59:00,2025-10-03 11:06:00,2025-10-05 00:48:00,0.0,0.0,37.7,773.0,0,1,Not Cancelled,Normal,0,0,0,1,1,0,Not Cancelled
2510034SXHABBC,Selesai,2025-10-03 11:35:00,2025-10-03,2025-10-03 11:37:00,2025-10-03 23:59:00,2025-10-03 15:38:00,2025-10-06 10:36:00,2.0,243.0,66.96666666666667,501.0,0,1,Not Cancelled,Normal,0,1,1,1,1,0,Not Cancelled
2510034SYNFND1,Selesai,2025-10-03 11:35:00,2025-10-03,2025-10-03 11:35:00,2025-10-03 23:59:00,2025-10-03 17:34:00,2025-10-14 13:41:00,0.0,359.0,260.1166666666667,385.0,0,1,Not Cancelled,Normal,0,0,0,1,1,0,Not Cancelled
2510034TR6C5SU,Selesai,2025-10-03 11:49:00,2025-10-03,2025-10-03 11:49:00,2025-10-03 23:59:00,2025-10-03 17:50:00,2025-10-12 20:27:00,0.0,361.0,218.61666666666667,369.0,0,1,Not Cancelled,Normal,0,0,0,1,1,0,Not Cancelled
2510034TS8QVYX,Selesai,2025-10-03 11:50:00,2025-10-03,2025-10-03 11:50:00,2025-10-03 23:59:00,2025-10-03 17:35:00,2025-10-13 17:12:00,0.0,345.0,239.61666666666667,384.0,0,1,Not Cancelled,Normal,0,0,0,1,1,0,Not Cancelled
2510034TYQPQ53,Selesai,2025-10-03 11:53:00,2025-10-03,2025-10-03 11:53:00,2025-10-03 23:59:00,2025-10-03 17:33:00,2025-10-06 17:51:00,0.0,340.0,72.3,386.0,0,1,Not Cancelled,Normal,0,0,0,1,1,0,Not Cancelled
2510034U4J65QB,Selesai,2025-10-03 11:56:00,2025-10-03,2025-10-03 11:58:00,2025-10-03 23:59:00,2025-10-03 17:49:00,2025-10-14 21:37:00,2.0,353.0,267.8,370.0,0,1,Not Cancelled,Normal,0,0,0,1,1,0,Not Cancelled
2510034UC69VWH,Selesai,2025-10-03 12:00:00,2025-10-03,2025-10-03 12:01:00,2025-10-06 23:59:00,2025-10-03 17:33:00,2025-10-10 14:45:00,1.0,333.0,165.2,4706.0,0,1,Not Cancelled,Normal,0,0,0,1,1,0,Not Cancelled
2510034UN5AHFK,Selesai,2025-10-03 12:05:00,2025-10-03,2025-10-03 12:05:00,2025-10-06 23:59:00,2025-10-03 17:35:00,2025-10-27 09:58:00,0.0,330.0,568.3833333333333,4704.0,0,1,Not Cancelled,Normal,0,0,0,1,1,0,Not Cancelled
2510034VEPM968,Selesai,2025-10-03 12:19:00,2025-10-03,2025-10-03 12:20:00,2025-10-06 23:59:00,2025-10-04 18:43:00,2025-10-07 17:44:00,1.0,1824.0,71.01666666666667,3196.0,0,1,Not Cancelled,Normal,0,0,0,1,1,0,Not Cancelled
2510034WDU7YX1,Selesai,2025-10-03 12:37:00,2025-10-03,2025-10-03 12:37:00,2025-10-06 23:59:00,2025-10-03 17:34:00,2025-10-14 17:30:00,0.0,297.0,263.93333333333334,4705.0,0,1,Not Cancelled,Normal,0,0,0,1,1,0,Not Cancelled
2510034WHEM1GX,Selesai,2025-10-03 12:39:00,2025-10-03,2025-10-03 12:39:00,2025-10-06 23:59:00,2025-10-03 17:33:00,2025-10-13 13:43:00,0.0,294.0,236.16666666666666,4706.0,0,1,Not Cancelled,Normal,0,0,0,1,1,0,Not Cancelled
2510034XAEQDP8,Selesai,2025-10-03 12:53:00,2025-10-03,2025-10-03 12:53:00,2025-10-06 23:59:00,2025-10-04 18:43:00,2025-10-09 11:47:00,0.0,1790.0,113.06666666666666,3196.0,0,1,Not Cancelled,Normal,0,0,0,1,1,0,Not Cancelled
2510034Y44V6VR,Selesai,2025-10-03 13:07:00,2025-10-03,2025-10-03 13:08:00,2025-10-06 23:59:00,2025-10-03 15:38:00,2025-10-13 14:22:00,1.0,151.0,238.73333333333332,4821.0,0,1,Not Cancelled,Normal,0,0,0,1,1,0,Not Cancelled
25100350S98DAW,Selesai,2025-10-03 13:37:00,2025-10-03,2025-10-03 13:37:00,2025-10-06 23:59:00,2025-10-04 18:41:00,2025-10-14 13:06:00,0.0,1744.0,234.41666666666666,3198.0,0,1,Not Cancelled,Normal,0,0,0,2,1,0,Not Cancelled
25100351D96MEN,Batal,2025-10-03 13:48:00,2025-10-03,,,,,,,,,1,0,Pre-Fulfillment,Not Processed,0,0,0,1,1,0,Change Address
25100351H71EVA,Selesai,2025-10-03 13:50:00,2025-10-03,2025-10-03 13:50:00,2025-10-06 23:59:00,2025-10-04 18:44:00,2025-10-18 13:38:00,0.0,1734.0,330.9,3195.0,0,1,Not Cancelled,Normal,0,0,0,1,1,0,Not Cancelled
25100351JB7UFP,Selesai,2025-10-03 13:51:00,2025-10-03,2025-10-03 13:51:00,2025-10-06 23:59:00,2025-10-04 18:43:00,2025-10-14 13:44:00,0.0,1732.0,235.01666666666668,3196.0,0,1,Not Cancelled,Normal,0,0,0,1,1,0,Not Cancelled
251003529YJKXG,Selesai,2025-10-03 14:04:00,2025-10-03,2025-10-03 14:04:00,2025-10-06 23:59:00,2025-10-06 21:30:00,2025-10-07 19:28:00,0.0,4766.0,21.966666666666665,149.0,0,1,Not Cancelled,Critical,0,0,0,1,1,0,Not Cancelled
2510035467V6E8,Batal,2025-10-03 14:38:00,2025-10-03,,,,,,,,,1,0,Pre-Fulfillment,Not Processed,0,0,0,1,1,0,Change Address
25100354A8K56K,Selesai,2025-10-03 14:40:00,2025-10-03,2025-10-03 14:40:00,2025-10-06 23:59:00,2025-10-04 18:44:00,2025-10-14 15:25:00,0.0,1684.0,236.68333333333334,3195.0,0,1,Not Cancelled,Normal,0,0,0,1,1,0,Not Cancelled
2510035538QC6D,Selesai,2025-10-03 14:54:00,2025-10-03,2025-10-03 14:54:00,2025-10-06 23:59:00,2025-10-04 18:43:00,2025-10-16 11:30:00,0.0,1669.0,280.78333333333336,3196.0,0,1,Not Cancelled,Normal,0,0,0,1,1,0,Not Cancelled
25100356AKJY60,Selesai,2025-10-03 15:16:00,2025-10-03,2025-10-03 15:16:00,2025-10-06 23:59:00,2025-10-04 18:53:00,2025-10-13 09:40:00,0.0,1657.0,206.78333333333333,3186.0,0,1,Not Cancelled,Normal,0,0,0,1,1,0,Not Cancelled
25100356EAUQ0F,Selesai,2025-10-03 15:18:00,2025-10-03,2025-10-03 15:18:00,2025-10-06 23:59:00,2025-10-04 18:43:00,2025-10-14 18:41:00,0.0,1645.0,239.96666666666667,3196.0,0,1,Not Cancelled,Normal,0,0,0,1,1,0,Not Cancelled
25100356TA7Q9J,Selesai,2025-10-03 15:25:00,2025-10-03,2025-10-03 15:25:00,2025-10-06 23:59:00,2025-10-04 18:44:00,2025-10-07 10:59:00,0.0,1639.0,64.25,3195.0,0,1,Not Cancelled,Normal,0,0,0,1,1,0,Not Cancelled
25100356W0YFAJ,Selesai,2025-10-03 15:26:00,2025-10-03,2025-10-03 15:27:00,2025-10-06 23:59:00,2025-10-04 18:43:00,2025-10-07 16:37:00,1.0,1637.0,69.9,3196.0,0,1,Not Cancelled,Normal,0,0,0,2,2,0,Not Cancelled
251003570FJ5R6,Selesai,2025-10-03 15:28:00,2025-10-03,2025-10-03 15:28:00,2025-10-06 23:59:00,2025-10-04 18:44:00,2025-10-13 14:22:00,0.0,1636.0,211.63333333333333,3195.0,0,1,Not Cancelled,Normal,0,0,0,1,1,0,Not Cancelled
251003577YXPFC,Selesai,2025-10-03 15:33:00,2025-10-03,2025-10-03 15:33:00,2025-10-06 23:59:00,2025-10-04 18:43:00,2025-10-12 22:46:00,0.0,1630.0,196.05,3196.0,0,1,Not Cancelled,Normal,0,0,0,1,1,0,Not Cancelled
25100359E6SV2R,Selesai,2025-10-03 16:12:00,2025-10-03,2025-10-03 16:12:00,2025-10-06 23:59:00,2025-10-04 18:44:00,2025-10-16 14:37:00,0.0,1592.0,283.8833333333333,3195.0,0,1,Not Cancelled,Normal,0,0,0,1,1,0,Not Cancelled
2510035BENHEE2,Batal,2025-10-03 16:48:00,2025-10-03,2025-10-03 16:48:00,2025-10-06 23:59:00,,,0.0,,,,1,0,Pre-Fulfillment,Not Processed,0,0,0,1,1,0,Change Order
2510035BHYDG6J,Selesai,2025-10-03 16:50:00,2025-10-03,2025-10-03 16:50:00,2025-10-06 23:59:00,2025-10-04 18:44:00,2025-10-16 11:58:00,0.0,1554.0,281.23333333333335,3195.0,0,1,Not Cancelled,Normal,0,0,0,1,1,0,Not Cancelled
2510035CA3VKC3,Selesai,2025-10-03 17:03:00,2025-10-03,2025-10-03 17:03:00,2025-10-06 23:59:00,2025-10-04 18:44:00,2025-10-18 14:48:00,0.0,1541.0,332.06666666666666,3195.0,0,1,Not Cancelled,Normal,0,0,0,1,1,0,Not Cancelled
2510035CX9JX3J,Selesai,2025-10-03 17:15:00,2025-10-03,2025-10-03 17:15:00,2025-10-06 23:59:00,2025-10-04 18:44:00,2025-10-18 18:11:00,0.0,1529.0,335.45,3195.0,0,1,Not Cancelled,Normal,0,0,0,1,1,0,Not Cancelled
2510035CY744DU,Selesai,2025-10-03 17:15:00,2025-10-03,2025-10-03 17:15:00,2025-10-06 23:59:00,2025-10-04 18:43:00,2025-10-06 15:39:00,0.0,1528.0,44.93333333333333,3196.0,0,1,Not Cancelled,Normal,0,0,0,1,1,0,Not Cancelled
2510035DVBRTSN,Batal,2025-10-03 17:31:00,2025-10-03,2025-10-03 17:32:00,2025-10-06 23:59:00,,,1.0,,,,1,0,Pre-Fulfillment,Not Processed,0,0,0,1,1,0,Other
2510035E376037,Selesai,2025-10-03 17:35:00,2025-10-03,2025-10-03 17:35:00,2025-10-06 23:59:00,2025-10-04 18:45:00,2025-10-21 13:14:00,0.0,1510.0,402.48333333333335,3194.0,0,1,Not Cancelled,Normal,0,0,0,1,1,0,Not Cancelled
2510035EC3AEJF,Selesai,2025-10-03 17:40:00,2025-10-03,2025-10-03 17:41:00,2025-10-06 23:59:00,2025-10-04 18:43:00,2025-10-05 14:00:00,1.0,1503.0,19.283333333333335,3196.0,0,1,Not Cancelled,Normal,0,0,0,1,1,0,Not Cancelled
2510035EM11CE7,Selesai,2025-10-03 17:45:00,2025-10-03,2025-10-03 17:45:00,2025-10-06 23:59:00,2025-10-04 18:42:00,2025-10-15 15:47:00,0.0,1497.0,261.0833333333333,3197.0,0,1,Not Cancelled,Normal,0,0,0,1,1,0,Not Cancelled
2510035F1XBX9X,Selesai,2025-10-03 17:52:00,2025-10-03,2025-10-03 17:53:00,2025-10-06 23:59:00,2025-10-04 18:44:00,2025-10-14 19:04:00,1.0,1492.0,240.33333333333334,3195.0,0,1,Not Cancelled,Normal,0,0,0,1,1,0,Not Cancelled
2510035FPM84JT,Selesai,2025-10-03 18:04:00,2025-10-03,2025-10-03 18:04:00,2025-10-06 23:59:00,2025-10-04 18:43:00,2025-10-05 16:20:00,0.0,1479.0,21.616666666666667,3196.0,0,1,Not Cancelled,Normal,0,0,0,1,1,0,Not Cancelled
2510035FUW09DE,Selesai,2025-10-03 18:07:00,2025-10-03,2025-10-03 18:07:00,2025-10-06 23:59:00,2025-10-04 18:44:00,2025-10-16 17:21:00,0.0,1477.0,286.6166666666667,3195.0,0,1,Not Cancelled,Normal,0,0,0,1,1,0,Not Cancelled
2510035GB59N0G,Selesai,2025-10-03 18:15:00,2025-10-03,2025-10-03 18:15:00,2025-10-06 23:59:00,2025-10-03 18:15:00,2025-10-13 12:13:00,0.0,0.0,233.96666666666667,4664.0,0,1,Not Cancelled,Normal,0,0,0,1,1,0,Not Cancelled
2510035GWEWQ0D,Selesai,2025-10-03 18:26:00,2025-10-03,2025-10-03 18:26:00,2025-10-06 23:59:00,2025-10-04 15:33:00,2025-10-09 17:26:00,0.0,1267.0,121.88333333333334,3386.0,0,1,Not Cancelled,Normal,0,0,0,1,1,0,Not Cancelled
2510035HNFJPE4,Batal,2025-10-03 18:39:00,2025-10-03,2025-10-03 18:39:00,2025-10-06 23:59:00,,,0.0,,,,1,0,Pre-Fulfillment,Not Processed,0,0,0,1,1,0,Change Order
2510035MDX36WA,Selesai,2025-10-03 19:29:00,2025-10-03,2025-10-03 19:29:00,2025-10-06 23:59:00,2025-10-04 15:33:00,2025-10-12 23:42:00,0.0,1204.0,200.15,3386.0,0,1,Not Cancelled,Normal,0,0,0,1,1,0,Not Cancelled
2510035N2MUEY9,Batal,2025-10-03 19:40:00,2025-10-03,2025-10-03 19:40:00,2025-10-06 23:59:00,,,0.0,,,,1,0,Pre-Fulfillment,Not Processed,0,0,0,1,1,0,Other
2510035N3XTB27,Selesai,2025-10-03 19:41:00,2025-10-03,2025-10-03 19:41:00,2025-10-06 23:59:00,2025-10-04 18:41:00,2025-10-23 14:07:00,0.0,1380.0,451.43333333333334,3198.0,0,1,Not Cancelled,Normal,0,0,0,2,1,0,Not Cancelled
2510035N6CYE95,Selesai,2025-10-03 19:42:00,2025-10-03,2025-10-03 19:42:00,2025-10-06 23:59:00,2025-10-04 18:43:00,2025-10-13 10:35:00,0.0,1381.0,207.86666666666667,3196.0,0,1,Not Cancelled,Normal,0,0,0,1,1,0,Not Cancelled
2510035NQTX00X,Selesai,2025-10-03 19:52:00,2025-10-03,2025-10-03 19:52:00,2025-10-06 23:59:00,2025-10-06 21:30:00,2025-10-16 17:58:00,0.0,4418.0,236.46666666666667,149.0,0,1,Not Cancelled,Critical,0,0,0,1,1,0,Not Cancelled
2510035P64QCSN,Selesai,2025-10-03 20:00:00,2025-10-03,2025-10-03 20:06:00,2025-10-06 23:59:00,2025-10-04 18:44:00,2025-10-14 00:06:00,6.0,1364.0,221.36666666666667,3195.0,0,1,Not Cancelled,Normal,0,0,0,1,1,0,Not Cancelled
2510035Q0KGS7M,Selesai,2025-10-03 20:15:00,2025-10-03,2025-10-03 20:15:00,2025-10-06 23:59:00,2025-10-03 20:15:00,2025-10-13 23:21:00,0.0,0.0,243.1,4544.0,0,1,Not Cancelled,Normal,0,0,0,1,1,0,Not Cancelled
2510035Q4UWHB9,Batal,2025-10-03 20:17:00,2025-10-03,2025-10-03 20:17:00,2025-10-06 23:59:00,,,0.0,,,,1,0,Pre-Fulfillment,Not Processed,0,0,0,1,1,0,Other
2510035Q8G7N3U,Selesai,2025-10-03 20:19:00,2025-10-03,2025-10-03 20:19:00,2025-10-06 23:59:00,2025-10-04 18:43:00,2025-10-24 17:28:00,0.0,1344.0,478.75,3196.0,0,1,Not Cancelled,Normal,0,0,0,1,1,0,Not Cancelled
2510035RNWPBGY,Batal,2025-10-03 20:45:00,2025-10-03,,,,,,,,,1,0,Pre-Fulfillment,Not Processed,0,0,0,1,1,0,Changed Mind
2510035S6TCV10,Selesai,2025-10-03 20:54:00,2025-10-03,2025-10-03 20:54:00,2025-10-06 23:59:00,2025-10-04 18:44:00,2025-10-14 14:41:00,0.0,1310.0,235.95,3195.0,0,1,Not Cancelled,Normal,0,0,0,1,1,0,Not Cancelled
2510035SBD8912,Selesai,2025-10-03 20:57:00,2025-10-03,2025-10-03 20:57:00,2025-10-06 23:59:00,2025-10-04 18:43:00,2025-10-07 20:51:00,0.0,1306.0,74.13333333333334,3196.0,0,1,Not Cancelled,Normal,0,0,0,1,1,0,Not Cancelled
2510035U1UK32W,Batal,2025-10-03 21:27:00,2025-10-03,,,,,,,,,1,0,Pre-Fulfillment,Not Processed,0,0,0,1,1,0,Unpaid Order
2510035VERTJ45,Selesai,2025-10-03 21:52:00,2025-10-03,2025-10-03 21:52:00,2025-10-06 23:59:00,2025-10-04 18:42:00,2025-10-17 17:33:00,0.0,1250.0,310.85,3197.0,0,1,Not Cancelled,Normal,0,0,0,1,1,0,Not Cancelled
2510035VVCNQ9D,Selesai,2025-10-03 22:00:00,2025-10-03,2025-10-03 22:00:00,2025-10-06 23:59:00,2025-10-04 18:43:00,2025-10-07 09:23:00,0.0,1243.0,62.666666666666664,3196.0,0,1,Not Cancelled,Normal,0,0,0,1,1,0,Not Cancelled
2510035Y8N4NNA,Selesai,2025-10-03 22:42:00,2025-10-03,2025-10-03 22:43:00,2025-10-06 23:59:00,2025-10-06 18:03:00,2025-10-12 15:41:00,1.0,4041.0,141.63333333333333,356.0,0,1,Not Cancelled,Critical,0,0,0,1,1,0,Not Cancelled
251003601352SV,Selesai,2025-10-03 22:56:00,2025-10-03,2025-10-03 22:56:00,2025-10-06 23:59:00,2025-10-04 18:47:00,2025-10-15 23:03:00,0.0,1191.0,268.26666666666665,3192.0,0,1,Not Cancelled,Normal,0,0,0,1,1,0,Not Cancelled
25100460MRFQDS,Batal,2025-10-03 23:07:00,2025-10-03,2025-10-03 23:07:00,2025-10-06 23:59:00,,,0.0,,,,1,0,Pre-Fulfillment,Not Processed,0,0,0,1,1,0,Change Order
25100461KQC6RY,Selesai,2025-10-03 23:24:00,2025-10-03,2025-10-03 23:24:00,2025-10-06 23:59:00,2025-10-04 18:43:00,2025-10-16 21:57:00,0.0,1159.0,291.23333333333335,3196.0,0,1,Not Cancelled,Normal,0,0,0,1,1,0,Not Cancelled
2510046280VEEP,Selesai,2025-10-03 23:36:00,2025-10-03,2025-10-03 23:36:00,2025-10-06 23:59:00,2025-10-04 18:47:00,2025-10-14 09:27:00,0.0,1151.0,230.66666666666666,3192.0,0,1,Not Cancelled,Normal,0,0,0,1,1,0,Not Cancelled
25100463D8080U,Selesai,2025-10-03 23:57:00,2025-10-03,2025-10-03 23:57:00,2025-10-06 23:59:00,2025-10-06 18:06:00,2025-10-16 14:45:00,0.0,3969.0,236.65,353.0,0,1,Not Cancelled,Critical,0,0,0,3,3,0,Not Cancelled
251004656Y7NJQ,Selesai,2025-10-04 00:29:00,2025-10-04,2025-10-04 00:29:00,2025-10-06 23:59:00,2025-10-04 18:41:00,2025-10-12 20:51:00,0.0,1092.0,194.16666666666666,3198.0,0,1,Not Cancelled,Normal,0,0,0,1,1,0,Not Cancelled
25100465CAVPBV,Selesai,2025-10-04 00:32:00,2025-10-04,2025-10-04 00:32:00,2025-10-06 23:59:00,2025-10-04 18:44:00,2025-10-14 09:54:00,0.0,1092.0,231.16666666666666,3195.0,0,1,Not Cancelled,Normal,0,0,0,1,1,0,Not Cancelled
25100465M3V3FA,Selesai,2025-10-04 00:36:00,2025-10-04,2025-10-04 00:36:00,2025-10-06 23:59:00,2025-10-04 15:33:00,2025-10-07 20:01:00,0.0,897.0,76.46666666666667,3386.0,0,1,Not Cancelled,Normal,0,0,0,1,1,0,Not Cancelled
2510046DT4JPQD,Batal,2025-10-04 03:03:00,2025-10-04,,,,,,,,,1,0,Pre-Fulfillment,Not Processed,0,0,0,1,1,0,Changed Mind
2510046EST8Q7V,Selesai,2025-10-04 03:20:00,2025-10-04,2025-10-04 03:21:00,2025-10-06 23:59:00,2025-10-04 18:46:00,2025-10-05 20:04:00,1.0,926.0,25.3,3193.0,0,1,Not Cancelled,Normal,0,0,0,2,2,0,Not Cancelled
2510046GJM0Y71,Selesai,2025-10-04 03:52:00,2025-10-04,2025-10-04 03:53:00,2025-10-06 23:59:00,2025-10-04 18:43:00,2025-10-09 04:51:00,1.0,891.0,106.13333333333334,3196.0,0,1,Not Cancelled,Normal,0,0,0,1,1,0,Not Cancelled
2510046J1SPT38,Selesai,2025-10-04 04:19:00,2025-10-04,2025-10-04 04:21:00,2025-10-06 23:59:00,2025-10-04 18:42:00,2025-10-12 13:56:00,2.0,863.0,187.23333333333332,3197.0,0,1,Not Cancelled,Normal,0,0,0,1,1,0,Not Cancelled
2510046K816AD0,Selesai,2025-10-04 04:40:00,2025-10-04,2025-10-04 04:41:00,2025-10-06 23:59:00,2025-10-04 15:33:00,2025-10-05 17:51:00,1.0,653.0,26.3,3386.0,0,1,Not Cancelled,Normal,0,0,0,1,1,0,Not Cancelled
2510046MHSB7F1,Selesai,2025-10-04 05:03:00,2025-10-04,2025-10-04 05:03:00,2025-10-06 23:59:00,2025-10-04 18:44:00,2025-10-07 11:24:00,0.0,821.0,64.66666666666667,3195.0,0,1,Not Cancelled,Normal,0,0,0,1,1,0,Not Cancelled
2510046Q1M7XF6,Selesai,2025-10-04 05:48:00,2025-10-04,2025-10-04 05:49:00,2025-10-06 23:59:00,2025-10-04 18:42:00,2025-10-13 18:44:00,1.0,774.0,216.03333333333333,3197.0,0,1,Not Cancelled,Normal,0,0,0,1,1,0,Not Cancelled
2510046RUPXAW7,Selesai,2025-10-04 06:20:00,2025-10-04,2025-10-04 06:21:00,2025-10-06 23:59:00,2025-10-04 18:43:00,2025-10-24 15:19:00,1.0,743.0,476.6,3196.0,0,1,Not Cancelled,Normal,0,0,0,1,1,0,Not Cancelled
2510046S2XMAC2,Selesai,2025-10-04 06:25:00,2025-10-04,2025-10-04 06:27:00,2025-10-06 23:59:00,2025-10-04 18:43:00,2025-10-10 11:08:00,2.0,738.0,136.41666666666666,3196.0,0,1,Not Cancelled,Normal,0,0,0,1,1,0,Not Cancelled
2510046S66JY5Y,Batal,2025-10-04 06:26:00,2025-10-04,2025-10-04 06:26:00,2025-10-06 23:59:00,,,0.0,,,,1,0,Pre-Fulfillment,Not Processed,0,0,0,1,1,0,Change Order
2510046SDF959U,Selesai,2025-10-04 06:30:00,2025-10-04,2025-10-04 06:30:00,2025-10-06 23:59:00,2025-10-04 18:44:00,2025-10-14 20:10:00,0.0,734.0,241.43333333333334,3195.0,0,1,Not Cancelled,Normal,0,0,0,1,1,0,Not Cancelled
2510046SVJUSJ0,Selesai,2025-10-04 06:39:00,2025-10-04,2025-10-04 06:40:00,2025-10-06 23:59:00,2025-10-04 18:46:00,2025-10-13 21:09:00,1.0,727.0,218.38333333333333,3193.0,0,1,Not Cancelled,Normal,0,0,0,1,1,0,Not Cancelled
2510046UF2B1W3,Selesai,2025-10-04 07:07:00,2025-10-04,2025-10-04 07:07:00,2025-10-06 23:59:00,2025-10-04 18:47:00,2025-10-10 18:33:00,0.0,700.0,143.76666666666668,3192.0,0,1,Not Cancelled,Normal,0,0,0,1,1,0,Not Cancelled
2510046WDYJ732,Selesai,2025-10-04 07:42:00,2025-10-04,2025-10-04 07:42:00,2025-10-06 23:59:00,2025-10-04 18:44:00,2025-10-21 09:05:00,0.0,662.0,398.35,3195.0,0,1,Not Cancelled,Normal,0,0,0,3,3,0,Not Cancelled
2510046WUDPMK8,Selesai,2025-10-04 07:50:00,2025-10-04,2025-10-04 07:50:00,2025-10-06 23:59:00,2025-10-06 21:29:00,2025-10-15 00:42:00,0.0,3699.0,195.21666666666667,150.0,0,1,Not Cancelled,Critical,0,0,0,1,1,0,Not Cancelled
2510046X1VKDWM,Selesai,2025-10-04 07:53:00,2025-10-04,2025-10-04 07:55:00,2025-10-06 23:59:00,2025-10-04 18:42:00,2025-10-09 09:33:00,2.0,649.0,110.85,3197.0,0,1,Not Cancelled,Normal,0,0,0,1,1,0,Not Cancelled
25100470YG3B5Q,Selesai,2025-10-04 08:46:00,2025-10-04,2025-10-04 08:47:00,2025-10-06 23:59:00,2025-10-04 18:44:00,2025-10-12 16:19:00,1.0,598.0,189.58333333333334,3195.0,0,1,Not Cancelled,Normal,0,0,0,1,1,0,Not Cancelled
25100471559SKS,Selesai,2025-10-04 08:49:00,2025-10-04,2025-10-04 08:49:00,2025-10-06 23:59:00,2025-10-04 08:49:00,2025-10-11 10:15:00,0.0,0.0,169.43333333333334,3790.0,0,1,Not Cancelled,Normal,0,0,0,1,1,0,Not Cancelled
251004715AYW5E,Selesai,2025-10-04 08:49:00,2025-10-04,2025-10-04 08:49:00,2025-10-06 23:59:00,2025-10-06 18:06:00,2025-10-26 11:25:00,0.0,3437.0,473.31666666666666,353.0,0,1,Not Cancelled,Critical,0,0,0,1,1,0,Not Cancelled
25100471A9BP84,Selesai,2025-10-04 08:52:00,2025-10-04,2025-10-04 08:52:00,2025-10-06 23:59:00,2025-10-04 18:43:00,2025-10-14 15:33:00,0.0,591.0,236.83333333333334,3196.0,0,1,Not Cancelled,Normal,0,0,0,1,1,0,Not Cancelled
25100471TE6RWQ,Selesai,2025-10-04 09:01:00,2025-10-04,2025-10-04 09:01:00,2025-10-06 23:59:00,2025-10-04 18:44:00,2025-10-14 08:43:00,0.0,583.0,229.98333333333332,3195.0,0,1,Not Cancelled,Normal,0,0,0,1,1,0,Not Cancelled
251004721UN3ET,Selesai,2025-10-04 09:05:00,2025-10-04,2025-10-04 09:05:00,2025-10-06 23:59:00,2025-10-04 18:44:00,2025-10-20 10:07:00,0.0,579.0,375.3833333333333,3195.0,0,1,Not Cancelled,Normal,0,0,0,1,1,0,Not Cancelled
251004728ANJAX,Selesai,2025-10-04 09:09:00,2025-10-04,2025-10-04 09:09:00,2025-10-06 23:59:00,2025-10-06 21:30:00,2025-10-07 18:58:00,0.0,3621.0,21.466666666666665,149.0,0,1,Not Cancelled,Critical,0,0,0,1,1,0,Not Cancelled
251004728DHCG6,Batal,2025-10-04 09:09:00,2025-10-04,2025-10-04 09:10:00,2025-10-06 23:59:00,,,1.0,,,,1,0,Pre-Fulfillment,Not Processed,0,0,0,1,1,0,Other
25100475UXW03M,Batal,2025-10-04 10:13:00,2025-10-04,,,,,,,,,1,0,Pre-Fulfillment,Not Processed,0,0,0,1,1,0,Change Address
25100476MCWPE8,Selesai,2025-10-04 10:27:00,2025-10-04,2025-10-04 10:27:00,2025-10-06 23:59:00,2025-10-06 18:04:00,2025-10-14 20:59:00,0.0,3337.0,194.91666666666666,355.0,0,1,Not Cancelled,Critical,0,0,0,1,1,0,Not Cancelled
251004776DUAJU,Batal,2025-10-04 10:37:00,2025-10-04,2025-10-04 10:37:00,2025-10-06 23:59:00,,,0.0,,,,1,0,Pre-Fulfillment,Not Processed,0,0,0,1,1,0,Other
2510047911SSPN,Selesai,2025-10-04 11:10:00,2025-10-04,2025-10-04 11:10:00,2025-10-06 23:59:00,2025-10-06 15:13:00,2025-10-07 23:53:00,0.0,3123.0,32.666666666666664,526.0,0,1,Not Cancelled,Slow,0,0,0,1,1,0,Not Cancelled
251004797ET4JN,Selesai,2025-10-04 11:13:00,2025-10-04,2025-10-04 11:14:00,2025-10-06 23:59:00,2025-10-04 18:44:00,2025-10-09 17:32:00,1.0,451.0,118.8,3195.0,0,1,Not Cancelled,Normal,0,0,0,1,1,0,Not Cancelled
2510047A473WMW,Selesai,2025-10-04 11:29:00,2025-10-04,2025-10-04 11:30:00,2025-10-06 23:59:00,2025-10-04 18:41:00,2025-10-06 12:09:00,1.0,432.0,41.46666666666667,3198.0,0,1,Not Cancelled,Normal,0,0,0,2,1,0,Not Cancelled
2510047ARXUEHJ,Selesai,2025-10-04 11:41:00,2025-10-04,2025-10-04 11:41:00,2025-10-06 23:59:00,2025-10-04 15:33:00,2025-10-06 15:25:00,0.0,232.0,47.86666666666667,3386.0,0,1,Not Cancelled,Normal,0,0,0,1,1,0,Not Cancelled
2510047AX9GXTX,Selesai,2025-10-04 11:44:00,2025-10-04,2025-10-04 11:44:00,2025-10-06 23:59:00,2025-10-06 18:04:00,2025-10-25 17:02:00,0.0,3260.0,454.96666666666664,355.0,0,1,Not Cancelled,Critical,0,0,0,1,1,0,Not Cancelled
2510047BTV55JU,Selesai,2025-10-04 12:00:00,2025-10-04,2025-10-04 12:00:00,2025-10-06 23:59:00,2025-10-06 18:01:00,2025-10-15 16:16:00,0.0,3241.0,214.25,358.0,0,1,Not Cancelled,Critical,0,0,0,1,1,0,Not Cancelled
2510047C9VR1CN,Batal,2025-10-04 12:08:00,2025-10-04,2025-10-04 12:08:00,2025-10-06 23:59:00,,,0.0,,,,1,0,Pre-Fulfillment,Not Processed,0,0,0,1,1,0,Other
2510047CQAVAQ9,Selesai,2025-10-04 12:16:00,2025-10-04,2025-10-04 12:18:00,2025-10-06 23:59:00,2025-10-06 18:03:00,2025-10-17 20:49:00,2.0,3227.0,266.76666666666665,356.0,0,1,Not Cancelled,Critical,0,0,0,1,1,0,Not Cancelled
2510047D588T5C,Batal,2025-10-04 12:24:00,2025-10-04,2025-10-04 12:24:00,2025-10-06 23:59:00,,,0.0,,,,1,0,Pre-Fulfillment,Not Processed,0,0,0,2,1,0,Change Address
2510047EBDW5HY,Selesai,2025-10-04 12:45:00,2025-10-04,2025-10-04 12:46:00,2025-10-06 23:59:00,2025-10-04 18:44:00,2025-10-23 19:29:00,1.0,359.0,456.75,3195.0,0,1,Not Cancelled,Normal,0,0,0,1,1,0,Not Cancelled
2510047EYESD94,Selesai,2025-10-04 12:56:00,2025-10-04,2025-10-04 12:57:00,2025-10-06 23:59:00,2025-10-06 18:04:00,2025-10-09 13:52:00,1.0,3188.0,67.8,355.0,0,1,Not Cancelled,Critical,0,0,0,1,1,0,Not Cancelled
2510047FAGMPHW,Selesai,2025-10-04 13:02:00,2025-10-04,2025-10-04 13:03:00,2025-10-06 23:59:00,2025-10-04 18:42:00,2025-10-16 12:01:00,1.0,340.0,281.31666666666666,3197.0,0,1,Not Cancelled,Normal,0,0,0,1,1,0,Not Cancelled
2510047G58Y35D,Selesai,2025-10-04 13:17:00,2025-10-04,2025-10-04 13:18:00,2025-10-06 23:59:00,2025-10-06 18:01:00,2025-10-08 17:10:00,1.0,3164.0,47.15,358.0,0,1,Not Cancelled,Critical,0,0,0,1,1,0,Not Cancelled
2510047H8PX4C8,Selesai,2025-10-04 13:37:00,2025-10-04,2025-10-04 13:37:00,2025-10-06 23:59:00,2025-10-06 17:59:00,2025-10-15 07:45:00,0.0,3142.0,205.76666666666668,360.0,0,1,Not Cancelled,Slow,0,0,0,1,1,0,Not Cancelled
2510047HFQ20FJ,Batal,2025-10-04 13:41:00,2025-10-04,2025-10-04 13:41:00,2025-10-06 23:59:00,,,0.0,,,,1,0,Pre-Fulfillment,Not Processed,0,0,0,1,1,0,Other
2510047K72XY6E,Selesai,2025-10-04 14:12:00,2025-10-04,2025-10-04 14:12:00,2025-10-06 23:59:00,2025-10-04 18:42:00,2025-10-05 15:45:00,0.0,270.0,21.05,3197.0,0,1,Not Cancelled,Normal,0,0,0,1,1,0,Not Cancelled
2510047K8928JP,Selesai,2025-10-04 14:13:00,2025-10-04,2025-10-04 14:14:00,2025-10-06 23:59:00,2025-10-06 18:06:00,2025-10-14 15:56:00,1.0,3113.0,189.83333333333334,353.0,0,1,Not Cancelled,Slow,0,0,0,1,1,0,Not Cancelled
2510047KS5V6T6,Selesai,2025-10-04 14:22:00,2025-10-04,2025-10-04 14:22:00,2025-10-06 23:59:00,2025-10-04 18:43:00,2025-10-13 06:13:00,0.0,261.0,203.5,3196.0,0,1,Not Cancelled,Normal,0,0,0,1,1,0,Not Cancelled
2510047KU0WMC8,Batal,2025-10-04 14:23:00,2025-10-04,,,,,,,,,1,0,Pre-Fulfillment,Not Processed,0,0,0,1,1,0,Unpaid Order
2510047KWCAWCK,Selesai,2025-10-04 14:25:00,2025-10-04,2025-10-04 14:25:00,2025-10-06 23:59:00,2025-10-04 18:42:00,2025-10-06 17:27:00,0.0,257.0,46.75,3197.0,0,1,Not Cancelled,Normal,0,0,0,1,1,0,Not Cancelled
2510047KX70P5H,Selesai,2025-10-04 14:25:00,2025-10-04,2025-10-04 14:25:00,2025-10-06 23:59:00,2025-10-04 14:25:00,2025-10-07 10:50:00,0.0,0.0,68.41666666666667,3454.0,0,1,Not Cancelled,Normal,0,0,0,1,1,0,Not Cancelled
2510047M1Y5BJ5,Selesai,2025-10-04 14:27:00,2025-10-04,2025-10-04 14:27:00,2025-10-06 23:59:00,2025-10-06 17:59:00,2025-10-08 19:30:00,0.0,3092.0,49.516666666666666,360.0,0,1,Not Cancelled,Slow,0,0,0,1,1,0,Not Cancelled
2510047M33ET4Y,Selesai,2025-10-04 14:28:00,2025-10-04,2025-10-04 14:28:00,2025-10-06 23:59:00,2025-10-04 18:44:00,2025-10-16 10:49:00,0.0,256.0,280.0833333333333,3195.0,0,1,Not Cancelled,Normal,0,0,0,1,1,0,Not Cancelled
2510047MG9VVH8,Selesai,2025-10-04 14:35:00,2025-10-04,2025-10-04 14:35:00,2025-10-06 23:59:00,2025-10-06 18:06:00,2025-10-09 13:15:00,0.0,3091.0,67.15,353.0,0,1,Not Cancelled,Slow,0,0,0,1,1,0,Not Cancelled
2510047PM1HR4P,Selesai,2025-10-04 15:13:00,2025-10-04,2025-10-04 15:13:00,2025-10-06 23:59:00,2025-10-06 18:04:00,2025-10-08 11:31:00,0.0,3051.0,41.45,355.0,0,1,Not Cancelled,Slow,0,0,0,1,1,0,Not Cancelled
2510047PQM1MPS,Selesai,2025-10-04 15:15:00,2025-10-04,2025-10-04 15:15:00,2025-10-06 23:59:00,2025-10-06 15:13:00,2025-10-08 15:51:00,0.0,2878.0,48.63333333333333,526.0,0,1,Not Cancelled,Slow,0,0,0,1,1,0,Not Cancelled
2510047PRDS6EH,Selesai,2025-10-04 15:16:00,2025-10-04,2025-10-04 15:16:00,2025-10-06 23:59:00,2025-10-06 18:05:00,2025-10-10 22:28:00,0.0,3049.0,100.38333333333334,354.0,0,1,Not Cancelled,Slow,0,0,0,1,1,0,Not Cancelled
2510047Q0CC1SF,Selesai,2025-10-04 15:20:00,2025-10-04,2025-10-04 15:20:00,2025-10-06 23:59:00,2025-10-06 18:01:00,2025-10-08 15:08:00,0.0,3041.0,45.11666666666667,358.0,0,1,Not Cancelled,Slow,0,0,0,1,1,0,Not Cancelled
2510047R1TE09U,Selesai,2025-10-04 15:39:00,2025-10-04,2025-10-04 15:39:00,2025-10-04 18:39:00,2025-10-04 17:38:00,2025-10-05 18:41:00,0.0,119.0,25.05,61.0,0,1,Not Cancelled,Normal,0,0,0,1,1,1,Not Cancelled
2510047RJJD6G4,Selesai,2025-10-04 15:48:00,2025-10-04,2025-10-04 15:50:00,2025-10-06 23:59:00,2025-10-06 15:13:00,2025-10-15 14:35:00,2.0,2845.0,215.36666666666667,526.0,0,1,Not Cancelled,Slow,0,0,0,1,1,0,Not Cancelled
2510047T5J49UT,Selesai,2025-10-04 16:17:00,2025-10-04,2025-10-04 16:17:00,2025-10-06 23:59:00,2025-10-06 17:58:00,2025-10-17 13:56:00,0.0,2981.0,259.96666666666664,361.0,0,1,Not Cancelled,Slow,0,0,0,1,1,0,Not Cancelled
2510047TJUFUUB,Selesai,2025-10-04 16:24:00,2025-10-04,2025-10-04 16:24:00,2025-10-06 23:59:00,2025-10-06 21:29:00,2025-10-14 20:39:00,0.0,3185.0,191.16666666666666,150.0,0,1,Not Cancelled,Critical,0,0,0,1,1,0,Not Cancelled
2510047VPRUQ1Y,Selesai,2025-10-04 17:02:00,2025-10-04,2025-10-04 17:04:00,2025-10-06 23:59:00,2025-10-06 21:31:00,2025-10-13 13:56:00,2.0,3149.0,160.41666666666666,148.0,0,1,Not Cancelled,Slow,0,0,0,1,1,0,Not Cancelled
2510047W64044U,Batal,2025-10-04 17:11:00,2025-10-04,2025-10-04 17:11:00,2025-10-06 23:59:00,,,0.0,,,,1,0,Pre-Fulfillment,Not Processed,0,0,0,1,1,0,Change Address
2510047WFP5QU4,Selesai,2025-10-04 17:16:00,2025-10-04,2025-10-04 17:16:00,2025-10-06 23:59:00,2025-10-06 17:58:00,2025-10-15 17:19:00,0.0,2922.0,215.35,361.0,0,1,Not Cancelled,Slow,0,0,0,1,1,0,Not Cancelled
2510047X8S53YY,Selesai,2025-10-04 17:30:00,2025-10-04,2025-10-04 17:30:00,2025-10-06 23:59:00,2025-10-06 18:04:00,2025-10-16 10:02:00,0.0,2914.0,231.96666666666667,355.0,0,1,Not Cancelled,Slow,0,0,0,1,1,0,Not Cancelled
2510047XT62MNS,Batal,2025-10-04 17:40:00,2025-10-04,2025-10-04 17:40:00,2025-10-06 23:59:00,,,0.0,,,,1,0,Pre-Fulfillment,Not Processed,0,0,0,1,1,0,Change Order
2510048025WW7M,Selesai,2025-10-04 18:02:00,2025-10-04,2025-10-04 18:02:00,2025-10-06 23:59:00,2025-10-06 17:59:00,2025-10-10 23:30:00,0.0,2877.0,101.51666666666667,360.0,0,1,Not Cancelled,Slow,0,0,0,1,1,0,Not Cancelled
251004804J6F50,Selesai,2025-10-04 18:03:00,2025-10-04,2025-10-04 18:04:00,2025-10-06 23:59:00,2025-10-06 21:31:00,2025-10-14 17:33:00,1.0,3088.0,188.03333333333333,148.0,0,1,Not Cancelled,Slow,0,0,0,1,1,0,Not Cancelled
25100480B33DR9,Selesai,2025-10-04 18:07:00,2025-10-04,2025-10-04 18:07:00,2025-10-06 23:59:00,2025-10-06 18:05:00,2025-10-11 20:10:00,0.0,2878.0,122.08333333333333,354.0,0,1,Not Cancelled,Slow,0,0,0,1,1,0,Not Cancelled
25100480HTMTN1,Selesai,2025-10-04 18:11:00,2025-10-04,2025-10-04 18:11:00,2025-10-06 23:59:00,2025-10-06 17:59:00,2025-10-16 11:30:00,0.0,2868.0,233.51666666666668,360.0,0,1,Not Cancelled,Slow,0,0,0,1,1,0,Not Cancelled
25100480K6G9KS,Batal,2025-10-04 18:12:00,2025-10-04,2025-10-04 18:12:00,2025-10-06 23:59:00,,,0.0,,,,1,0,Pre-Fulfillment,Not Processed,0,0,0,1,1,0,Change Address
25100480TE7T09,Batal,2025-10-04 18:16:00,2025-10-04,2025-10-04 18:16:00,2025-10-06 23:59:00,,,0.0,,,,1,0,Pre-Fulfillment,Not Processed,0,0,0,1,1,0,Change Address
25100480WR3CRQ,Selesai,2025-10-04 18:17:00,2025-10-04,2025-10-04 18:17:00,2025-10-06 23:59:00,2025-10-06 21:29:00,2025-10-17 11:58:00,0.0,3072.0,254.48333333333332,150.0,0,1,Not Cancelled,Slow,0,0,0,1,1,0,Not Cancelled
25100481MW41VH,Selesai,2025-10-04 18:30:00,2025-10-04,2025-10-04 18:30:00,2025-10-06 23:59:00,2025-10-06 18:04:00,2025-10-08 21:29:00,0.0,2854.0,51.416666666666664,355.0,0,1,Not Cancelled,Slow,0,0,0,1,1,0,Not Cancelled
25100481TCK26A,Selesai,2025-10-04 18:33:00,2025-10-04,2025-10-04 18:33:00,2025-10-06 23:59:00,2025-10-06 18:01:00,2025-10-18 13:50:00,0.0,2848.0,283.81666666666666,358.0,0,1,Not Cancelled,Slow,0,0,0,1,1,0,Not Cancelled
25100481YKFH4M,Selesai,2025-10-04 18:36:00,2025-10-04,2025-10-04 18:36:00,2025-10-06 23:59:00,2025-10-06 17:59:00,2025-10-14 21:05:00,0.0,2843.0,195.1,360.0,0,1,Not Cancelled,Slow,0,0,0,2,1,0,Not Cancelled
251004820G2A4D,Selesai,2025-10-04 18:37:00,2025-10-04,2025-10-04 18:37:00,2025-10-06 23:59:00,2025-10-06 18:05:00,2025-10-17 16:35:00,0.0,2848.0,262.5,354.0,0,1,Not Cancelled,Slow,0,0,0,1,1,0,Not Cancelled
2510048294NH9V,Selesai,2025-10-04 18:42:00,2025-10-04,2025-10-04 18:42:00,2025-10-06 23:59:00,2025-10-06 15:13:00,2025-10-11 09:45:00,0.0,2671.0,114.53333333333333,526.0,0,1,Not Cancelled,Attention,0,0,0,1,1,0,Not Cancelled
25100482FPEBPA,Selesai,2025-10-04 18:45:00,2025-10-04,2025-10-04 18:46:00,2025-10-06 23:59:00,2025-10-06 17:59:00,2025-10-07 19:19:00,1.0,2834.0,25.333333333333332,360.0,0,1,Not Cancelled,Slow,0,0,0,1,1,0,Not Cancelled
2510048312DGAW,Selesai,2025-10-04 18:55:00,2025-10-04,2025-10-04 18:55:00,2025-10-06 23:59:00,2025-10-06 21:30:00,2025-10-14 17:30:00,0.0,3035.0,188.0,149.0,0,1,Not Cancelled,Slow,0,0,0,1,1,0,Not Cancelled
25100483KDWUN4,Selesai,2025-10-04 19:05:00,2025-10-04,2025-10-04 19:05:00,2025-10-06 23:59:00,2025-10-06 18:04:00,2025-10-15 19:01:00,0.0,2819.0,216.95,355.0,0,1,Not Cancelled,Slow,0,0,0,1,1,0,Not Cancelled
25100485HXP8NW,Selesai,2025-10-04 19:40:00,2025-10-04,2025-10-04 19:41:00,2025-10-06 23:59:00,2025-10-06 21:30:00,2025-10-15 19:56:00,1.0,2990.0,214.43333333333334,149.0,0,1,Not Cancelled,Slow,0,0,0,1,1,0,Not Cancelled
251004866JP02G,Batal,2025-10-04 19:52:00,2025-10-04,2025-10-04 19:52:00,2025-10-06 23:59:00,,,0.0,,,,1,0,Pre-Fulfillment,Not Processed,0,0,0,1,1,0,Change Address
25100486SSQYFQ,Selesai,2025-10-04 20:03:00,2025-10-04,2025-10-04 20:03:00,2025-10-06 23:59:00,2025-10-06 21:31:00,2025-10-14 22:00:00,0.0,2968.0,192.48333333333332,148.0,0,1,Not Cancelled,Slow,0,0,0,1,1,0,Not Cancelled
251004871A3C87,Selesai,2025-10-04 20:07:00,2025-10-04,2025-10-04 20:07:00,2025-10-06 23:59:00,2025-10-06 21:30:00,2025-10-14 20:04:00,0.0,2963.0,190.56666666666666,149.0,0,1,Not Cancelled,Slow,0,0,0,1,1,0,Not Cancelled
251004881QPNDT,Batal,2025-10-04 20:25:00,2025-10-04,2025-10-04 20:25:00,2025-10-06 23:59:00,,,0.0,,,,1,0,Pre-Fulfillment,Not Processed,0,0,0,1,1,0,Other
2510048AH5852Y,Selesai,2025-10-04 21:09:00,2025-10-04,2025-10-04 21:09:00,2025-10-06 23:59:00,2025-10-06 17:59:00,2025-10-08 21:58:00,0.0,2690.0,51.983333333333334,360.0,0,1,Not Cancelled,Slow,0,0,0,1,1,0,Not Cancelled
2510048BM2Y1RS,Selesai,2025-10-04 21:29:00,2025-10-04,2025-10-04 21:29:00,2025-10-06 23:59:00,2025-10-04 21:29:00,2025-10-12 21:40:00,0.0,0.0,192.18333333333334,3030.0,0,1,Not Cancelled,Normal,0,0,0,1,1,0,Not Cancelled
2510048BXB05NK,Selesai,2025-10-04 21:35:00,2025-10-04,2025-10-04 21:35:00,2025-10-06 23:59:00,2025-10-06 21:30:00,2025-10-15 13:22:00,0.0,2875.0,207.86666666666667,149.0,0,1,Not Cancelled,Slow,0,0,0,1,1,0,Not Cancelled
2510048C4M6S0K,Selesai,2025-10-04 21:38:00,2025-10-04,2025-10-04 21:41:00,2025-10-06 23:59:00,2025-10-06 18:00:00,2025-10-09 17:05:00,3.0,2662.0,71.08333333333333,359.0,0,1,Not Cancelled,Attention,0,0,0,1,1,0,Not Cancelled
2510048E1GKS94,Selesai,2025-10-04 22:12:00,2025-10-04,2025-10-04 22:12:00,2025-10-06 23:59:00,2025-10-04 22:13:00,2025-10-13 14:11:00,0.0,1.0,207.96666666666667,2986.0,0,1,Not Cancelled,Normal,0,0,0,1,1,0,Not Cancelled
2510048EGH8ND4,Selesai,2025-10-04 22:21:00,2025-10-04,2025-10-04 22:21:00,2025-10-06 23:59:00,2025-10-06 17:59:00,2025-10-09 21:47:00,0.0,2618.0,75.8,360.0,0,1,Not Cancelled,Attention,0,0,0,1,1,0,Not Cancelled
2510048F84HKCK,Selesai,2025-10-04 22:34:00,2025-10-04,2025-10-04 22:34:00,2025-10-06 23:59:00,2025-10-06 18:05:00,2025-10-15 14:03:00,0.0,2611.0,211.96666666666667,354.0,0,1,Not Cancelled,Attention,0,0,0,1,1,0,Not Cancelled
2510048FK5CQ1R,Selesai,2025-10-04 22:40:00,2025-10-04,2025-10-04 22:41:00,2025-10-06 23:59:00,2025-10-06 18:03:00,2025-10-10 12:37:00,1.0,2603.0,90.56666666666666,356.0,0,1,Not Cancelled,Attention,0,0,0,1,1,0,Not Cancelled
2510048GFEEVRN,Selesai,2025-10-04 22:56:00,2025-10-04,2025-10-04 22:56:00,2025-10-06 23:59:00,2025-10-06 21:30:00,2025-10-19 12:54:00,0.0,2794.0,303.4,149.0,0,1,Not Cancelled,Slow,0,0,0,1,1,0,Not Cancelled
2510058GVSNGVC,Batal,2025-10-04 23:03:00,2025-10-04,,,,,,,,,1,0,Pre-Fulfillment,Not Processed,0,0,0,1,1,0,Change Address
2510058HR64PVH,Selesai,2025-10-04 23:19:00,2025-10-04,2025-10-04 23:20:00,2025-10-06 23:59:00,2025-10-06 18:01:00,2025-10-08 12:15:00,1.0,2562.0,42.233333333333334,358.0,0,1,Not Cancelled,Attention,0,0,0,1,1,0,Not Cancelled
2510058J3YS7XQ,Selesai,2025-10-04 23:25:00,2025-10-04,2025-10-04 23:25:00,2025-10-06 23:59:00,2025-10-06 17:59:00,2025-10-16 21:04:00,0.0,2554.0,243.08333333333334,360.0,0,1,Not Cancelled,Attention,0,0,0,1,1,0,Not Cancelled
2510058JXMB7BC,Selesai,2025-10-04 23:40:00,2025-10-04,2025-10-04 23:40:00,2025-10-06 23:59:00,2025-10-06 17:59:00,2025-10-25 01:52:00,0.0,2539.0,439.8833333333333,360.0,0,1,Not Cancelled,Attention,0,0,0,1,1,0,Not Cancelled
2510058KP8M4YA,Selesai,2025-10-04 23:53:00,2025-10-04,2025-10-04 23:56:00,2025-10-06 23:59:00,2025-10-06 17:59:00,2025-10-09 19:59:00,3.0,2526.0,74.0,360.0,0,1,Not Cancelled,Attention,0,0,0,1,1,0,Not Cancelled
2510058WS1V7VN,Selesai,2025-10-05 02:54:00,2025-10-05,2025-10-05 02:54:00,2025-10-06 23:59:00,2025-10-06 18:06:00,2025-10-12 07:14:00,0.0,2352.0,133.13333333333333,353.0,0,1,Not Cancelled,Attention,0,0,0,2,2,0,Not Cancelled
25100593JPA431,Selesai,2025-10-05 04:38:00,2025-10-05,2025-10-05 04:38:00,2025-10-06 23:59:00,2025-10-06 18:01:00,2025-10-18 16:53:00,0.0,2243.0,286.8666666666667,358.0,0,1,Not Cancelled,Attention,0,0,0,1,1,0,Not Cancelled
2510059AJYMGUG,Selesai,2025-10-05 06:43:00,2025-10-05,2025-10-05 06:43:00,2025-10-06 23:59:00,2025-10-06 18:01:00,2025-10-08 16:21:00,0.0,2118.0,46.333333333333336,358.0,0,1,Not Cancelled,Attention,0,0,0,1,1,0,Not Cancelled
2510059AR3Q9W4,Batal,2025-10-05 06:46:00,2025-10-05,2025-10-05 06:46:00,2025-10-06 23:59:00,,,0.0,,,,1,0,Pre-Fulfillment,Not Processed,0,0,0,1,1,0,Other
2510059CGHYHRU,Batal,2025-10-05 07:17:00,2025-10-05,,,,,,,,,1,0,Pre-Fulfillment,Not Processed,0,0,0,1,1,0,Unpaid Order
2510059DBVFGS6,Selesai,2025-10-05 07:33:00,2025-10-05,2025-10-05 07:33:00,2025-10-06 23:59:00,2025-10-06 18:05:00,2025-10-16 17:21:00,0.0,2072.0,239.26666666666668,354.0,0,1,Not Cancelled,Attention,0,0,0,1,1,0,Not Cancelled
2510059E4K1M6H,Selesai,2025-10-05 07:47:00,2025-10-05,2025-10-05 07:47:00,2025-10-06 23:59:00,2025-10-06 21:30:00,2025-10-18 15:00:00,0.0,2263.0,281.5,149.0,0,1,Not Cancelled,Attention,0,0,0,1,1,0,Not Cancelled
2510059EH8DEXN,Selesai,2025-10-05 07:54:00,2025-10-05,2025-10-05 07:54:00,2025-10-06 23:59:00,2025-10-06 18:05:00,2025-10-24 13:40:00,0.0,2051.0,427.5833333333333,354.0,0,1,Not Cancelled,Attention,0,0,0,1,1,0,Not Cancelled
2510059EMTTD2K,Selesai,2025-10-05 07:56:00,2025-10-05,2025-10-05 07:56:00,2025-10-06 23:59:00,2025-10-06 17:59:00,2025-10-14 20:57:00,0.0,2043.0,194.96666666666667,360.0,0,1,Not Cancelled,Attention,0,0,0,1,1,0,Not Cancelled
2510059FFDFJB8,Selesai,2025-10-05 08:11:00,2025-10-05,2025-10-05 08:11:00,2025-10-06 23:59:00,2025-10-06 18:01:00,2025-10-14 16:44:00,0.0,2030.0,190.71666666666667,358.0,0,1,Not Cancelled,Attention,0,0,0,1,1,0,Not Cancelled
2510059GCFC5M2,Selesai,2025-10-05 08:27:00,2025-10-05,2025-10-05 08:28:00,2025-10-06 23:59:00,2025-10-06 21:30:00,2025-10-12 06:43:00,1.0,2223.0,129.21666666666667,149.0,0,1,Not Cancelled,Attention,0,0,0,1,1,0,Not Cancelled
2510059GTBQQG8,Selesai,2025-10-05 08:35:00,2025-10-05,2025-10-05 08:35:00,2025-10-06 23:59:00,2025-10-06 21:30:00,2025-10-10 14:28:00,0.0,2215.0,88.96666666666667,149.0,0,1,Not Cancelled,Attention,0,0,0,1,1,0,Not Cancelled
2510059H4GWS83,Batal,2025-10-05 08:40:00,2025-10-05,2025-10-05 08:40:00,2025-10-06 23:59:00,,,0.0,,,,1,0,Pre-Fulfillment,Not Processed,0,0,0,1,1,0,Change Order
2510059HNMBP4H,Selesai,2025-10-05 08:50:00,2025-10-05,2025-10-05 12:40:00,2025-10-06 23:59:00,2025-10-06 18:06:00,2025-10-15 09:48:00,230.0,1996.0,207.7,353.0,0,1,Not Cancelled,Attention,0,0,0,1,1,0,Not Cancelled
2510059HU4TASQ,Selesai,2025-10-05 08:53:00,2025-10-05,2025-10-05 08:53:00,2025-10-06 23:59:00,2025-10-05 08:53:00,2025-10-07 21:24:00,0.0,0.0,60.516666666666666,2346.0,0,1,Not Cancelled,Normal,0,0,0,1,1,0,Not Cancelled
2510059HWJ2GEG,Selesai,2025-10-05 08:54:00,2025-10-05,2025-10-05 08:54:00,2025-10-06 23:59:00,2025-10-06 21:29:00,2025-10-11 19:21:00,0.0,2195.0,117.86666666666666,150.0,0,1,Not Cancelled,Attention,0,0,0,1,1,0,Not Cancelled
2510059J4AFV87,Selesai,2025-10-05 08:58:00,2025-10-05,2025-10-05 08:58:00,2025-10-06 23:59:00,2025-10-06 18:02:00,2025-10-12 13:57:00,0.0,1984.0,139.91666666666666,357.0,0,1,Not Cancelled,Attention,0,0,0,1,1,0,Not Cancelled
2510059JPK4MC2,Selesai,2025-10-05 09:08:00,2025-10-05,2025-10-05 09:16:00,2025-10-06 23:59:00,2025-10-06 21:31:00,2025-10-17 12:00:00,8.0,2183.0,254.48333333333332,148.0,0,1,Not Cancelled,Attention,0,0,0,1,1,0,Not Cancelled
2510059K6K82RU,Selesai,2025-10-05 09:17:00,2025-10-05,2025-10-05 09:17:00,2025-10-06 23:59:00,2025-10-06 21:31:00,2025-10-07 19:17:00,0.0,2174.0,21.766666666666666,148.0,0,1,Not Cancelled,Attention,0,0,0,1,1,0,Not Cancelled
2510059MBKPB4P,Selesai,2025-10-05 09:38:00,2025-10-05,2025-10-05 09:38:00,2025-10-06 23:59:00,2025-10-06 17:58:00,2025-10-15 14:08:00,0.0,1940.0,212.16666666666666,361.0,0,1,Not Cancelled,Attention,0,0,0,1,1,0,Not Cancelled
2510059NN70GN8,Batal,2025-10-05 10:01:00,2025-10-05,2025-10-05 10:07:00,2025-10-05 13:07:00,,,6.0,,,,1,0,Pre-Fulfillment,Not Processed,0,0,0,1,1,0,Seller Late Shipment
2510059PEU6U3P,Selesai,2025-10-05 10:15:00,2025-10-05,2025-10-05 10:16:00,2025-10-06 23:59:00,2025-10-06 18:01:00,2025-10-08 10:21:00,1.0,1906.0,40.333333333333336,358.0,0,1,Not Cancelled,Attention,0,0,0,1,1,0,Not Cancelled
2510059R0B83MU,Selesai,2025-10-05 10:43:00,2025-10-05,2025-10-05 10:45:00,2025-10-06 23:59:00,2025-10-06 21:31:00,2025-10-08 12:51:00,2.0,2088.0,39.333333333333336,148.0,0,1,Not Cancelled,Attention,0,0,0,1,1,0,Not Cancelled
2510059R3WQ4N8,Batal,2025-10-05 10:45:00,2025-10-05,2025-10-05 10:45:00,2025-10-06 23:59:00,,,0.0,,,,1,0,Pre-Fulfillment,Not Processed,0,0,0,1,1,0,Other
2510059SRG04VQ,Batal,2025-10-05 11:15:00,2025-10-05,2025-10-05 11:15:00,2025-10-06 23:59:00,,,0.0,,,,1,0,Pre-Fulfillment,Not Processed,0,0,0,1,1,0,Other
2510059TQPFDGU,Selesai,2025-10-05 11:32:00,2025-10-05,2025-10-05 11:32:00,2025-10-06 23:59:00,2025-10-06 18:05:00,2025-10-26 15:19:00,0.0,1833.0,477.23333333333335,354.0,0,1,Not Cancelled,Normal,0,0,0,1,1,0,Not Cancelled
2510059V9PPQB1,Selesai,2025-10-05 12:00:00,2025-10-05,2025-10-05 12:00:00,2025-10-06 23:59:00,2025-10-06 15:13:00,2025-10-18 15:55:00,0.0,1633.0,288.7,526.0,0,1,Not Cancelled,Normal,0,0,0,1,1,0,Not Cancelled
2510059W4WDUQS,Selesai,2025-10-05 12:15:00,2025-10-05,2025-10-05 12:15:00,2025-10-06 23:59:00,2025-10-06 18:01:00,2025-10-10 07:14:00,0.0,1786.0,85.21666666666667,358.0,0,1,Not Cancelled,Normal,0,0,0,2,2,0,Not Cancelled
2510059WRTH8NX,Selesai,2025-10-05 12:26:00,2025-10-05,2025-10-05 12:26:00,2025-10-06 23:59:00,2025-10-06 21:29:00,2025-10-16 16:44:00,0.0,1983.0,235.25,150.0,0,1,Not Cancelled,Attention,0,0,0,1,1,0,Not Cancelled
2510059XMKB7BQ,Selesai,2025-10-05 12:42:00,2025-10-05,2025-10-05 12:42:00,2025-10-06 23:59:00,2025-10-06 17:59:00,2025-10-17 17:34:00,0.0,1757.0,263.5833333333333,360.0,0,1,Not Cancelled,Normal,0,0,0,1,1,0,Not Cancelled
2510059XU8W6HV,Selesai,2025-10-05 12:46:00,2025-10-05,2025-10-05 12:46:00,2025-10-06 23:59:00,2025-10-06 18:05:00,2025-10-19 00:27:00,0.0,1759.0,294.3666666666667,354.0,0,1,Not Cancelled,Normal,0,1,1,1,1,0,Not Cancelled
2510059XW6VUQ6,Selesai,2025-10-05 12:47:00,2025-10-05,2025-10-05 12:47:00,2025-10-06 23:59:00,2025-10-06 15:13:00,2025-10-14 17:09:00,0.0,1586.0,193.93333333333334,526.0,0,1,Not Cancelled,Normal,0,1,1,1,1,0,Not Cancelled
2510059YA0YKYS,Selesai,2025-10-05 12:54:00,2025-10-05,2025-10-05 12:55:00,2025-10-06 23:59:00,2025-10-06 18:00:00,2025-10-15 12:58:00,1.0,1746.0,210.96666666666667,359.0,0,1,Not Cancelled,Normal,0,0,0,1,1,0,Not Cancelled
2510059YD726GT,Selesai,2025-10-05 12:56:00,2025-10-05,2025-10-05 12:56:00,2025-10-06 23:59:00,2025-10-06 18:01:00,2025-10-16 17:46:00,0.0,1745.0,239.75,358.0,0,1,Not Cancelled,Normal,0,0,0,1,1,0,Not Cancelled
251005A0E3V50C,Selesai,2025-10-05 13:14:00,2025-10-05,2025-10-05 13:14:00,2025-10-06 23:59:00,2025-10-06 18:00:00,2025-10-14 23:53:00,0.0,1726.0,197.88333333333333,359.0,0,1,Not Cancelled,Normal,0,0,0,1,1,0,Not Cancelled
251005A0SD9VHV,Selesai,2025-10-05 13:20:00,2025-10-05,2025-10-05 13:21:00,2025-10-06 23:59:00,2025-10-05 13:21:00,2025-10-14 14:47:00,1.0,1.0,217.43333333333334,2078.0,0,1,Not Cancelled,Normal,0,0,0,1,1,0,Not Cancelled
251005A11B21Q5,Selesai,2025-10-05 13:25:00,2025-10-05,2025-10-05 13:25:00,2025-10-06 23:59:00,2025-10-05 13:25:00,2025-10-07 06:40:00,0.0,0.0,41.25,2074.0,0,1,Not Cancelled,Normal,0,0,0,1,1,0,Not Cancelled
251005A3MFR4JP,Selesai,2025-10-05 14:11:00,2025-10-05,2025-10-05 14:12:00,2025-10-06 23:59:00,2025-10-06 15:13:00,2025-10-08 16:19:00,1.0,1502.0,49.1,526.0,0,1,Not Cancelled,Normal,0,0,0,1,1,0,Not Cancelled
251005A43WQQ1H,Selesai,2025-10-05 14:20:00,2025-10-05,2025-10-05 14:20:00,2025-10-06 23:59:00,2025-10-06 18:05:00,2025-10-18 12:33:00,0.0,1665.0,282.46666666666664,354.0,0,1,Not Cancelled,Normal,0,0,0,2,2,0,Not Cancelled
251005A55EP4JV,Batal,2025-10-05 14:39:00,2025-10-05,2025-10-05 14:39:00,2025-10-06 23:59:00,,,0.0,,,,1,0,Pre-Fulfillment,Not Processed,0,0,0,1,1,0,Other
251005A5R3NGDF,Batal,2025-10-05 14:49:00,2025-10-05,2025-10-05 14:49:00,2025-10-06 23:59:00,,,0.0,,,,1,0,Pre-Fulfillment,Not Processed,0,0,0,1,1,0,Change Address
251005A5YAEWXH,Selesai,2025-10-05 14:53:00,2025-10-05,2025-10-05 14:53:00,2025-10-06 23:59:00,2025-10-06 17:59:00,2025-10-15 01:00:00,0.0,1626.0,199.01666666666668,360.0,0,1,Not Cancelled,Normal,0,0,0,2,2,0,Not Cancelled
251005A6WQ7AYX,Selesai,2025-10-05 15:10:00,2025-10-05,2025-10-05 15:10:00,2025-10-06 23:59:00,2025-10-06 21:30:00,2025-10-20 18:19:00,0.0,1820.0,332.81666666666666,149.0,0,1,Not Cancelled,Normal,0,0,0,1,1,0,Not Cancelled
251005A717QPYQ,Selesai,2025-10-05 15:12:00,2025-10-05,2025-10-05 15:12:00,2025-10-06 23:59:00,2025-10-06 17:59:00,2025-10-15 13:34:00,0.0,1607.0,211.58333333333334,360.0,0,1,Not Cancelled,Normal,0,0,0,1,1,0,Not Cancelled
251005A78EGYJD,Selesai,2025-10-05 15:16:00,2025-10-05,2025-10-05 15:18:00,2025-10-06 23:59:00,2025-10-06 21:30:00,2025-10-22 05:23:00,2.0,1814.0,367.8833333333333,149.0,0,1,Not Cancelled,Normal,0,0,0,1,1,0,Not Cancelled
251005A78TVA24,Selesai,2025-10-05 15:16:00,2025-10-05,2025-10-05 15:16:00,2025-10-06 23:59:00,2025-10-06 18:05:00,2025-10-12 07:36:00,0.0,1609.0,133.51666666666668,354.0,0,1,Not Cancelled,Normal,0,0,0,1,1,0,Not Cancelled
251005A865CFK7,Selesai,2025-10-05 15:33:00,2025-10-05,2025-10-05 15:33:00,2025-10-06 23:59:00,2025-10-06 17:59:00,2025-10-18 00:11:00,0.0,1586.0,270.2,360.0,0,1,Not Cancelled,Normal,0,0,0,1,1,0,Not Cancelled
251005A8FPGPWH,Selesai,2025-10-05 15:38:00,2025-10-05,2025-10-05 15:38:00,2025-10-06 23:59:00,2025-10-05 15:38:00,2025-10-06 20:18:00,0.0,0.0,28.666666666666668,1941.0,0,1,Not Cancelled,Normal,0,0,0,1,1,0,Not Cancelled
251005A97MB9HH,Selesai,2025-10-05 15:51:00,2025-10-05,2025-10-05 15:52:00,2025-10-06 23:59:00,2025-10-06 17:59:00,2025-10-09 09:55:00,1.0,1568.0,63.93333333333333,360.0,0,1,Not Cancelled,Normal,0,0,0,1,1,0,Not Cancelled
251005ADCSA207,Selesai,2025-10-05 17:06:00,2025-10-05,2025-10-05 17:06:00,2025-10-06 23:59:00,2025-10-06 17:59:00,2025-10-17 08:05:00,0.0,1493.0,254.1,360.0,0,1,Not Cancelled,Normal,0,0,0,1,1,0,Not Cancelled
251005ADFMUX9Y,Selesai,2025-10-05 17:08:00,2025-10-05,2025-10-05 17:08:00,2025-10-06 23:59:00,2025-10-06 17:59:00,2025-10-07 19:23:00,0.0,1491.0,25.4,360.0,0,1,Not Cancelled,Normal,0,0,0,1,1,0,Not Cancelled
251005ADMH8CW6,Selesai,2025-10-05 17:10:00,2025-10-05,2025-10-05 17:10:00,2025-10-06 23:59:00,2025-10-06 21:29:00,2025-10-23 17:26:00,0.0,1699.0,403.95,150.0,0,1,Not Cancelled,Normal,0,0,0,1,1,0,Not Cancelled
251005AEH10AAE,Selesai,2025-10-05 17:26:00,2025-10-05,2025-10-05 17:48:00,2025-10-06 23:59:00,2025-10-06 21:31:00,2025-10-10 21:38:00,22.0,1685.0,96.11666666666666,148.0,0,1,Not Cancelled,Normal,0,0,0,1,1,0,Not Cancelled
251005AEQUC85N,Batal,2025-10-05 17:30:00,2025-10-05,2025-10-05 17:30:00,2025-10-06 23:59:00,,,0.0,,,,1,0,Pre-Fulfillment,Not Processed,0,0,0,1,1,0,Change Order
251005AEXKVJWP,Batal,2025-10-05 17:34:00,2025-10-05,2025-10-05 17:34:00,2025-10-06 23:59:00,,,0.0,,,,1,0,Pre-Fulfillment,Not Processed,0,0,0,1,1,0,Change Address
251005AG41QQ62,Selesai,2025-10-05 17:55:00,2025-10-05,2025-10-05 17:55:00,2025-10-06 23:59:00,2025-10-06 18:01:00,2025-10-14 05:23:00,0.0,1446.0,179.36666666666667,358.0,0,1,Not Cancelled,Normal,0,0,0,1,1,0,Not Cancelled
251005AGFX65TY,Selesai,2025-10-05 18:01:00,2025-10-05,2025-10-05 18:02:00,2025-10-06 23:59:00,2025-10-06 21:30:00,2025-10-09 06:40:00,1.0,1649.0,57.166666666666664,149.0,0,1,Not Cancelled,Normal,0,0,0,1,1,0,Not Cancelled
251005AGGVRPPS,Selesai,2025-10-05 18:02:00,2025-10-05,2025-10-05 18:02:00,2025-10-06 23:59:00,2025-10-06 18:02:00,2025-10-16 18:50:00,0.0,1440.0,240.8,357.0,0,1,Not Cancelled,Normal,0,0,0,1,1,0,Not Cancelled
251005AGHMJSF5,Selesai,2025-10-05 18:02:00,2025-10-05,2025-10-05 18:02:00,2025-10-06 23:59:00,2025-10-06 18:01:00,2025-10-10 11:34:00,0.0,1439.0,89.55,358.0,0,1,Not Cancelled,Normal,0,0,0,1,1,0,Not Cancelled
251005AH2K6NU9,Selesai,2025-10-05 18:12:00,2025-10-05,2025-10-05 18:12:00,2025-10-06 23:59:00,2025-10-06 18:01:00,2025-10-09 16:51:00,0.0,1429.0,70.83333333333333,358.0,0,1,Not Cancelled,Normal,0,0,0,3,1,0,Not Cancelled
251005AHFRPDVU,Selesai,2025-10-05 18:19:00,2025-10-05,2025-10-05 18:19:00,2025-10-06 23:59:00,2025-10-06 18:05:00,2025-10-18 20:44:00,0.0,1426.0,290.65,354.0,0,1,Not Cancelled,Normal,0,0,0,1,1,0,Not Cancelled
251005AK9A95DE,Selesai,2025-10-05 18:51:00,2025-10-05,2025-10-05 18:51:00,2025-10-06 23:59:00,2025-10-06 18:05:00,2025-10-12 01:35:00,0.0,1394.0,127.5,354.0,0,1,Not Cancelled,Normal,0,0,0,1,1,0,Not Cancelled
251005AMECNNTC,Selesai,2025-10-05 19:12:00,2025-10-05,2025-10-05 19:12:00,2025-10-06 23:59:00,2025-10-06 18:01:00,2025-10-14 15:51:00,0.0,1369.0,189.83333333333334,358.0,0,1,Not Cancelled,Normal,0,0,0,1,1,0,Not Cancelled
251005AN5758D5,Selesai,2025-10-05 19:25:00,2025-10-05,2025-10-05 19:25:00,2025-10-06 23:59:00,2025-10-06 18:00:00,2025-10-12 11:44:00,0.0,1355.0,137.73333333333332,359.0,0,1,Not Cancelled,Normal,0,0,0,1,1,0,Not Cancelled
251005ANA0P90S,Batal,2025-10-05 19:28:00,2025-10-05,2025-10-05 19:28:00,2025-10-06 23:59:00,2025-10-06 21:30:00,,0.0,1562.0,,149.0,1,1,Post-Fulfillment Initiation,Normal,0,0,0,1,1,0,Delivery Failed
251005ANH8E5KA,Selesai,2025-10-05 19:32:00,2025-10-05,2025-10-05 19:32:00,2025-10-06 23:59:00,2025-10-06 21:31:00,2025-10-27 12:41:00,0.0,1559.0,495.1666666666667,148.0,0,1,Not Cancelled,Normal,0,0,0,1,1,0,Not Cancelled
251005ANUBRU6Q,Batal,2025-10-05 19:37:00,2025-10-05,2025-10-05 19:37:00,2025-10-06 23:59:00,,,0.0,,,,1,0,Pre-Fulfillment,Not Processed,0,0,0,1,1,0,Change Order
251005AP5GYJWR,Selesai,2025-10-05 19:43:00,2025-10-05,2025-10-05 19:43:00,2025-10-06 23:59:00,2025-10-06 18:06:00,2025-10-10 14:51:00,0.0,1343.0,92.75,353.0,0,1,Not Cancelled,Normal,0,0,0,1,1,0,Not Cancelled
251005APJ4CCXV,Selesai,2025-10-05 19:50:00,2025-10-05,2025-10-05 19:52:00,2025-10-06 23:59:00,2025-10-05 19:52:00,2025-10-07 17:54:00,2.0,2.0,46.03333333333333,1687.0,0,1,Not Cancelled,Normal,0,0,0,1,1,0,Not Cancelled
251005APRFFFWM,Selesai,2025-10-05 19:54:00,2025-10-05,2025-10-05 19:54:00,2025-10-06 23:59:00,2025-10-06 18:06:00,2025-10-16 18:53:00,0.0,1332.0,240.78333333333333,353.0,0,1,Not Cancelled,Normal,0,0,0,1,1,0,Not Cancelled
251005AQ1S1MFS,Selesai,2025-10-05 19:59:00,2025-10-05,2025-10-05 19:59:00,2025-10-06 23:59:00,2025-10-06 18:01:00,2025-10-09 21:41:00,0.0,1322.0,75.66666666666667,358.0,0,1,Not Cancelled,Normal,0,0,0,1,1,0,Not Cancelled
251005AQCJ83RG,Selesai,2025-10-05 20:05:00,2025-10-05,2025-10-05 20:05:00,2025-10-06 23:59:00,2025-10-06 21:30:00,2025-10-20 15:47:00,0.0,1525.0,330.28333333333336,149.0,0,1,Not Cancelled,Normal,0,0,0,1,1,0,Not Cancelled
251005AS9R5FKM,Selesai,2025-10-05 20:39:00,2025-10-05,2025-10-05 20:40:00,2025-10-06 23:59:00,2025-10-06 17:59:00,2025-10-14 23:00:00,1.0,1280.0,197.01666666666668,360.0,0,1,Not Cancelled,Normal,0,0,0,1,1,0,Not Cancelled
251005ASEBXTT6,Selesai,2025-10-05 20:42:00,2025-10-05,2025-10-05 20:42:00,2025-10-06 23:59:00,2025-10-06 21:30:00,2025-10-10 12:06:00,0.0,1488.0,86.6,149.0,0,1,Not Cancelled,Normal,0,0,0,1,1,0,Not Cancelled
251005ASWDJPQT,Selesai,2025-10-05 20:50:00,2025-10-05,2025-10-05 20:50:00,2025-10-06 23:59:00,2025-10-06 17:59:00,2025-10-09 13:36:00,0.0,1269.0,67.61666666666666,360.0,0,1,Not Cancelled,Normal,0,0,0,1,1,0,Not Cancelled
251005ATC1TP2J,Selesai,2025-10-05 20:58:00,2025-10-05,2025-10-05 20:59:00,2025-10-06 23:59:00,2025-10-06 18:05:00,2025-10-09 18:19:00,1.0,1267.0,72.23333333333333,354.0,0,1,Not Cancelled,Normal,0,0,0,1,1,0,Not Cancelled
251005ATNWH357,Batal,2025-10-05 21:04:00,2025-10-05,2025-10-05 21:04:00,2025-10-06 23:59:00,,,0.0,,,,1,0,Pre-Fulfillment,Not Processed,0,0,0,2,2,0,Change Address
251005ATS99H0X,Selesai,2025-10-05 21:06:00,2025-10-05,2025-10-05 21:06:00,2025-10-06 23:59:00,2025-10-06 18:00:00,2025-10-15 14:29:00,0.0,1254.0,212.48333333333332,359.0,0,1,Not Cancelled,Normal,0,0,0,1,1,0,Not Cancelled
251005AU57NMD0,Selesai,2025-10-05 21:12:00,2025-10-05,2025-10-05 21:12:00,2025-10-06 23:59:00,2025-10-06 21:30:00,2025-10-10 11:49:00,0.0,1458.0,86.31666666666666,149.0,0,1,Not Cancelled,Normal,0,0,0,1,1,0,Not Cancelled
251005AUEF93CP,Selesai,2025-10-05 21:17:00,2025-10-05,2025-10-05 21:18:00,2025-10-06 23:59:00,2025-10-05 21:18:00,2025-10-08 05:35:00,1.0,1.0,56.28333333333333,1601.0,0,1,Not Cancelled,Normal,0,0,0,1,1,0,Not Cancelled
251005AUPC1C2S,Selesai,2025-10-05 21:22:00,2025-10-05,2025-10-05 21:22:00,2025-10-06 23:59:00,2025-10-06 17:58:00,2025-10-10 11:56:00,0.0,1236.0,89.96666666666667,361.0,0,1,Not Cancelled,Normal,0,0,0,1,1,0,Not Cancelled
251005AVTC269U,Selesai,2025-10-05 21:42:00,2025-10-05,2025-10-05 21:44:00,2025-10-06 23:59:00,2025-10-06 18:06:00,2025-10-10 13:31:00,2.0,1224.0,91.41666666666667,353.0,0,1,Not Cancelled,Normal,0,0,0,1,1,0,Not Cancelled
251005AVVV5W34,Selesai,2025-10-05 21:43:00,2025-10-05,2025-10-05 21:43:00,2025-10-06 23:59:00,2025-10-06 21:30:00,2025-10-13 12:21:00,0.0,1427.0,158.85,149.0,0,1,Not Cancelled,Normal,0,0,0,1,1,0,Not Cancelled
251005AW7QAGBH,Selesai,2025-10-05 21:49:00,2025-10-05,2025-10-05 21:50:00,2025-10-06 23:59:00,2025-10-06 18:04:00,2025-10-21 11:49:00,1.0,1215.0,353.75,355.0,0,1,Not Cancelled,Normal,0,0,0,1,1,0,Not Cancelled
251005AWGA151R,Selesai,2025-10-05 21:54:00,2025-10-05,2025-10-05 21:55:00,2025-10-06 23:59:00,2025-10-06 17:59:00,2025-10-08 14:36:00,1.0,1205.0,44.61666666666667,360.0,0,1,Not Cancelled,Normal,0,0,0,1,1,0,Not Cancelled
251005AWU62FSM,Selesai,2025-10-05 22:00:00,2025-10-05,2025-10-05 22:01:00,2025-10-06 23:59:00,2025-10-06 18:00:00,2025-10-14 09:22:00,1.0,1200.0,183.36666666666667,359.0,0,1,Not Cancelled,Normal,0,0,0,1,1,0,Not Cancelled
251005AXKH6U3U,Selesai,2025-10-05 22:14:00,2025-10-05,2025-10-05 22:15:00,2025-10-06 23:59:00,2025-10-06 18:04:00,2025-10-15 20:01:00,1.0,1190.0,217.95,355.0,0,1,Not Cancelled,Normal,0,0,0,2,1,0,Not Cancelled
251005AXY8YS1Q,Batal,2025-10-05 22:21:00,2025-10-05,2025-10-05 22:21:00,2025-10-06 23:59:00,2025-10-06 21:29:00,,0.0,1388.0,,150.0,1,1,Post-Fulfillment Initiation,Normal,0,0,0,1,1,0,Delivery Failed
251005AY44EGX8,Batal,2025-10-05 22:23:00,2025-10-05,2025-10-05 22:23:00,2025-10-06 23:59:00,2025-10-06 17:59:00,,0.0,1176.0,,360.0,1,1,Post-Fulfillment Initiation,Normal,0,0,0,1,1,0,Delivery Failed
251005AYSWK993,Selesai,2025-10-05 22:35:00,2025-10-05,2025-10-05 22:35:00,2025-10-06 23:59:00,2025-10-05 22:35:00,2025-10-14 18:01:00,0.0,0.0,211.43333333333334,1524.0,0,1,Not Cancelled,Normal,0,0,0,1,1,0,Not Cancelled
251005B07JBBS8,Selesai,2025-10-05 22:43:00,2025-10-05,2025-10-05 22:45:00,2025-10-06 23:59:00,2025-10-06 21:30:00,2025-10-19 03:21:00,2.0,1367.0,293.85,149.0,0,1,Not Cancelled,Normal,0,0,0,1,1,0,Not Cancelled
251005B0E8WAFB,Selesai,2025-10-05 22:47:00,2025-10-05,2025-10-05 22:47:00,2025-10-06 23:59:00,2025-10-06 18:04:00,2025-10-14 15:14:00,0.0,1157.0,189.16666666666666,355.0,0,1,Not Cancelled,Normal,0,0,0,1,1,0,Not Cancelled
251005B10T3V0X,Selesai,2025-10-05 22:57:00,2025-10-05,2025-10-05 22:57:00,2025-10-06 23:59:00,2025-10-06 18:02:00,2025-10-11 12:37:00,0.0,1145.0,114.58333333333333,357.0,0,1,Not Cancelled,Normal,0,0,0,1,1,0,Not Cancelled
251006B1NNN7HG,Selesai,2025-10-05 23:09:00,2025-10-05,2025-10-05 23:09:00,2025-10-06 23:59:00,2025-10-06 18:05:00,2025-10-16 15:52:00,0.0,1136.0,237.78333333333333,354.0,0,1,Not Cancelled,Normal,0,0,0,1,1,0,Not Cancelled
251006B1SHNSRY,Selesai,2025-10-05 23:11:00,2025-10-05,2025-10-05 23:11:00,2025-10-06 23:59:00,2025-10-06 18:02:00,2025-10-09 13:13:00,0.0,1131.0,67.18333333333334,357.0,0,1,Not Cancelled,Normal,0,0,0,1,1,0,Not Cancelled
251006B2CBDD6M,Batal,2025-10-05 23:21:00,2025-10-05,2025-10-05 23:22:00,2025-10-06 23:59:00,,,1.0,,,,1,0,Pre-Fulfillment,Not Processed,0,0,0,1,1,0,Change Address
251006B2F0A31U,Selesai,2025-10-05 23:23:00,2025-10-05,2025-10-05 23:23:00,2025-10-06 23:59:00,2025-10-06 18:04:00,2025-10-08 20:23:00,0.0,1121.0,50.31666666666667,355.0,0,1,Not Cancelled,Normal,0,0,0,1,1,0,Not Cancelled
251006B4DXFHV2,Selesai,2025-10-05 23:58:00,2025-10-05,2025-10-05 23:58:00,2025-10-06 23:59:00,2025-10-06 18:01:00,2025-10-17 17:29:00,0.0,1083.0,263.46666666666664,358.0,0,1,Not Cancelled,Normal,0,0,0,1,1,0,Not Cancelled
251006B4G9RPR1,Selesai,2025-10-05 23:59:00,2025-10-05,2025-10-06 00:00:00,2025-10-06 23:59:00,2025-10-06 18:06:00,2025-10-10 18:59:00,1.0,1087.0,96.88333333333334,353.0,0,1,Not Cancelled,Normal,0,0,0,1,1,0,Not Cancelled
251006B6DBWM5B,Selesai,2025-10-06 00:34:00,2025-10-06,2025-10-06 00:34:00,2025-10-06 23:59:00,2025-10-06 18:04:00,2025-10-17 20:29:00,0.0,1050.0,266.4166666666667,355.0,0,1,Not Cancelled,Normal,0,0,0,1,1,0,Not Cancelled
251006B774TX09,Batal,2025-10-06 00:48:00,2025-10-06,2025-10-06 00:48:00,2025-10-06 23:59:00,2025-10-06 21:30:00,,0.0,1242.0,,149.0,1,1,Post-Fulfillment Initiation,Normal,0,0,0,1,1,0,Delivery Failed
251006BA70SQBV,Selesai,2025-10-06 01:42:00,2025-10-06,2025-10-06 01:56:00,2025-10-06 23:59:00,2025-10-06 18:02:00,2025-10-13 15:10:00,14.0,980.0,165.13333333333333,357.0,0,1,Not Cancelled,Normal,0,0,0,1,1,0,Not Cancelled
251006BED1G40B,Batal,2025-10-06 02:57:00,2025-10-06,2025-10-06 02:57:00,2025-10-06 23:59:00,,,0.0,,,,1,0,Pre-Fulfillment,Not Processed,0,0,0,1,1,0,Change Order
251006BVDFCPBH,Batal,2025-10-06 07:07:00,2025-10-06,2025-10-06 07:07:00,2025-10-06 23:59:00,,,0.0,,,,1,0,Pre-Fulfillment,Not Processed,0,0,0,1,1,0,Change Address
251006BW0QG7VV,Batal,2025-10-06 07:18:00,2025-10-06,2025-10-06 07:18:00,2025-10-06 23:59:00,,,0.0,,,,1,0,Pre-Fulfillment,Not Processed,0,0,0,1,1,0,Other
251006BWDMC13U,Batal,2025-10-06 07:25:00,2025-10-06,2025-10-06 07:26:00,2025-10-06 23:59:00,,,1.0,,,,1,0,Pre-Fulfillment,Not Processed,0,0,0,1,1,0,Other
251006BWTYKX0Y,Selesai,2025-10-06 07:33:00,2025-10-06,2025-10-06 07:33:00,2025-10-06 23:59:00,2025-10-06 07:33:00,2025-10-14 20:51:00,0.0,0.0,205.3,986.0,0,1,Not Cancelled,Normal,0,0,0,1,1,0,Not Cancelled
251006BX3EG5K1,Selesai,2025-10-06 07:38:00,2025-10-06,2025-10-06 07:38:00,2025-10-06 23:59:00,2025-10-06 18:05:00,2025-10-17 19:02:00,0.0,627.0,264.95,354.0,0,1,Not Cancelled,Normal,0,0,0,1,1,0,Not Cancelled
251006BYN3B5X9,Selesai,2025-10-06 08:05:00,2025-10-06,2025-10-06 08:05:00,2025-10-06 23:59:00,2025-10-06 21:30:00,2025-10-09 13:36:00,0.0,805.0,64.1,149.0,0,1,Not Cancelled,Normal,0,0,0,1,1,0,Not Cancelled
251006BYPCABA5,Selesai,2025-10-06 08:06:00,2025-10-06,2025-10-06 08:06:00,2025-10-06 23:59:00,2025-10-06 18:03:00,2025-10-16 18:01:00,0.0,597.0,239.96666666666667,356.0,0,1,Not Cancelled,Normal,0,0,0,1,1,0,Not Cancelled
251006BYR9B7HM,Selesai,2025-10-06 08:07:00,2025-10-06,2025-10-06 08:07:00,2025-10-06 23:59:00,2025-10-06 08:07:00,2025-10-09 11:50:00,0.0,0.0,75.71666666666667,952.0,0,1,Not Cancelled,Normal,0,0,0,1,1,0,Not Cancelled
251006BYU8RG82,Batal,2025-10-06 08:09:00,2025-10-06,2025-10-06 08:09:00,2025-10-06 23:59:00,,,0.0,,,,1,0,Pre-Fulfillment,Not Processed,0,0,0,2,1,0,Change Address
251006C04CJFER,Selesai,2025-10-06 08:14:00,2025-10-06,2025-10-06 08:14:00,2025-10-06 23:59:00,2025-10-06 18:05:00,2025-10-11 14:35:00,0.0,591.0,116.5,354.0,0,1,Not Cancelled,Normal,0,0,0,1,1,0,Not Cancelled
251006C05GRE6J,Selesai,2025-10-06 08:15:00,2025-10-06,2025-10-06 08:15:00,2025-10-06 23:59:00,2025-10-06 08:15:00,2025-10-15 13:37:00,0.0,0.0,221.36666666666667,944.0,0,1,Not Cancelled,Normal,0,0,0,1,1,0,Not Cancelled
251006C0TCCNDP,Batal,2025-10-06 08:26:00,2025-10-06,2025-10-06 08:26:00,2025-10-06 23:59:00,,,0.0,,,,1,0,Pre-Fulfillment,Not Processed,0,0,0,1,1,0,Other
251006C0UEQXXM,Batal,2025-10-06 08:27:00,2025-10-06,,,,,,,,,1,0,Pre-Fulfillment,Not Processed,0,0,0,1,1,0,Unpaid Order
251006C1M0HUR5,Batal,2025-10-06 08:41:00,2025-10-06,2025-10-06 08:41:00,2025-10-06 23:59:00,,,0.0,,,,1,0,Pre-Fulfillment,Not Processed,0,0,0,1,1,0,Change Address
251006C1NMYAST,Selesai,2025-10-06 08:41:00,2025-10-06,2025-10-06 08:42:00,2025-10-06 23:59:00,2025-10-06 17:59:00,2025-10-10 05:17:00,1.0,558.0,83.3,360.0,0,1,Not Cancelled,Normal,0,0,0,1,1,0,Not Cancelled
251006C27XFT7U,Selesai,2025-10-06 08:52:00,2025-10-06,2025-10-06 08:52:00,2025-10-06 23:59:00,2025-10-06 21:30:00,2025-10-15 19:15:00,0.0,758.0,213.75,149.0,0,1,Not Cancelled,Normal,0,0,0,1,1,0,Not Cancelled
251006C2H66NNE,Selesai,2025-10-06 08:57:00,2025-10-06,2025-10-06 08:57:00,2025-10-06 23:59:00,2025-10-06 18:03:00,2025-10-16 14:13:00,0.0,546.0,236.16666666666666,356.0,0,1,Not Cancelled,Normal,0,0,0,1,1,0,Not Cancelled
251006C2REVUG3,Selesai,2025-10-06 09:01:00,2025-10-06,2025-10-06 09:01:00,2025-10-06 23:59:00,2025-10-06 18:04:00,2025-10-10 19:47:00,0.0,543.0,97.71666666666667,355.0,0,1,Not Cancelled,Normal,0,0,0,1,1,0,Not Cancelled
251006C2RKNYW3,Selesai,2025-10-06 09:01:00,2025-10-06,2025-10-06 09:01:00,2025-10-06 23:59:00,2025-10-06 17:59:00,2025-10-16 18:07:00,0.0,538.0,240.13333333333333,360.0,0,1,Not Cancelled,Normal,0,0,0,1,1,0,Not Cancelled
251006C2YQHQW0,Selesai,2025-10-06 09:05:00,2025-10-06,2025-10-06 09:05:00,2025-10-06 23:59:00,2025-10-06 18:03:00,2025-10-09 22:35:00,0.0,538.0,76.53333333333333,356.0,0,1,Not Cancelled,Normal,0,0,0,1,1,0,Not Cancelled
251006C45QFTGJ,Selesai,2025-10-06 09:26:00,2025-10-06,2025-10-06 09:26:00,2025-10-06 23:59:00,2025-10-06 18:01:00,2025-10-11 08:49:00,0.0,515.0,110.8,358.0,0,1,Not Cancelled,Normal,0,0,0,1,1,0,Not Cancelled
251006C464V8XX,Batal,2025-10-06 09:26:00,2025-10-06,2025-10-06 09:27:00,2025-10-06 23:59:00,,,1.0,,,,1,0,Pre-Fulfillment,Not Processed,0,0,0,1,1,0,Change Order
251006C4800AUS,Batal,2025-10-06 09:28:00,2025-10-06,2025-10-06 09:28:00,2025-10-06 23:59:00,2025-10-06 18:04:00,,0.0,516.0,,355.0,1,1,Post-Fulfillment Initiation,Normal,0,0,0,1,1,0,Delivery Failed
251006C4DWRTXJ,Selesai,2025-10-06 09:31:00,2025-10-06,2025-10-06 09:33:00,2025-10-06 23:59:00,2025-10-06 17:59:00,2025-10-10 03:09:00,2.0,508.0,81.16666666666667,360.0,0,1,Not Cancelled,Normal,0,0,0,1,1,0,Not Cancelled
251006C4JNBY8G,Selesai,2025-10-06 09:33:00,2025-10-06,2025-10-06 09:34:00,2025-10-06 23:59:00,2025-10-06 18:01:00,2025-10-21 17:48:00,1.0,508.0,359.78333333333336,358.0,0,1,Not Cancelled,Normal,0,0,0,1,1,0,Not Cancelled
251006C4YM89GT,Selesai,2025-10-06 09:41:00,2025-10-06,2025-10-06 09:41:00,2025-10-06 23:59:00,2025-10-06 18:03:00,2025-10-10 11:12:00,0.0,502.0,89.15,356.0,0,1,Not Cancelled,Normal,0,0,0,1,1,0,Not Cancelled
251006C570Q033,Batal,2025-10-06 09:45:00,2025-10-06,2025-10-06 09:45:00,2025-10-06 23:59:00,2025-10-07 18:46:00,,0.0,1981.0,,-1127.0,1,1,Post-Fulfillment Initiation,Attention,1,0,0,1,1,0,Delivery Failed
251006C62MT9VR,Selesai,2025-10-06 10:00:00,2025-10-06,2025-10-06 10:01:00,2025-10-06 23:59:00,2025-10-06 18:01:00,2025-10-16 15:58:00,1.0,481.0,237.95,358.0,0,1,Not Cancelled,Normal,0,0,0,1,1,0,Not Cancelled
251006C65M78FQ,Selesai,2025-10-06 10:02:00,2025-10-06,2025-10-06 10:02:00,2025-10-06 23:59:00,2025-10-06 18:04:00,2025-10-14 14:10:00,0.0,482.0,188.1,355.0,0,1,Not Cancelled,Normal,0,0,0,1,1,0,Not Cancelled
251006C6K8WG37,Selesai,2025-10-06 10:10:00,2025-10-06,2025-10-06 10:10:00,2025-10-06 23:59:00,2025-10-06 17:59:00,2025-10-09 13:47:00,0.0,469.0,67.8,360.0,0,1,Not Cancelled,Normal,0,0,0,1,1,0,Not Cancelled
251006C6XHDQN9,Selesai,2025-10-06 10:16:00,2025-10-06,2025-10-06 10:16:00,2025-10-06 23:59:00,2025-10-06 18:03:00,2025-10-08 18:59:00,0.0,467.0,48.93333333333333,356.0,0,1,Not Cancelled,Normal,0,0,0,1,1,0,Not Cancelled
251006C7C0GMKY,Selesai,2025-10-06 10:23:00,2025-10-06,2025-10-06 10:23:00,2025-10-06 23:59:00,2025-10-06 18:04:00,2025-10-10 07:13:00,0.0,461.0,85.15,355.0,0,1,Not Cancelled,Normal,0,0,0,1,1,0,Not Cancelled
251006C7YCE8JK,Selesai,2025-10-06 10:34:00,2025-10-06,2025-10-06 10:34:00,2025-10-06 23:59:00,2025-10-06 18:02:00,2025-10-20 23:37:00,0.0,448.0,341.5833333333333,357.0,0,1,Not Cancelled,Normal,0,0,0,1,1,0,Not Cancelled
251006C8J2C5XM,Selesai,2025-10-06 10:45:00,2025-10-06,2025-10-06 10:45:00,2025-10-06 23:59:00,2025-10-06 15:13:00,2025-10-09 14:58:00,0.0,268.0,71.75,526.0,0,1,Not Cancelled,Normal,0,0,0,1,1,0,Not Cancelled
251006C99RFMXN,Selesai,2025-10-06 10:58:00,2025-10-06,2025-10-06 10:58:00,2025-10-06 23:59:00,2025-10-06 17:59:00,2025-10-09 18:27:00,0.0,421.0,72.46666666666667,360.0,0,1,Not Cancelled,Normal,0,0,0,1,1,0,Not Cancelled
251006C9K4XV8P,Selesai,2025-10-06 11:03:00,2025-10-06,2025-10-06 11:04:00,2025-10-06 23:59:00,2025-10-06 18:06:00,2025-10-16 15:18:00,1.0,423.0,237.2,353.0,0,1,Not Cancelled,Normal,0,0,0,1,1,0,Not Cancelled
251006C9N8NSB1,Batal,2025-10-06 11:04:00,2025-10-06,2025-10-06 11:04:00,2025-10-06 23:59:00,,,0.0,,,,1,0,Pre-Fulfillment,Not Processed,0,0,0,1,1,0,Change Order
251006C9PYXTET,Selesai,2025-10-06 11:05:00,2025-10-06,2025-10-06 11:06:00,2025-10-06 23:59:00,2025-10-06 15:13:00,2025-10-08 13:30:00,1.0,248.0,46.28333333333333,526.0,0,1,Not Cancelled,Normal,0,0,0,1,1,0,Not Cancelled
251006C9TVX2PD,Selesai,2025-10-06 11:08:00,2025-10-06,2025-10-06 11:08:00,2025-10-06 23:59:00,2025-10-06 17:59:00,2025-10-17 22:00:00,0.0,411.0,268.01666666666665,360.0,0,1,Not Cancelled,Normal,0,0,0,1,1,0,Not Cancelled
251006CA6X6B1X,Selesai,2025-10-06 11:14:00,2025-10-06,2025-10-06 11:15:00,2025-10-06 23:59:00,2025-10-06 15:13:00,2025-10-07 16:02:00,1.0,239.0,24.816666666666666,526.0,0,1,Not Cancelled,Normal,0,0,0,1,1,0,Not Cancelled
251006CAKFNNA7,Batal,2025-10-06 11:21:00,2025-10-06,2025-10-06 11:21:00,2025-10-06 23:59:00,2025-10-06 18:06:00,,0.0,405.0,,353.0,1,1,Post-Fulfillment Initiation,Normal,0,0,0,1,1,0,Delivery Failed
251006CAWUK2G1,Selesai,2025-10-06 11:27:00,2025-10-06,2025-10-06 11:27:00,2025-10-06 23:59:00,2025-10-06 15:13:00,2025-10-12 20:57:00,0.0,226.0,149.73333333333332,526.0,0,1,Not Cancelled,Normal,0,0,0,2,2,0,Not Cancelled
251006CBE0F032,Selesai,2025-10-06 11:36:00,2025-10-06,2025-10-06 11:36:00,2025-10-06 23:59:00,2025-10-06 18:05:00,2025-10-15 20:50:00,0.0,389.0,218.75,354.0,0,1,Not Cancelled,Normal,0,0,0,1,1,0,Not Cancelled
251006CBMDGR37,Selesai,2025-10-06 11:40:00,2025-10-06,2025-10-06 11:40:00,2025-10-06 23:59:00,2025-10-06 18:01:00,2025-10-09 13:08:00,0.0,381.0,67.11666666666666,358.0,0,1,Not Cancelled,Normal,0,0,0,1,1,0,Not Cancelled
251006CCS0JWKV,Selesai,2025-10-06 12:00:00,2025-10-06,2025-10-06 12:00:00,2025-10-07 23:59:00,2025-10-07 18:42:00,2025-10-15 17:14:00,0.0,1842.0,190.53333333333333,317.0,0,1,Not Cancelled,Normal,0,0,0,1,1,0,Not Cancelled
251006CD6EP7WS,Batal,2025-10-06 12:08:00,2025-10-06,2025-10-06 12:08:00,2025-10-07 23:59:00,2025-10-07 13:46:00,,0.0,1538.0,,613.0,1,1,Post-Fulfillment Initiation,Normal,0,0,0,1,1,0,Delivery Failed
251006CDBSDN4X,Selesai,2025-10-06 12:11:00,2025-10-06,2025-10-06 12:11:00,2025-10-07 23:59:00,2025-10-07 18:42:00,2025-10-20 13:53:00,0.0,1831.0,307.18333333333334,317.0,0,1,Not Cancelled,Normal,0,0,0,1,1,0,Not Cancelled
251006CEYRK19A,Selesai,2025-10-06 12:40:00,2025-10-06,2025-10-06 12:40:00,2025-10-07 23:59:00,2025-10-07 13:46:00,2025-10-15 16:44:00,0.0,1506.0,194.96666666666667,613.0,0,1,Not Cancelled,Normal,0,0,0,1,1,0,Not Cancelled
251006CGDS4ER1,Selesai,2025-10-06 13:05:00,2025-10-06,2025-10-06 13:06:00,2025-10-07 23:59:00,2025-10-07 13:42:00,2025-10-10 09:49:00,1.0,1477.0,68.11666666666666,617.0,0,1,Not Cancelled,Normal,0,0,0,1,1,0,Not Cancelled
251006CH5KYWU6,Selesai,2025-10-06 13:19:00,2025-10-06,2025-10-06 13:19:00,2025-10-07 23:59:00,2025-10-07 13:45:00,2025-10-13 07:05:00,0.0,1466.0,137.33333333333334,614.0,0,1,Not Cancelled,Normal,0,0,0,1,1,0,Not Cancelled
251006CHU7FTDS,Selesai,2025-10-06 13:31:00,2025-10-06,2025-10-06 13:31:00,2025-10-07 23:59:00,2025-10-07 13:45:00,2025-10-15 15:59:00,0.0,1454.0,194.23333333333332,614.0,0,1,Not Cancelled,Normal,0,0,0,1,1,0,Not Cancelled
251006CKE49W56,Selesai,2025-10-06 13:59:00,2025-10-06,2025-10-06 14:00:00,2025-10-07 23:59:00,2025-10-07 14:54:00,2025-10-08 21:43:00,1.0,1495.0,30.816666666666666,545.0,0,1,Not Cancelled,Normal,0,0,0,1,1,0,Not Cancelled
251006CKHH0DF8,Selesai,2025-10-06 14:01:00,2025-10-06,2025-10-06 14:01:00,2025-10-07 23:59:00,2025-10-07 13:43:00,2025-10-16 14:01:00,0.0,1422.0,216.3,616.0,0,1,Not Cancelled,Normal,0,0,0,1,1,0,Not Cancelled
251006CKYN22YD,Selesai,2025-10-06 14:09:00,2025-10-06,2025-10-06 14:09:00,2025-10-07 23:59:00,2025-10-07 18:45:00,2025-10-15 18:03:00,0.0,1716.0,191.3,314.0,0,1,Not Cancelled,Normal,0,0,0,1,1,0,Not Cancelled
251006CMSMMJ2J,Selesai,2025-10-06 14:24:00,2025-10-06,2025-10-06 14:24:00,2025-10-07 23:59:00,2025-10-07 13:42:00,2025-10-12 15:35:00,0.0,1398.0,121.88333333333334,617.0,0,1,Not Cancelled,Normal,0,0,0,1,1,0,Not Cancelled
251006CMVSRAQF,Selesai,2025-10-06 14:25:00,2025-10-06,2025-10-06 14:26:00,2025-10-07 23:59:00,2025-10-07 13:43:00,2025-10-14 15:18:00,1.0,1398.0,169.58333333333334,616.0,0,1,Not Cancelled,Normal,0,0,0,1,1,0,Not Cancelled
251006CN1FFR6P,Selesai,2025-10-06 14:28:00,2025-10-06,2025-10-06 14:28:00,2025-10-07 23:59:00,2025-10-07 13:45:00,2025-10-14 08:29:00,0.0,1397.0,162.73333333333332,614.0,0,1,Not Cancelled,Normal,0,0,0,1,1,0,Not Cancelled
251006CP25NEQX,Selesai,2025-10-06 14:46:00,2025-10-06,2025-10-06 14:47:00,2025-10-07 23:59:00,2025-10-07 13:46:00,2025-10-14 14:43:00,1.0,1380.0,168.95,613.0,0,1,Not Cancelled,Normal,0,0,0,1,1,0,Not Cancelled
251006CPBWHHQA,Batal,2025-10-06 14:52:00,2025-10-06,,,,,,,,,1,0,Pre-Fulfillment,Not Processed,0,0,0,1,1,0,Voucher Issue
251006CPJM2TAW,Selesai,2025-10-06 14:56:00,2025-10-06,2025-10-06 14:59:00,2025-10-07 23:59:00,2025-10-07 18:43:00,2025-10-15 12:40:00,3.0,1667.0,185.95,316.0,0,1,Not Cancelled,Normal,0,0,0,1,1,0,Not Cancelled
251006CQUCPK20,Selesai,2025-10-06 15:18:00,2025-10-06,2025-10-06 15:18:00,2025-10-07 23:59:00,2025-10-07 13:46:00,2025-10-19 14:08:00,0.0,1348.0,288.3666666666667,613.0,0,1,Not Cancelled,Normal,0,0,0,1,1,0,Not Cancelled
251006CRCJ2WM7,Selesai,2025-10-06 15:28:00,2025-10-06,2025-10-06 15:28:00,2025-10-07 23:59:00,2025-10-07 13:45:00,2025-10-14 05:43:00,0.0,1337.0,159.96666666666667,614.0,0,1,Not Cancelled,Normal,0,0,0,1,1,0,Not Cancelled
251006CTAGQTST,Selesai,2025-10-06 16:03:00,2025-10-06,2025-10-06 16:03:00,2025-10-07 23:59:00,2025-10-07 13:42:00,2025-10-27 05:45:00,0.0,1299.0,472.05,617.0,0,1,Not Cancelled,Normal,0,0,0,1,1,0,Not Cancelled
251006CTDE6B4A,Batal,2025-10-06 16:04:00,2025-10-06,2025-10-06 16:04:00,2025-10-07 23:59:00,,,0.0,,,,1,0,Pre-Fulfillment,Not Processed,0,0,0,1,1,0,Other
251006CTNNDR89,Selesai,2025-10-06 16:09:00,2025-10-06,2025-10-06 16:09:00,2025-10-07 23:59:00,2025-10-07 13:42:00,2025-10-14 21:05:00,0.0,1293.0,175.38333333333333,617.0,0,1,Not Cancelled,Normal,0,0,0,1,1,0,Not Cancelled
251006CTSHCQDV,Selesai,2025-10-06 16:11:00,2025-10-06,2025-10-06 16:11:00,2025-10-07 23:59:00,2025-10-07 18:47:00,2025-10-11 17:13:00,0.0,1596.0,94.43333333333334,312.0,0,1,Not Cancelled,Normal,0,0,0,1,1,0,Not Cancelled
251006CTW9JKYR,Selesai,2025-10-06 16:13:00,2025-10-06,2025-10-06 16:14:00,2025-10-07 23:59:00,2025-10-07 18:42:00,2025-10-16 22:00:00,1.0,1589.0,219.3,317.0,0,1,Not Cancelled,Normal,0,0,0,1,1,0,Not Cancelled
251006CUTE7HJ5,Selesai,2025-10-06 16:29:00,2025-10-06,2025-10-06 16:29:00,2025-10-07 23:59:00,2025-10-07 18:47:00,2025-10-09 00:13:00,0.0,1578.0,29.433333333333334,312.0,0,1,Not Cancelled,Normal,0,0,0,1,1,0,Not Cancelled
251006CVHFDE15,Selesai,2025-10-06 16:42:00,2025-10-06,2025-10-06 16:45:00,2025-10-07 23:59:00,2025-10-07 13:44:00,2025-10-13 10:12:00,3.0,1262.0,140.46666666666667,615.0,0,1,Not Cancelled,Normal,0,0,0,1,1,0,Not Cancelled
251006CVSPM8KW,Selesai,2025-10-06 16:47:00,2025-10-06,2025-10-06 16:47:00,2025-10-07 23:59:00,2025-10-07 18:42:00,2025-10-18 16:07:00,0.0,1555.0,261.4166666666667,317.0,0,1,Not Cancelled,Normal,0,0,0,1,1,0,Not Cancelled
251006CW4MP08T,Selesai,2025-10-06 16:53:00,2025-10-06,2025-10-06 16:53:00,2025-10-07 23:59:00,2025-10-07 18:47:00,2025-10-08 18:26:00,0.0,1554.0,23.65,312.0,0,1,Not Cancelled,Normal,0,0,0,1,1,0,Not Cancelled
251006CWC5VKB6,Selesai,2025-10-06 16:57:00,2025-10-06,2025-10-06 16:57:00,2025-10-07 23:59:00,2025-10-07 13:45:00,2025-10-10 06:20:00,0.0,1248.0,64.58333333333333,614.0,0,1,Not Cancelled,Normal,0,0,0,1,1,0,Not Cancelled
251006CWMC6BAF,Selesai,2025-10-06 17:02:00,2025-10-06,2025-10-06 17:02:00,2025-10-07 23:59:00,2025-10-07 13:44:00,2025-10-19 14:41:00,0.0,1242.0,288.95,615.0,0,1,Not Cancelled,Normal,0,0,0,1,1,0,Not Cancelled
251006CXKTADP1,Selesai,2025-10-06 17:19:00,2025-10-06,2025-10-06 17:20:00,2025-10-07 23:59:00,2025-10-07 17:39:00,2025-10-09 18:26:00,1.0,1460.0,48.78333333333333,380.0,0,1,Not Cancelled,Normal,0,0,0,1,1,0,Not Cancelled
251006CY1GXVHH,Selesai,2025-10-06 17:27:00,2025-10-06,2025-10-06 17:27:00,2025-10-07 23:59:00,2025-10-07 13:42:00,2025-10-09 16:05:00,0.0,1215.0,50.38333333333333,617.0,0,1,Not Cancelled,Normal,0,0,0,1,1,0,Not Cancelled
251006CYN5FNK9,Selesai,2025-10-06 17:38:00,2025-10-06,2025-10-06 17:38:00,2025-10-07 23:59:00,2025-10-07 13:46:00,2025-10-16 16:47:00,0.0,1208.0,219.01666666666668,613.0,0,1,Not Cancelled,Normal,0,0,0,1,1,0,Not Cancelled
251006CYRRVEFS,Selesai,2025-10-06 17:40:00,2025-10-06,2025-10-06 17:40:00,2025-10-07 23:59:00,2025-10-07 13:45:00,2025-10-11 07:32:00,0.0,1205.0,89.78333333333333,614.0,0,1,Not Cancelled,Normal,0,0,0,1,1,0,Not Cancelled
251006CYS91UEC,Selesai,2025-10-06 17:40:00,2025-10-06,2025-10-06 17:41:00,2025-10-07 23:59:00,2025-10-07 13:45:00,2025-10-15 19:36:00,1.0,1205.0,197.85,614.0,0,1,Not Cancelled,Normal,0,0,0,1,1,0,Not Cancelled
251006CYX5F6JW,Selesai,2025-10-06 17:43:00,2025-10-06,2025-10-06 17:46:00,2025-10-07 23:59:00,2025-10-07 18:44:00,2025-10-08 14:44:00,3.0,1501.0,20.0,315.0,0,1,Not Cancelled,Normal,0,0,0,1,1,0,Not Cancelled
251006D04YV92Q,Batal,2025-10-06 17:47:00,2025-10-06,2025-10-06 17:47:00,2025-10-07 23:59:00,,,0.0,,,,1,0,Pre-Fulfillment,Not Processed,0,0,0,2,2,0,Other
251006D086V8EU,Selesai,2025-10-06 17:49:00,2025-10-06,2025-10-06 17:49:00,2025-10-07 23:59:00,2025-10-07 18:47:00,2025-10-17 11:25:00,0.0,1498.0,232.63333333333333,312.0,0,1,Not Cancelled,Normal,0,0,0,2,2,0,Not Cancelled
251006D0PBUWQ7,Selesai,2025-10-06 17:57:00,2025-10-06,2025-10-06 17:57:00,2025-10-07 23:59:00,2025-10-08 18:19:00,2025-10-21 14:38:00,0.0,2902.0,308.31666666666666,-1100.0,0,1,Not Cancelled,Slow,1,0,0,1,1,0,Not Cancelled
251006D0Y2B1E4,Selesai,2025-10-06 18:02:00,2025-10-06,2025-10-06 18:02:00,2025-10-07 23:59:00,2025-10-07 13:45:00,2025-10-18 09:08:00,0.0,1183.0,259.3833333333333,614.0,0,1,Not Cancelled,Normal,0,0,0,1,1,0,Not Cancelled
251006D18DSJB1,Selesai,2025-10-06 18:07:00,2025-10-06,2025-10-06 18:07:00,2025-10-07 23:59:00,2025-10-07 18:43:00,2025-10-11 14:44:00,0.0,1476.0,92.01666666666667,316.0,0,1,Not Cancelled,Normal,0,0,0,1,1,0,Not Cancelled
251006D1BXBFFY,Selesai,2025-10-06 18:09:00,2025-10-06,2025-10-06 18:09:00,2025-10-07 23:59:00,2025-10-07 13:43:00,2025-10-11 08:07:00,0.0,1174.0,90.4,616.0,0,1,Not Cancelled,Normal,0,0,0,1,1,0,Not Cancelled
251006D1EXNFDR,Selesai,2025-10-06 18:10:00,2025-10-06,2025-10-06 18:10:00,2025-10-07 23:59:00,2025-10-07 13:43:00,2025-10-17 09:46:00,0.0,1173.0,236.05,616.0,0,1,Not Cancelled,Normal,0,0,0,1,1,0,Not Cancelled
251006D1Y3HKT4,Batal,2025-10-06 18:19:00,2025-10-06,2025-10-06 18:19:00,2025-10-07 23:59:00,,,0.0,,,,1,0,Pre-Fulfillment,Not Processed,0,0,0,1,1,0,Other
251006D20K7EY8,Batal,2025-10-06 18:20:00,2025-10-06,2025-10-06 18:20:00,2025-10-07 23:59:00,,,0.0,,,,1,0,Pre-Fulfillment,Not Processed,0,0,0,1,1,0,Change Address
251006D22M3HMB,Selesai,2025-10-06 18:21:00,2025-10-06,2025-10-06 18:22:00,2025-10-07 23:59:00,2025-10-07 18:43:00,2025-10-17 11:58:00,1.0,1462.0,233.25,316.0,0,1,Not Cancelled,Normal,0,0,0,1,1,0,Not Cancelled
251006D27BRDMU,Selesai,2025-10-06 18:24:00,2025-10-06,2025-10-06 18:24:00,2025-10-07 23:59:00,2025-10-07 13:43:00,2025-10-13 20:47:00,0.0,1159.0,151.06666666666666,616.0,0,1,Not Cancelled,Normal,0,0,0,1,1,0,Not Cancelled
251006D2FPR676,Selesai,2025-10-06 18:29:00,2025-10-06,2025-10-06 18:29:00,2025-10-07 23:59:00,2025-10-07 18:45:00,2025-10-16 17:15:00,0.0,1456.0,214.5,314.0,0,1,Not Cancelled,Normal,0,0,0,1,1,0,Not Cancelled
251006D2RVF5QJ,Selesai,2025-10-06 18:34:00,2025-10-06,2025-10-06 18:34:00,2025-10-07 23:59:00,2025-10-07 13:44:00,2025-10-09 18:23:00,0.0,1150.0,52.65,615.0,0,1,Not Cancelled,Normal,0,0,0,1,1,0,Not Cancelled
251006D33C61G3,Selesai,2025-10-06 18:40:00,2025-10-06,2025-10-06 18:40:00,2025-10-07 23:59:00,2025-10-07 13:43:00,2025-10-19 20:10:00,0.0,1143.0,294.45,616.0,0,1,Not Cancelled,Normal,0,0,0,1,1,0,Not Cancelled
251006D38TMYJ4,Selesai,2025-10-06 18:43:00,2025-10-06,2025-10-06 18:45:00,2025-10-07 23:59:00,2025-10-07 17:39:00,2025-10-09 12:28:00,2.0,1376.0,42.81666666666667,380.0,0,1,Not Cancelled,Normal,0,0,0,2,1,0,Not Cancelled
251006D3C7D7PA,Batal,2025-10-06 18:45:00,2025-10-06,2025-10-06 18:45:00,2025-10-07 23:59:00,,,0.0,,,,1,0,Pre-Fulfillment,Not Processed,0,0,0,1,1,0,Change Order
251006D3KNTG53,Batal,2025-10-06 18:49:00,2025-10-06,2025-10-06 18:49:00,2025-10-07 23:59:00,2025-10-08 18:19:00,,0.0,2850.0,,-1100.0,1,1,Post-Fulfillment Initiation,Slow,1,0,0,1,1,0,Delivery Failed
251006D3XAA3H1,Selesai,2025-10-06 18:55:00,2025-10-06,2025-10-06 18:55:00,2025-10-07 23:59:00,2025-10-07 18:42:00,2025-10-15 19:44:00,0.0,1427.0,193.03333333333333,317.0,0,1,Not Cancelled,Normal,0,0,0,1,1,0,Not Cancelled
251006D4KWPRCC,Selesai,2025-10-06 19:07:00,2025-10-06,2025-10-06 19:09:00,2025-10-07 23:59:00,2025-10-07 18:42:00,2025-10-16 17:09:00,2.0,1415.0,214.45,317.0,0,1,Not Cancelled,Normal,0,0,0,1,1,0,Not Cancelled
251006D4XNX8RH,Selesai,2025-10-06 19:13:00,2025-10-06,2025-10-06 19:13:00,2025-10-07 23:59:00,2025-10-07 13:43:00,2025-10-18 13:42:00,0.0,1110.0,263.98333333333335,616.0,0,1,Not Cancelled,Normal,0,0,0,1,1,0,Not Cancelled
251006D53HEU8X,Selesai,2025-10-06 19:16:00,2025-10-06,2025-10-06 19:16:00,2025-10-07 23:59:00,2025-10-07 13:44:00,2025-10-12 22:35:00,0.0,1108.0,128.85,615.0,0,1,Not Cancelled,Normal,0,0,0,1,1,0,Not Cancelled
251006D564CT6R,Selesai,2025-10-06 19:17:00,2025-10-06,2025-10-06 19:17:00,2025-10-07 23:59:00,2025-10-07 13:43:00,2025-10-18 13:56:00,0.0,1106.0,264.21666666666664,616.0,0,1,Not Cancelled,Normal,0,0,0,2,1,0,Not Cancelled
251006D5AT2TF9,Selesai,2025-10-06 19:20:00,2025-10-06,2025-10-06 19:20:00,2025-10-07 23:59:00,2025-10-07 18:43:00,2025-10-12 10:47:00,0.0,1403.0,112.06666666666666,316.0,0,1,Not Cancelled,Normal,0,0,0,1,1,0,Not Cancelled
251006D5YY8U58,Selesai,2025-10-06 19:31:00,2025-10-06,2025-10-06 19:32:00,2025-10-07 23:59:00,2025-10-07 13:45:00,2025-10-17 11:11:00,1.0,1094.0,237.43333333333334,614.0,0,1,Not Cancelled,Normal,0,0,0,1,1,0,Not Cancelled
251006D63KM496,Selesai,2025-10-06 19:34:00,2025-10-06,2025-10-06 19:34:00,2025-10-07 23:59:00,2025-10-07 13:44:00,2025-10-18 08:23:00,0.0,1090.0,258.65,615.0,0,1,Not Cancelled,Normal,0,0,0,1,1,0,Not Cancelled
251006D64QUAFN,Selesai,2025-10-06 19:34:00,2025-10-06,2025-10-06 19:34:00,2025-10-07 23:59:00,2025-10-07 18:43:00,2025-10-17 15:14:00,0.0,1389.0,236.51666666666668,316.0,0,1,Not Cancelled,Normal,0,0,0,1,1,0,Not Cancelled
251006D6N4CE00,Batal,2025-10-06 19:43:00,2025-10-06,2025-10-06 19:43:00,2025-10-07 23:59:00,,,0.0,,,,1,0,Pre-Fulfillment,Not Processed,0,0,0,1,1,0,Change Address
251006D6SBS4EA,Selesai,2025-10-06 19:46:00,2025-10-06,2025-10-06 19:46:00,2025-10-07 23:59:00,2025-10-07 18:46:00,2025-10-18 20:30:00,0.0,1380.0,265.73333333333335,313.0,0,1,Not Cancelled,Normal,0,0,0,1,1,0,Not Cancelled
251006D6XV60H0,Batal,2025-10-06 19:49:00,2025-10-06,2025-10-06 19:49:00,2025-10-07 23:59:00,,,0.0,,,,1,0,Pre-Fulfillment,Not Processed,0,0,0,1,1,0,Change Address
251006D71PR7EM,Selesai,2025-10-06 19:50:00,2025-10-06,2025-10-06 19:52:00,2025-10-07 23:59:00,2025-10-07 13:47:00,2025-10-08 14:55:00,2.0,1077.0,25.133333333333333,612.0,0,1,Not Cancelled,Normal,0,0,0,1,1,0,Not Cancelled
251006D74R1P9S,Selesai,2025-10-06 19:52:00,2025-10-06,2025-10-06 19:52:00,2025-10-07 23:59:00,2025-10-07 13:44:00,2025-10-13 20:12:00,0.0,1072.0,150.46666666666667,615.0,0,1,Not Cancelled,Normal,0,0,0,1,1,0,Not Cancelled
251006D7597M65,Selesai,2025-10-06 19:52:00,2025-10-06,2025-10-06 19:52:00,2025-10-07 23:59:00,2025-10-06 19:53:00,2025-10-11 13:26:00,0.0,1.0,113.55,1686.0,0,1,Not Cancelled,Normal,0,0,0,1,1,0,Not Cancelled
251006D7K3PMAK,Selesai,2025-10-06 20:00:00,2025-10-06,2025-10-06 20:00:00,2025-10-07 23:59:00,2025-10-07 13:46:00,2025-10-22 20:37:00,0.0,1066.0,366.85,613.0,0,1,Not Cancelled,Normal,0,0,0,2,2,0,Not Cancelled
251006D87ABC6N,Selesai,2025-10-06 20:11:00,2025-10-06,2025-10-06 20:11:00,2025-10-07 23:59:00,2025-10-07 13:42:00,2025-10-21 18:21:00,0.0,1051.0,340.65,617.0,0,1,Not Cancelled,Normal,0,0,0,1,1,0,Not Cancelled
251006D8FBRXY1,Selesai,2025-10-06 20:16:00,2025-10-06,2025-10-06 20:16:00,2025-10-07 23:59:00,2025-10-07 13:43:00,2025-10-15 20:24:00,0.0,1047.0,198.68333333333334,616.0,0,1,Not Cancelled,Normal,0,0,0,1,1,0,Not Cancelled
251006D8J3HJVJ,Selesai,2025-10-06 20:17:00,2025-10-06,2025-10-06 20:17:00,2025-10-07 23:59:00,2025-10-07 18:43:00,2025-10-16 21:13:00,0.0,1346.0,218.5,316.0,0,1,Not Cancelled,Normal,0,0,0,1,1,0,Not Cancelled
251006D9AHJ43T,Selesai,2025-10-06 20:31:00,2025-10-06,2025-10-06 20:32:00,2025-10-07 23:59:00,2025-10-07 13:44:00,2025-10-09 14:38:00,1.0,1033.0,48.9,615.0,0,1,Not Cancelled,Normal,0,0,0,2,2,0,Not Cancelled
251006D9AXXSBN,Batal,2025-10-06 20:31:00,2025-10-06,,,,,,,,,1,0,Pre-Fulfillment,Not Processed,0,0,0,1,1,0,Unpaid Order
251006DA11JV7Q,Selesai,2025-10-06 20:44:00,2025-10-06,2025-10-06 20:44:00,2025-10-07 23:59:00,2025-10-07 18:43:00,2025-10-10 11:34:00,0.0,1319.0,64.85,316.0,0,1,Not Cancelled,Normal,0,0,0,1,1,0,Not Cancelled
251006DA9DKHC3,Selesai,2025-10-06 20:48:00,2025-10-06,2025-10-06 20:49:00,2025-10-07 23:59:00,2025-10-07 13:44:00,2025-10-13 10:12:00,1.0,1016.0,140.46666666666667,615.0,0,1,Not Cancelled,Normal,0,0,0,2,2,0,Not Cancelled
251006DAY0XP2A,Selesai,2025-10-06 21:00:00,2025-10-06,2025-10-06 21:00:00,2025-10-07 23:59:00,2025-10-07 18:46:00,2025-10-27 09:08:00,0.0,1306.0,470.3666666666667,313.0,0,1,Not Cancelled,Normal,0,0,0,1,1,0,Not Cancelled
251006DBSTA4HA,Selesai,2025-10-06 21:15:00,2025-10-06,2025-10-06 21:16:00,2025-10-07 23:59:00,2025-10-07 13:44:00,2025-10-12 16:08:00,1.0,989.0,122.4,615.0,0,1,Not Cancelled,Normal,0,0,0,1,1,0,Not Cancelled
251006DBX2REN4,Batal,2025-10-06 21:18:00,2025-10-06,2025-10-06 21:18:00,2025-10-07 23:59:00,,,0.0,,,,1,0,Pre-Fulfillment,Not Processed,0,0,0,1,1,0,Change Order
251006DCH5YFH6,Selesai,2025-10-06 21:28:00,2025-10-06,2025-10-06 21:29:00,2025-10-07 23:59:00,2025-10-07 13:42:00,2025-10-23 16:16:00,1.0,974.0,386.56666666666666,617.0,0,1,Not Cancelled,Normal,0,0,0,1,1,0,Not Cancelled
251006DCJE2BPN,Selesai,2025-10-06 21:29:00,2025-10-06,2025-10-06 21:29:00,2025-10-07 23:59:00,2025-10-07 13:44:00,2025-10-16 21:27:00,0.0,975.0,223.71666666666667,615.0,0,1,Not Cancelled,Normal,0,0,0,1,1,0,Not Cancelled
251006DDSSUCD4,Batal,2025-10-06 21:51:00,2025-10-06,2025-10-06 21:51:00,2025-10-07 23:59:00,2025-10-07 13:43:00,,0.0,952.0,,616.0,1,1,Post-Fulfillment Initiation,Normal,0,0,0,1,1,0,Delivery Failed
251006DDYSJ5N9,Selesai,2025-10-06 21:55:00,2025-10-06,2025-10-06 21:55:00,2025-10-07 23:59:00,2025-10-07 13:46:00,2025-10-26 12:10:00,0.0,951.0,454.4,613.0,0,1,Not Cancelled,Normal,0,0,0,1,1,0,Not Cancelled
251006DEH5GPMR,Batal,2025-10-06 22:04:00,2025-10-06,2025-10-06 22:04:00,2025-10-07 23:59:00,,,0.0,,,,1,0,Pre-Fulfillment,Not Processed,0,0,0,1,1,0,Change Order
251006DF4XTU37,Selesai,2025-10-06 22:15:00,2025-10-06,2025-10-06 22:15:00,2025-10-07 23:59:00,2025-10-07 13:43:00,2025-10-16 17:43:00,0.0,928.0,220.0,616.0,0,1,Not Cancelled,Normal,0,0,0,1,1,0,Not Cancelled
251006DG7UJ11T,Selesai,2025-10-06 22:35:00,2025-10-06,2025-10-06 22:36:00,2025-10-07 23:59:00,2025-10-07 13:46:00,2025-10-18 13:38:00,1.0,911.0,263.8666666666667,613.0,0,1,Not Cancelled,Normal,0,0,0,1,1,0,Not Cancelled
251006DGWB6B5F,Selesai,2025-10-06 22:47:00,2025-10-06,2025-10-06 22:48:00,2025-10-07 23:59:00,2025-10-07 13:43:00,2025-10-17 12:13:00,1.0,896.0,238.5,616.0,0,1,Not Cancelled,Normal,0,0,0,1,1,0,Not Cancelled
251007DHMNWSHE,Batal,2025-10-06 23:00:00,2025-10-06,2025-10-06 23:01:00,2025-10-07 23:59:00,,,1.0,,,,1,0,Pre-Fulfillment,Not Processed,0,0,0,1,1,0,Change Order
251007DJW5XRA2,Selesai,2025-10-06 23:23:00,2025-10-06,2025-10-06 23:23:00,2025-10-07 23:59:00,2025-10-07 18:46:00,2025-10-16 17:15:00,0.0,1163.0,214.48333333333332,313.0,0,1,Not Cancelled,Normal,0,0,0,1,1,0,Not Cancelled
251007DKA7MFS4,Selesai,2025-10-06 23:30:00,2025-10-06,2025-10-06 23:31:00,2025-10-07 23:59:00,2025-10-07 14:54:00,2025-10-15 16:26:00,1.0,924.0,193.53333333333333,545.0,0,1,Not Cancelled,Normal,0,0,0,1,1,0,Not Cancelled
251007DMWY5QVF,Selesai,2025-10-06 23:59:00,2025-10-06,2025-10-06 23:59:00,2025-10-07 23:59:00,2025-10-07 13:46:00,2025-10-17 16:41:00,0.0,827.0,242.91666666666666,613.0,0,1,Not Cancelled,Normal,0,0,0,1,1,0,Not Cancelled
251007DP4DF9SG,Selesai,2025-10-07 00:20:00,2025-10-07,2025-10-07 00:20:00,2025-10-07 23:59:00,2025-10-07 13:43:00,2025-10-12 17:47:00,0.0,803.0,124.06666666666666,616.0,0,1,Not Cancelled,Normal,0,0,0,1,1,0,Not Cancelled
251007DQ6JD0BF,Batal,2025-10-07 00:39:00,2025-10-07,2025-10-07 00:39:00,2025-10-07 23:59:00,,,0.0,,,,1,0,Pre-Fulfillment,Not Processed,0,0,0,1,1,0,Change Address
251007DRX239V6,Batal,2025-10-07 01:10:00,2025-10-07,2025-10-07 01:10:00,2025-10-07 23:59:00,,,0.0,,,,1,0,Pre-Fulfillment,Not Processed,0,0,0,1,1,0,Other
251007DSQ0AW8C,Selesai,2025-10-07 01:24:00,2025-10-07,2025-10-07 01:24:00,2025-10-07 23:59:00,2025-10-07 13:46:00,2025-10-15 22:13:00,0.0,742.0,200.45,613.0,0,1,Not Cancelled,Normal,0,0,0,1,1,0,Not Cancelled
251007DVJE84HY,Batal,2025-10-07 02:16:00,2025-10-07,2025-10-07 02:16:00,2025-10-07 23:59:00,2025-10-07 18:45:00,,0.0,989.0,,314.0,1,1,Post-Fulfillment Initiation,Normal,0,0,0,1,1,0,Delivery Failed
251007E1HFXU8A,Selesai,2025-10-07 03:44:00,2025-10-07,2025-10-07 03:45:00,2025-10-07 23:59:00,2025-10-07 13:46:00,2025-10-16 20:19:00,1.0,602.0,222.55,613.0,0,1,Not Cancelled,Normal,0,0,0,1,1,0,Not Cancelled
251007E1JSXJKD,Selesai,2025-10-07 03:45:00,2025-10-07,2025-10-07 03:46:00,2025-10-07 23:59:00,2025-10-07 18:43:00,2025-10-12 15:59:00,1.0,898.0,117.26666666666667,316.0,0,1,Not Cancelled,Normal,0,0,0,2,2,0,Not Cancelled
251007E3XUNNX0,Selesai,2025-10-07 04:28:00,2025-10-07,2025-10-07 04:28:00,2025-10-07 23:59:00,2025-10-07 13:47:00,2025-10-16 21:01:00,0.0,559.0,223.23333333333332,612.0,0,1,Not Cancelled,Normal,0,0,0,1,1,0,Not Cancelled
251007E75G6H2V,Selesai,2025-10-07 05:25:00,2025-10-07,2025-10-07 05:25:00,2025-10-07 23:59:00,2025-10-07 13:43:00,2025-10-21 18:48:00,0.0,498.0,341.0833333333333,616.0,0,1,Not Cancelled,Normal,0,0,0,1,1,0,Not Cancelled
251007E7XK4CBA,Selesai,2025-10-07 05:39:00,2025-10-07,2025-10-07 05:39:00,2025-10-07 23:59:00,2025-10-07 14:54:00,2025-10-09 22:29:00,0.0,555.0,55.583333333333336,545.0,0,1,Not Cancelled,Normal,0,0,0,1,1,0,Not Cancelled
251007E8D5HCUA,Selesai,2025-10-07 05:47:00,2025-10-07,2025-10-07 05:47:00,2025-10-07 23:59:00,2025-10-07 13:43:00,2025-10-16 14:01:00,0.0,476.0,216.3,616.0,0,1,Not Cancelled,Normal,0,0,0,1,1,0,Not Cancelled
251007E9JFF800,Selesai,2025-10-07 06:08:00,2025-10-07,2025-10-07 06:09:00,2025-10-07 23:59:00,2025-10-07 13:44:00,2025-10-15 17:55:00,1.0,456.0,196.18333333333334,615.0,0,1,Not Cancelled,Normal,0,0,0,1,1,0,Not Cancelled
251007E9U40W98,Selesai,2025-10-07 06:13:00,2025-10-07,2025-10-07 06:13:00,2025-10-07 23:59:00,2025-10-07 18:45:00,2025-10-12 17:37:00,0.0,752.0,118.86666666666666,314.0,0,1,Not Cancelled,Normal,0,0,0,1,1,0,Not Cancelled
251007EAF6SVG6,Selesai,2025-10-07 06:24:00,2025-10-07,2025-10-07 06:24:00,2025-10-07 23:59:00,2025-10-07 06:24:00,2025-10-12 16:11:00,0.0,0.0,129.78333333333333,1055.0,0,1,Not Cancelled,Normal,0,0,0,1,1,0,Not Cancelled
251007EBR636RA,Batal,2025-10-07 06:47:00,2025-10-07,2025-10-07 06:47:00,2025-10-07 23:59:00,,,0.0,,,,1,0,Pre-Fulfillment,Not Processed,0,0,0,1,1,0,Change Order
251007ECQ8UUAQ,Selesai,2025-10-07 07:05:00,2025-10-07,2025-10-07 07:05:00,2025-10-07 23:59:00,2025-10-07 13:44:00,2025-10-10 14:38:00,0.0,399.0,72.9,615.0,0,1,Not Cancelled,Normal,0,0,0,1,1,0,Not Cancelled
251007ECY2MMU8,Batal,2025-10-07 07:09:00,2025-10-07,2025-10-07 07:09:00,2025-10-07 23:59:00,,,0.0,,,,1,0,Pre-Fulfillment,Not Processed,0,0,0,1,1,0,Other
251007ED3CWUU8,Selesai,2025-10-07 07:11:00,2025-10-07,2025-10-07 07:11:00,2025-10-07 23:59:00,2025-10-07 13:47:00,2025-10-30 11:09:00,0.0,396.0,549.3666666666667,612.0,0,1,Not Cancelled,Normal,0,0,0,1,1,0,Not Cancelled
251007EE4VX6E4,Batal,2025-10-07 07:30:00,2025-10-07,2025-10-07 07:30:00,2025-10-07 23:59:00,2025-10-07 13:43:00,,0.0,373.0,,616.0,1,1,Post-Fulfillment Initiation,Normal,0,0,0,1,1,0,Delivery Failed
251007EF8GGJMP,Selesai,2025-10-07 07:50:00,2025-10-07,2025-10-07 07:51:00,2025-10-07 23:59:00,2025-10-07 13:43:00,2025-10-19 17:28:00,1.0,353.0,291.75,616.0,0,1,Not Cancelled,Normal,0,0,0,1,1,0,Not Cancelled
251007EFTU361B,Selesai,2025-10-07 08:00:00,2025-10-07,2025-10-07 08:01:00,2025-10-07 23:59:00,2025-10-07 13:44:00,2025-10-16 15:26:00,1.0,344.0,217.7,615.0,0,1,Not Cancelled,Normal,0,0,0,1,1,0,Not Cancelled
251007EG06Q8P1,Selesai,2025-10-07 08:03:00,2025-10-07,2025-10-07 08:04:00,2025-10-07 23:59:00,2025-10-07 13:44:00,2025-10-14 04:55:00,1.0,341.0,159.18333333333334,615.0,0,1,Not Cancelled,Normal,0,0,0,1,1,0,Not Cancelled
251007EH9Q797J,Selesai,2025-10-07 08:26:00,2025-10-07,2025-10-07 08:27:00,2025-10-07 23:59:00,2025-10-07 18:45:00,2025-10-12 09:14:00,1.0,619.0,110.48333333333333,314.0,0,1,Not Cancelled,Normal,0,0,0,1,1,0,Not Cancelled
251007EJJJQ1V3,Selesai,2025-10-07 08:49:00,2025-10-07,2025-10-07 08:50:00,2025-10-07 23:59:00,2025-10-07 13:44:00,2025-10-17 14:25:00,1.0,295.0,240.68333333333334,615.0,0,1,Not Cancelled,Normal,0,0,0,1,1,0,Not Cancelled
251007EKD3DUYX,Selesai,2025-10-07 09:04:00,2025-10-07,2025-10-07 09:04:00,2025-10-07 23:59:00,2025-10-07 13:46:00,2025-10-15 11:40:00,0.0,282.0,189.9,613.0,0,1,Not Cancelled,Normal,0,0,0,2,1,0,Not Cancelled
251007EPVFBE1S,Selesai,2025-10-07 10:06:00,2025-10-07,2025-10-07 10:09:00,2025-10-07 23:59:00,2025-10-07 10:09:00,2025-10-15 18:58:00,3.0,3.0,200.81666666666666,830.0,0,1,Not Cancelled,Normal,0,0,0,1,1,0,Not Cancelled
251007EQ5J5JYE,Selesai,2025-10-07 10:11:00,2025-10-07,2025-10-07 10:12:00,2025-10-07 23:59:00,2025-10-07 14:54:00,2025-10-16 23:04:00,1.0,283.0,224.16666666666666,545.0,0,1,Not Cancelled,Normal,0,0,0,1,1,0,Not Cancelled
251007EQFA073C,Selesai,2025-10-07 10:17:00,2025-10-07,2025-10-07 10:17:00,2025-10-07 23:59:00,2025-10-07 18:42:00,2025-10-12 18:49:00,0.0,505.0,120.11666666666666,317.0,0,1,Not Cancelled,Normal,0,0,0,1,1,0,Not Cancelled
251007EQM5FWS6,Selesai,2025-10-07 10:20:00,2025-10-07,2025-10-07 10:20:00,2025-10-07 23:59:00,2025-10-07 13:47:00,2025-10-21 00:19:00,0.0,207.0,322.53333333333336,612.0,0,1,Not Cancelled,Normal,0,0,0,1,1,0,Not Cancelled
251007ERBQV8WP,Selesai,2025-10-07 10:33:00,2025-10-07,2025-10-07 10:34:00,2025-10-07 23:59:00,2025-10-07 18:43:00,2025-10-14 09:21:00,1.0,490.0,158.63333333333333,316.0,0,1,Not Cancelled,Normal,0,0,0,1,1,0,Not Cancelled
251007ERXAXMJN,Selesai,2025-10-07 10:43:00,2025-10-07,2025-10-07 10:44:00,2025-10-07 23:59:00,2025-10-07 10:44:00,2025-10-11 21:59:00,1.0,1.0,107.25,795.0,0,1,Not Cancelled,Normal,0,0,0,1,1,0,Not Cancelled
251007ESH5KXUR,Selesai,2025-10-07 10:54:00,2025-10-07,2025-10-07 10:54:00,2025-10-07 23:59:00,2025-10-07 18:43:00,2025-10-21 16:48:00,0.0,469.0,334.0833333333333,316.0,0,1,Not Cancelled,Normal,0,0,0,1,1,0,Not Cancelled
251007ETA8MVAW,Selesai,2025-10-07 11:08:00,2025-10-07,2025-10-07 11:09:00,2025-10-07 23:59:00,2025-10-07 18:44:00,2025-10-12 12:53:00,1.0,456.0,114.15,315.0,0,1,Not Cancelled,Normal,0,0,0,1,1,0,Not Cancelled
251007ETQRNQ1D,Selesai,2025-10-07 11:15:00,2025-10-07,2025-10-07 11:15:00,2025-10-07 23:59:00,2025-10-07 18:43:00,2025-10-09 15:58:00,0.0,448.0,45.25,316.0,0,1,Not Cancelled,Normal,0,0,0,1,1,0,Not Cancelled
251007EUABQP80,Selesai,2025-10-07 11:26:00,2025-10-07,2025-10-07 11:26:00,2025-10-07 23:59:00,2025-10-07 18:43:00,2025-10-13 09:32:00,0.0,437.0,134.81666666666666,316.0,0,1,Not Cancelled,Normal,0,0,0,1,1,0,Not Cancelled
251007EVJN5F63,Selesai,2025-10-07 11:48:00,2025-10-07,2025-10-07 11:49:00,2025-10-07 23:59:00,2025-10-07 14:54:00,2025-10-17 12:20:00,1.0,186.0,237.43333333333334,545.0,0,1,Not Cancelled,Normal,0,0,0,1,1,0,Not Cancelled
251007EVWYH32X,Selesai,2025-10-07 11:55:00,2025-10-07,2025-10-07 11:55:00,2025-10-07 23:59:00,2025-10-07 13:46:00,2025-10-22 18:54:00,0.0,111.0,365.1333333333333,613.0,0,1,Not Cancelled,Normal,0,0,0,1,1,0,Not Cancelled
251007EWHUMF78,Batal,2025-10-07 12:06:00,2025-10-07,2025-10-07 12:06:00,2025-10-08 23:59:00,,,0.0,,,,1,0,Pre-Fulfillment,Not Processed,0,0,0,1,1,0,Change Order
251007EWP30YRC,Selesai,2025-10-07 12:08:00,2025-10-07,2025-10-07 12:08:00,2025-10-08 23:59:00,2025-10-08 18:21:00,2025-10-19 11:46:00,0.0,1813.0,257.4166666666667,338.0,0,1,Not Cancelled,Normal,0,0,0,1,1,0,Not Cancelled
251007EXASVQSU,Selesai,2025-10-07 12:20:00,2025-10-07,2025-10-07 12:20:00,2025-10-08 23:59:00,2025-10-08 15:07:00,2025-10-09 19:48:00,0.0,1607.0,28.683333333333334,532.0,0,1,Not Cancelled,Normal,0,0,0,1,1,0,Not Cancelled
251007F01DWTW0,Selesai,2025-10-07 12:50:00,2025-10-07,2025-10-07 12:50:00,2025-10-08 23:59:00,2025-10-08 18:21:00,2025-10-23 19:17:00,0.0,1771.0,360.93333333333334,338.0,0,1,Not Cancelled,Normal,0,0,0,1,1,0,Not Cancelled
251007F09K6V1N,Selesai,2025-10-07 12:55:00,2025-10-07,2025-10-07 12:55:00,2025-10-08 23:59:00,2025-10-08 18:21:00,2025-10-10 08:24:00,0.0,1766.0,38.05,338.0,0,1,Not Cancelled,Normal,0,0,0,1,1,0,Not Cancelled
251007F0BED0DT,Batal,2025-10-07 12:56:00,2025-10-07,2025-10-07 12:56:00,2025-10-08 23:59:00,2025-10-08 18:16:00,,0.0,1760.0,,343.0,1,1,Post-Fulfillment Initiation,Normal,0,0,0,1,1,0,Delivery Failed
251007F1AJY4X6,Selesai,2025-10-07 13:13:00,2025-10-07,2025-10-07 13:14:00,2025-10-08 23:59:00,2025-10-08 18:20:00,2025-10-13 08:31:00,1.0,1747.0,110.18333333333334,339.0,0,1,Not Cancelled,Normal,0,0,0,1,1,0,Not Cancelled
251007F1J1D2Q9,Batal,2025-10-07 13:17:00,2025-10-07,,,,,,,,,1,0,Pre-Fulfillment,Not Processed,0,0,0,1,1,0,Unpaid Order
251007F2JMP21B,Selesai,2025-10-07 13:36:00,2025-10-07,2025-10-07 13:36:00,2025-10-08 23:59:00,2025-10-08 18:19:00,2025-10-21 00:40:00,0.0,1723.0,294.35,340.0,0,1,Not Cancelled,Normal,0,0,0,1,1,0,Not Cancelled
251007F3522T5N,Selesai,2025-10-07 13:46:00,2025-10-07,2025-10-07 13:47:00,2025-10-08 23:59:00,2025-10-08 18:21:00,2025-10-24 12:30:00,1.0,1715.0,378.15,338.0,0,1,Not Cancelled,Normal,0,0,0,1,1,0,Not Cancelled
251007F3JE9ES4,Selesai,2025-10-07 13:53:00,2025-10-07,2025-10-07 13:54:00,2025-10-08 23:59:00,2025-10-07 13:54:00,2025-10-09 05:23:00,1.0,1.0,39.483333333333334,2045.0,0,1,Not Cancelled,Normal,0,0,0,1,1,0,Not Cancelled
251007F3PMPG64,Selesai,2025-10-07 13:56:00,2025-10-07,2025-10-07 15:08:00,2025-10-08 23:59:00,2025-10-08 18:16:00,2025-10-10 08:27:00,72.0,1700.0,38.18333333333333,343.0,0,1,Not Cancelled,Normal,0,0,0,1,1,0,Not Cancelled
251007F4BCGRBP,Selesai,2025-10-07 14:07:00,2025-10-07,2025-10-07 14:08:00,2025-10-08 23:59:00,2025-10-07 18:45:00,2025-10-21 16:27:00,1.0,278.0,333.7,1754.0,0,1,Not Cancelled,Normal,0,0,0,1,1,0,Not Cancelled
251007F4JR1MTG,Selesai,2025-10-07 14:12:00,2025-10-07,2025-10-07 14:12:00,2025-10-08 23:59:00,2025-10-07 18:45:00,2025-10-15 22:08:00,0.0,273.0,195.38333333333333,1754.0,0,1,Not Cancelled,Normal,0,0,0,1,1,0,Not Cancelled
251007F5YXRW1B,Selesai,2025-10-07 14:37:00,2025-10-07,2025-10-07 14:37:00,2025-10-08 23:59:00,2025-10-08 18:19:00,2025-10-18 15:19:00,0.0,1662.0,237.0,340.0,0,1,Not Cancelled,Normal,0,0,0,1,1,0,Not Cancelled
251007F6BY4AMA,Batal,2025-10-07 14:44:00,2025-10-07,2025-10-07 14:44:00,2025-10-08 23:59:00,,,0.0,,,,1,0,Pre-Fulfillment,Not Processed,0,0,0,1,1,0,Other
251007F6E9EWW3,Selesai,2025-10-07 14:45:00,2025-10-07,2025-10-07 14:45:00,2025-10-08 23:59:00,2025-10-08 18:20:00,2025-10-21 16:46:00,0.0,1655.0,310.43333333333334,339.0,0,1,Not Cancelled,Normal,0,0,0,1,1,0,Not Cancelled
251007F6P3B2WG,Selesai,2025-10-07 14:49:00,2025-10-07,2025-10-07 14:50:00,2025-10-08 23:59:00,2025-10-08 18:20:00,2025-10-12 00:52:00,1.0,1651.0,78.53333333333333,339.0,0,1,Not Cancelled,Normal,0,0,0,1,1,0,Not Cancelled
251007FA115FMX,Selesai,2025-10-07 15:49:00,2025-10-07,2025-10-07 15:50:00,2025-10-08 23:59:00,2025-10-08 18:19:00,2025-10-14 15:43:00,1.0,1590.0,141.4,340.0,0,1,Not Cancelled,Normal,0,0,0,1,1,0,Not Cancelled
251007FAUG0UHS,Batal,2025-10-07 16:04:00,2025-10-07,2025-10-07 16:04:00,2025-10-08 23:59:00,,,0.0,,,,1,0,Pre-Fulfillment,Not Processed,0,0,0,1,1,0,Other
251007FBMSMGDT,Selesai,2025-10-07 16:18:00,2025-10-07,2025-10-07 16:18:00,2025-10-08 23:59:00,2025-10-07 16:18:00,2025-10-14 19:41:00,0.0,0.0,171.38333333333333,1901.0,0,1,Not Cancelled,Normal,0,0,0,1,1,0,Not Cancelled
251007FBQR2GJV,Selesai,2025-10-07 16:20:00,2025-10-07,2025-10-07 16:21:00,2025-10-08 23:59:00,2025-10-08 18:21:00,2025-10-09 15:08:00,1.0,1561.0,20.783333333333335,338.0,0,1,Not Cancelled,Normal,0,0,0,1,1,0,Not Cancelled
251007FE7G2GSJ,Batal,2025-10-07 17:04:00,2025-10-07,2025-10-07 17:04:00,2025-10-08 23:59:00,,,0.0,,,,1,0,Pre-Fulfillment,Not Processed,0,0,0,1,1,0,Change Order
251007FEBGW0W5,Selesai,2025-10-07 17:06:00,2025-10-07,2025-10-07 17:07:00,2025-10-08 12:00:00,2025-10-08 11:25:00,2025-10-14 11:26:00,1.0,1099.0,144.01666666666668,35.0,0,1,Not Cancelled,Normal,0,0,0,1,1,1,Not Cancelled
251007FER74JQ6,Selesai,2025-10-07 17:14:00,2025-10-07,2025-10-07 17:14:00,2025-10-08 23:59:00,2025-10-08 18:20:00,2025-10-22 17:43:00,0.0,1506.0,335.3833333333333,339.0,0,1,Not Cancelled,Normal,0,0,0,1,1,0,Not Cancelled
251007FFKDUYSF,Selesai,2025-10-07 17:29:00,2025-10-07,2025-10-07 17:29:00,2025-10-08 12:00:00,2025-10-08 11:26:00,2025-10-09 10:41:00,0.0,1077.0,23.25,34.0,0,1,Not Cancelled,Normal,0,0,0,1,1,1,Not Cancelled
251007FFTDY3BE,Selesai,2025-10-07 17:33:00,2025-10-07,2025-10-07 17:35:00,2025-10-08 23:59:00,2025-10-08 18:17:00,2025-10-11 18:29:00,2.0,1484.0,72.2,342.0,0,1,Not Cancelled,Normal,0,0,0,3,1,0,Not Cancelled
251007FGEBWFFD,Selesai,2025-10-07 17:44:00,2025-10-07,2025-10-07 17:44:00,2025-10-08 23:59:00,2025-10-08 18:20:00,2025-10-09 16:14:00,0.0,1476.0,21.9,339.0,0,1,Not Cancelled,Normal,0,0,0,1,1,0,Not Cancelled
251007FH22AUEB,Batal,2025-10-07 17:55:00,2025-10-07,2025-10-07 17:55:00,2025-10-08 23:59:00,,,0.0,,,,1,0,Pre-Fulfillment,Not Processed,0,0,0,1,1,0,Other
251007FHAWJJHF,Selesai,2025-10-07 18:00:00,2025-10-07,2025-10-08 07:09:00,2025-10-08 23:59:00,2025-10-08 18:20:00,2025-10-12 10:00:00,789.0,1460.0,87.66666666666667,339.0,0,1,Not Cancelled,Normal,0,0,0,1,1,0,Not Cancelled
251007FHT3YKK7,Selesai,2025-10-07 18:08:00,2025-10-07,2025-10-07 18:12:00,2025-10-08 23:59:00,2025-10-08 18:19:00,2025-10-11 12:32:00,4.0,1451.0,66.21666666666667,340.0,0,1,Not Cancelled,Normal,0,0,0,1,1,0,Not Cancelled
251007FJ2FY69Y,Selesai,2025-10-07 18:13:00,2025-10-07,2025-10-07 18:14:00,2025-10-08 23:59:00,2025-10-08 18:19:00,2025-10-16 20:58:00,1.0,1446.0,194.65,340.0,0,1,Not Cancelled,Normal,0,0,0,1,1,0,Not Cancelled
251007FJ2VB6P0,Selesai,2025-10-07 18:13:00,2025-10-07,2025-10-07 18:14:00,2025-10-08 23:59:00,2025-10-08 18:19:00,2025-10-11 09:12:00,1.0,1446.0,62.88333333333333,340.0,0,1,Not Cancelled,Normal,0,0,0,1,1,0,Not Cancelled
251007FJ3N36A9,Batal,2025-10-07 18:14:00,2025-10-07,2025-10-07 18:14:00,2025-10-08 23:59:00,,,0.0,,,,1,0,Pre-Fulfillment,Not Processed,0,0,0,1,1,0,Change Order
251007FJAT1M98,Selesai,2025-10-07 18:18:00,2025-10-07,2025-10-07 18:18:00,2025-10-08 23:59:00,2025-10-08 18:19:00,2025-10-21 12:14:00,0.0,1441.0,305.9166666666667,340.0,0,1,Not Cancelled,Normal,0,0,0,1,1,0,Not Cancelled
251007FJNSVSG3,Selesai,2025-10-07 18:24:00,2025-10-07,2025-10-07 18:24:00,2025-10-08 23:59:00,2025-10-08 18:20:00,2025-10-21 12:16:00,0.0,1436.0,305.93333333333334,339.0,0,1,Not Cancelled,Normal,0,0,0,1,1,0,Not Cancelled
251007FK0QXUVJ,Selesai,2025-10-07 18:30:00,2025-10-07,2025-10-07 18:30:00,2025-10-08 23:59:00,2025-10-08 18:20:00,2025-10-13 04:03:00,0.0,1430.0,105.71666666666667,339.0,0,1,Not Cancelled,Normal,0,0,0,1,1,0,Not Cancelled
251007FMAB6R6T,Selesai,2025-10-07 18:53:00,2025-10-07,2025-10-07 18:53:00,2025-10-08 23:59:00,2025-10-08 18:21:00,2025-10-11 17:00:00,0.0,1408.0,70.65,338.0,0,1,Not Cancelled,Normal,0,0,0,1,1,0,Not Cancelled
251007FMGNEVAA,Selesai,2025-10-07 18:57:00,2025-10-07,2025-10-07 19:05:00,2025-10-08 23:59:00,2025-10-08 18:22:00,2025-10-12 12:05:00,8.0,1405.0,89.71666666666667,337.0,0,1,Not Cancelled,Normal,0,0,0,1,1,0,Not Cancelled
251007FMK6FSUK,Batal,2025-10-07 18:58:00,2025-10-07,2025-10-07 18:58:00,2025-10-08 23:59:00,2025-10-08 18:21:00,,0.0,1403.0,,338.0,1,1,Post-Fulfillment Initiation,Normal,0,0,0,1,1,0,Delivery Failed
251007FMS49SGW,Selesai,2025-10-07 19:01:00,2025-10-07,2025-10-07 19:01:00,2025-10-08 23:59:00,2025-10-08 18:20:00,2025-10-18 10:58:00,0.0,1399.0,232.63333333333333,339.0,0,1,Not Cancelled,Normal,0,0,0,2,2,0,Not Cancelled
251007FMXE0VVF,Selesai,2025-10-07 19:04:00,2025-10-07,2025-10-07 19:04:00,2025-10-08 23:59:00,2025-10-08 18:21:00,2025-10-17 17:00:00,0.0,1397.0,214.65,338.0,0,1,Not Cancelled,Normal,0,0,0,1,1,0,Not Cancelled
251007FN1EBBBM,Batal,2025-10-07 19:06:00,2025-10-07,2025-10-07 19:06:00,2025-10-08 23:59:00,,,0.0,,,,1,0,Pre-Fulfillment,Not Processed,0,0,0,1,1,0,Other
251007FN3G656K,Selesai,2025-10-07 19:07:00,2025-10-07,2025-10-07 19:07:00,2025-10-08 23:59:00,2025-10-08 18:20:00,2025-10-17 13:48:00,0.0,1393.0,211.46666666666667,339.0,0,1,Not Cancelled,Normal,0,0,0,1,1,0,Not Cancelled
251007FN9EWC78,Selesai,2025-10-07 19:11:00,2025-10-07,2025-10-07 19:11:00,2025-10-08 23:59:00,2025-10-08 18:20:00,2025-10-17 06:41:00,0.0,1389.0,204.35,339.0,0,1,Not Cancelled,Normal,0,0,0,1,1,0,Not Cancelled
251007FNT6TUTJ,Selesai,2025-10-07 19:20:00,2025-10-07,2025-10-07 19:20:00,2025-10-08 23:59:00,2025-10-08 18:19:00,2025-10-11 21:16:00,0.0,1379.0,74.95,340.0,0,1,Not Cancelled,Normal,0,0,0,1,1,0,Not Cancelled
251007FQA1GJJH,Selesai,2025-10-07 19:47:00,2025-10-07,2025-10-07 19:47:00,2025-10-08 23:59:00,2025-10-08 18:20:00,2025-10-15 06:02:00,0.0,1353.0,155.7,339.0,0,1,Not Cancelled,Normal,0,0,0,2,2,0,Not Cancelled
251007FQDNT3SU,Selesai,2025-10-07 19:49:00,2025-10-07,2025-10-07 19:49:00,2025-10-08 23:59:00,2025-10-08 18:21:00,2025-10-20 12:41:00,0.0,1352.0,282.3333333333333,338.0,0,1,Not Cancelled,Normal,0,0,0,1,1,0,Not Cancelled
251007FSD64EHF,Selesai,2025-10-07 20:24:00,2025-10-07,2025-10-07 20:24:00,2025-10-08 23:59:00,2025-10-08 18:19:00,2025-10-19 17:06:00,0.0,1315.0,262.78333333333336,340.0,0,1,Not Cancelled,Normal,0,0,0,1,1,0,Not Cancelled
251007FSDGK582,Selesai,2025-10-07 20:24:00,2025-10-07,2025-10-07 20:24:00,2025-10-08 23:59:00,2025-10-08 18:20:00,2025-10-22 15:35:00,0.0,1316.0,333.25,339.0,0,1,Not Cancelled,Normal,0,0,0,1,1,0,Not Cancelled
251007FSM83UM9,Selesai,2025-10-07 20:28:00,2025-10-07,2025-10-07 20:28:00,2025-10-08 23:59:00,2025-10-08 18:20:00,2025-10-11 12:41:00,0.0,1312.0,66.35,339.0,0,1,Not Cancelled,Normal,0,0,0,1,1,0,Not Cancelled
251007FTYRHE1Y,Batal,2025-10-07 20:52:00,2025-10-07,2025-10-07 20:53:00,2025-10-08 23:59:00,,,1.0,,,,1,0,Pre-Fulfillment,Not Processed,0,0,0,1,1,0,Other
251007FU33ANGP,Batal,2025-10-07 20:54:00,2025-10-07,2025-10-07 20:55:00,2025-10-08 23:59:00,,,1.0,,,,1,0,Pre-Fulfillment,Not Processed,0,0,0,1,1,0,Other
251007FU4KX74P,Selesai,2025-10-07 20:55:00,2025-10-07,2025-10-07 20:57:00,2025-10-08 23:59:00,2025-10-08 18:21:00,2025-10-17 22:03:00,2.0,1286.0,219.7,338.0,0,1,Not Cancelled,Normal,0,0,0,1,1,0,Not Cancelled
251007FV1GYU0P,Selesai,2025-10-07 21:11:00,2025-10-07,2025-10-08 05:08:00,2025-10-08 23:59:00,2025-10-08 15:07:00,2025-10-09 23:26:00,477.0,1076.0,32.31666666666667,532.0,0,1,Not Cancelled,Normal,0,0,0,1,1,0,Not Cancelled
251007FWXWKQ7Y,Selesai,2025-10-07 21:46:00,2025-10-07,2025-10-07 21:46:00,2025-10-08 23:59:00,2025-10-08 18:21:00,2025-10-15 20:21:00,0.0,1235.0,170.0,338.0,0,1,Not Cancelled,Normal,0,0,0,1,1,0,Not Cancelled
251007FXSSSHBB,Selesai,2025-10-07 22:01:00,2025-10-07,2025-10-07 22:01:00,2025-10-08 23:59:00,2025-10-08 18:19:00,2025-10-22 12:05:00,0.0,1218.0,329.76666666666665,340.0,0,1,Not Cancelled,Normal,0,0,0,1,1,0,Not Cancelled
251007FYQXWA54,Selesai,2025-10-07 22:18:00,2025-10-07,2025-10-07 22:18:00,2025-10-08 23:59:00,2025-10-08 18:19:00,2025-10-17 15:38:00,0.0,1201.0,213.31666666666666,340.0,0,1,Not Cancelled,Normal,0,0,0,1,1,0,Not Cancelled
251007FYU14WC5,Selesai,2025-10-07 22:19:00,2025-10-07,2025-10-07 22:20:00,2025-10-08 23:59:00,2025-10-08 18:21:00,2025-10-12 13:20:00,1.0,1202.0,90.98333333333333,338.0,0,1,Not Cancelled,Normal,0,0,0,1,1,0,Not Cancelled
251007G0VYB34M,Selesai,2025-10-07 22:38:00,2025-10-07,2025-10-07 22:39:00,2025-10-08 12:00:00,2025-10-08 11:27:00,2025-10-08 19:36:00,1.0,769.0,8.15,33.0,0,1,Not Cancelled,Normal,0,0,0,1,1,1,Not Cancelled
251007G100P31G,Selesai,2025-10-07 22:40:00,2025-10-07,2025-10-07 22:40:00,2025-10-08 23:59:00,2025-10-08 18:21:00,2025-10-19 23:50:00,0.0,1181.0,269.48333333333335,338.0,0,1,Not Cancelled,Normal,0,0,0,1,1,0,Not Cancelled
251007G21CQKD7,Selesai,2025-10-07 22:59:00,2025-10-07,2025-10-07 22:59:00,2025-10-08 23:59:00,2025-10-07 22:59:00,2025-10-16 14:46:00,0.0,0.0,207.78333333333333,1500.0,0,1,Not Cancelled,Normal,0,0,0,1,1,0,Not Cancelled
251008G282D7BJ,Selesai,2025-10-07 23:02:00,2025-10-07,2025-10-07 23:02:00,2025-10-08 23:59:00,2025-10-08 18:20:00,2025-10-21 11:14:00,0.0,1158.0,304.9,339.0,0,1,Not Cancelled,Normal,0,0,0,1,1,0,Not Cancelled
251008G38PP0JF,Selesai,2025-10-07 23:21:00,2025-10-07,2025-10-07 23:21:00,2025-10-08 23:59:00,2025-10-08 18:20:00,2025-10-24 11:40:00,0.0,1139.0,377.3333333333333,339.0,0,1,Not Cancelled,Normal,0,0,0,1,1,0,Not Cancelled
251008G5WC13GR,Selesai,2025-10-08 00:08:00,2025-10-08,2025-10-08 00:08:00,2025-10-08 23:59:00,2025-10-08 18:20:00,2025-10-20 10:38:00,0.0,1092.0,280.3,339.0,0,1,Not Cancelled,Normal,0,0,0,1,1,0,Not Cancelled
251008G7V1KCQ8,Selesai,2025-10-08 00:43:00,2025-10-08,2025-10-08 00:43:00,2025-10-08 23:59:00,2025-10-08 15:07:00,2025-10-16 16:44:00,0.0,864.0,193.61666666666667,532.0,0,1,Not Cancelled,Normal,0,0,0,1,1,0,Not Cancelled
251008G81G4UVF,Selesai,2025-10-08 00:46:00,2025-10-08,2025-10-08 00:47:00,2025-10-08 23:59:00,2025-10-08 18:20:00,2025-10-20 17:02:00,1.0,1054.0,286.7,339.0,0,1,Not Cancelled,Normal,0,0,0,1,1,0,Not Cancelled
251008GC0QBFMG,Selesai,2025-10-08 01:57:00,2025-10-08,2025-10-08 01:57:00,2025-10-08 12:00:00,2025-10-08 12:13:00,2025-10-15 17:31:00,0.0,616.0,173.3,-13.0,0,1,Not Cancelled,Normal,1,0,0,1,1,0,Not Cancelled
251008GR652QD6,Selesai,2025-10-08 05:35:00,2025-10-08,2025-10-08 05:35:00,2025-10-08 23:59:00,2025-10-08 18:20:00,2025-10-29 16:25:00,0.0,765.0,502.0833333333333,339.0,0,1,Not Cancelled,Normal,0,0,0,1,1,0,Not Cancelled
251008GRNMYT1Q,Selesai,2025-10-08 05:44:00,2025-10-08,2025-10-08 05:44:00,2025-10-08 23:59:00,2025-10-08 15:07:00,2025-10-16 18:50:00,0.0,563.0,195.71666666666667,532.0,0,1,Not Cancelled,Normal,0,0,0,1,1,0,Not Cancelled
251008GT6C8B0F,Selesai,2025-10-08 06:11:00,2025-10-08,2025-10-08 06:11:00,2025-10-08 23:59:00,2025-10-08 18:20:00,2025-10-10 15:43:00,0.0,729.0,45.38333333333333,339.0,0,1,Not Cancelled,Normal,0,0,0,1,1,0,Not Cancelled
251008GVP2CK1X,Selesai,2025-10-08 06:56:00,2025-10-08,2025-10-08 06:56:00,2025-10-08 12:00:00,2025-10-08 11:25:00,2025-10-08 19:04:00,0.0,269.0,7.65,35.0,0,1,Not Cancelled,Normal,0,0,0,1,1,1,Not Cancelled
251008GVX3TXDX,Batal,2025-10-08 07:00:00,2025-10-08,2025-10-08 07:00:00,2025-10-08 23:59:00,,,0.0,,,,1,0,Pre-Fulfillment,Not Processed,0,0,0,1,1,0,Change Address
251008GW0MUMS6,Selesai,2025-10-08 07:01:00,2025-10-08,2025-10-08 07:01:00,2025-10-08 23:59:00,2025-10-08 18:16:00,2025-10-17 20:57:00,0.0,675.0,218.68333333333334,343.0,0,1,Not Cancelled,Normal,0,0,0,1,1,0,Not Cancelled
251008GW0YD0GV,Selesai,2025-10-08 07:02:00,2025-10-08,2025-10-08 07:02:00,2025-10-08 23:59:00,2025-10-08 18:20:00,2025-10-14 18:59:00,0.0,678.0,144.65,339.0,0,1,Not Cancelled,Normal,0,0,0,1,1,0,Not Cancelled
251008GWCBQ5G7,Batal,2025-10-08 07:08:00,2025-10-08,2025-10-08 07:08:00,2025-10-08 23:59:00,2025-10-08 18:16:00,,0.0,668.0,,343.0,1,1,Post-Fulfillment Initiation,Normal,0,0,0,1,1,0,Delivery Failed
251008GX5XVX25,Selesai,2025-10-08 07:22:00,2025-10-08,2025-10-08 07:23:00,2025-10-08 23:59:00,2025-10-08 18:21:00,2025-10-18 15:43:00,1.0,659.0,237.36666666666667,338.0,0,1,Not Cancelled,Normal,0,0,0,1,1,0,Not Cancelled
251008GX8JTE7E,Selesai,2025-10-08 07:24:00,2025-10-08,2025-10-08 07:24:00,2025-10-08 23:59:00,2025-10-08 18:20:00,2025-10-10 15:54:00,0.0,656.0,45.56666666666667,339.0,0,1,Not Cancelled,Normal,0,0,0,1,1,0,Not Cancelled
251008GX9WQG0G,Selesai,2025-10-08 07:25:00,2025-10-08,2025-10-08 07:25:00,2025-10-08 23:59:00,2025-10-08 18:19:00,2025-10-15 19:03:00,0.0,654.0,168.73333333333332,340.0,0,1,Not Cancelled,Normal,0,0,0,1,1,0,Not Cancelled
251008GYBWVU6E,Selesai,2025-10-08 07:44:00,2025-10-08,2025-10-08 07:44:00,2025-10-08 23:59:00,2025-10-08 18:23:00,2025-10-16 04:42:00,0.0,639.0,178.31666666666666,336.0,0,1,Not Cancelled,Normal,0,0,0,1,1,0,Not Cancelled
251008GYC1QX9Y,Batal,2025-10-08 07:44:00,2025-10-08,2025-10-08 07:44:00,2025-10-08 23:59:00,,,0.0,,,,1,0,Pre-Fulfillment,Not Processed,0,0,0,1,1,0,Change Order
251008H09SFJEE,Selesai,2025-10-08 08:00:00,2025-10-08,2025-10-08 08:01:00,2025-10-08 23:59:00,2025-10-08 18:20:00,2025-10-09 23:54:00,1.0,620.0,29.566666666666666,339.0,0,1,Not Cancelled,Normal,0,0,0,1,1,0,Not Cancelled
251008H0U4EXS6,Selesai,2025-10-08 08:10:00,2025-10-08,2025-10-08 08:10:00,2025-10-08 23:59:00,2025-10-08 15:07:00,2025-10-18 16:44:00,0.0,417.0,241.61666666666667,532.0,0,1,Not Cancelled,Normal,0,0,0,3,3,0,Not Cancelled
251008H1CAT5A1,Selesai,2025-10-08 08:20:00,2025-10-08,2025-10-08 08:20:00,2025-10-08 23:59:00,2025-10-08 18:21:00,2025-10-19 15:17:00,0.0,601.0,260.93333333333334,338.0,0,1,Not Cancelled,Normal,0,0,0,1,1,0,Not Cancelled
251008H2UT07GR,Selesai,2025-10-08 08:46:00,2025-10-08,2025-10-08 08:46:00,2025-10-08 23:59:00,2025-10-08 18:16:00,2025-10-18 19:07:00,0.0,570.0,240.85,343.0,0,1,Not Cancelled,Normal,0,0,0,1,1,0,Not Cancelled
251008H44CUN3A,Selesai,2025-10-08 09:09:00,2025-10-08,2025-10-08 09:10:00,2025-10-08 23:59:00,2025-10-08 18:19:00,2025-10-16 18:35:00,1.0,550.0,192.26666666666668,340.0,0,1,Not Cancelled,Normal,0,0,0,3,1,0,Not Cancelled
251008H4FHHJ8J,Selesai,2025-10-08 09:15:00,2025-10-08,2025-10-08 09:15:00,2025-10-08 23:59:00,2025-10-08 18:19:00,2025-10-17 15:30:00,0.0,544.0,213.18333333333334,340.0,0,1,Not Cancelled,Normal,0,0,0,1,1,0,Not Cancelled
251008H5B7GXER,Selesai,2025-10-08 09:31:00,2025-10-08,2025-10-08 09:31:00,2025-10-08 23:59:00,2025-10-08 09:31:00,2025-10-11 08:33:00,0.0,0.0,71.03333333333333,868.0,0,1,Not Cancelled,Normal,0,0,0,1,1,0,Not Cancelled
251008H5UFA1B3,Selesai,2025-10-08 09:40:00,2025-10-08,2025-10-08 09:40:00,2025-10-08 23:59:00,2025-10-08 18:16:00,2025-10-22 13:13:00,0.0,516.0,330.95,343.0,0,1,Not Cancelled,Normal,0,0,0,2,1,0,Not Cancelled
251008H63C15VP,Selesai,2025-10-08 09:44:00,2025-10-08,2025-10-08 09:45:00,2025-10-08 23:59:00,2025-10-08 18:19:00,2025-10-09 18:22:00,1.0,515.0,24.05,340.0,0,1,Not Cancelled,Normal,0,0,0,1,1,0,Not Cancelled
251008H63V73ET,Selesai,2025-10-08 09:44:00,2025-10-08,2025-10-08 09:44:00,2025-10-08 23:59:00,2025-10-08 18:19:00,2025-10-10 22:41:00,0.0,515.0,52.36666666666667,340.0,0,1,Not Cancelled,Normal,0,0,0,1,1,0,Not Cancelled
251008H65W357J,Selesai,2025-10-08 09:45:00,2025-10-08,2025-10-08 09:45:00,2025-10-08 23:59:00,2025-10-08 18:19:00,2025-10-20 15:36:00,0.0,514.0,285.28333333333336,340.0,0,1,Not Cancelled,Normal,0,0,0,1,1,0,Not Cancelled
251008H7EC4N3Y,Selesai,2025-10-08 10:08:00,2025-10-08,2025-10-08 10:08:00,2025-10-09 23:59:00,2025-10-08 19:13:00,2025-10-10 18:51:00,0.0,545.0,47.63333333333333,1726.0,0,1,Not Cancelled,Normal,0,0,0,12,1,0,Not Cancelled
251008H7EMPG0U,Selesai,2025-10-08 10:08:00,2025-10-08,2025-10-08 10:08:00,2025-10-09 23:59:00,2025-10-08 19:13:00,2025-10-14 13:10:00,0.0,545.0,137.95,1726.0,0,1,Not Cancelled,Normal,0,0,0,12,1,0,Not Cancelled
251008H7QY88PV,Selesai,2025-10-08 10:13:00,2025-10-08,2025-10-08 10:14:00,2025-10-09 23:59:00,2025-10-08 19:13:00,2025-10-17 15:24:00,1.0,540.0,212.18333333333334,1726.0,0,1,Not Cancelled,Normal,0,0,0,12,1,0,Not Cancelled
251008H7T9MRVR,Selesai,2025-10-08 10:15:00,2025-10-08,2025-10-08 10:15:00,2025-10-09 23:59:00,2025-10-08 19:13:00,2025-10-16 15:53:00,0.0,538.0,188.66666666666666,1726.0,0,1,Not Cancelled,Normal,0,0,0,12,1,0,Not Cancelled
251008H81R07TE,Selesai,2025-10-08 10:19:00,2025-10-08,2025-10-08 10:20:00,2025-10-08 23:59:00,2025-10-08 18:16:00,2025-10-13 10:00:00,1.0,477.0,111.73333333333333,343.0,0,1,Not Cancelled,Normal,0,0,0,2,1,0,Not Cancelled
251008H8GYCSQE,Selesai,2025-10-08 10:27:00,2025-10-08,2025-10-08 10:28:00,2025-10-08 23:59:00,2025-10-08 15:07:00,2025-10-18 15:16:00,1.0,280.0,240.15,532.0,0,1,Not Cancelled,Normal,0,0,0,1,1,0,Not Cancelled
251008H9DUFG36,Selesai,2025-10-08 10:44:00,2025-10-08,2025-10-08 10:44:00,2025-10-08 23:59:00,2025-10-08 15:07:00,2025-10-11 10:57:00,0.0,263.0,67.83333333333333,532.0,0,1,Not Cancelled,Normal,0,0,0,1,1,0,Not Cancelled
251008H9N52YBK,Selesai,2025-10-08 10:48:00,2025-10-08,2025-10-08 10:48:00,2025-10-08 23:59:00,2025-10-08 18:20:00,2025-10-15 19:57:00,0.0,452.0,169.61666666666667,339.0,0,1,Not Cancelled,Normal,0,0,0,2,2,0,Not Cancelled
251008HB33PN5D,Batal,2025-10-08 11:13:00,2025-10-08,,,,,,,,,1,0,Pre-Fulfillment,Not Processed,0,0,0,1,1,0,Unpaid Order
251008HB983XJQ,Selesai,2025-10-08 11:17:00,2025-10-08,2025-10-08 11:17:00,2025-10-08 23:59:00,2025-10-08 18:19:00,2025-10-14 00:29:00,0.0,422.0,126.16666666666667,340.0,0,1,Not Cancelled,Normal,0,0,0,1,1,0,Not Cancelled
251008HBBBW2MN,Selesai,2025-10-08 11:18:00,2025-10-08,2025-10-08 11:18:00,2025-10-08 23:59:00,2025-10-08 18:19:00,2025-10-12 17:31:00,0.0,421.0,95.2,340.0,0,1,Not Cancelled,Normal,0,0,0,1,1,0,Not Cancelled
251008HBFDK2EP,Selesai,2025-10-08 11:20:00,2025-10-08,2025-10-08 11:21:00,2025-10-08 23:59:00,2025-10-08 18:21:00,2025-10-18 16:04:00,1.0,421.0,237.71666666666667,338.0,0,1,Not Cancelled,Normal,0,0,0,1,1,0,Not Cancelled
251008HBNUJ808,Selesai,2025-10-08 11:24:00,2025-10-08,2025-10-08 11:24:00,2025-10-08 23:59:00,2025-10-08 15:07:00,2025-10-10 20:56:00,0.0,223.0,53.81666666666667,532.0,0,1,Not Cancelled,Normal,0,0,0,1,1,0,Not Cancelled
251008HBUFRPEU,Selesai,2025-10-08 11:27:00,2025-10-08,2025-10-08 11:27:00,2025-10-08 23:59:00,2025-10-08 18:16:00,2025-10-28 20:57:00,0.0,409.0,482.68333333333334,343.0,0,1,Not Cancelled,Normal,0,0,0,2,1,0,Not Cancelled
251008HBUV5GXV,Selesai,2025-10-08 11:27:00,2025-10-08,2025-10-08 11:27:00,2025-10-08 23:59:00,2025-10-08 18:16:00,2025-10-13 13:23:00,0.0,409.0,115.11666666666666,343.0,0,1,Not Cancelled,Normal,0,0,0,1,1,0,Not Cancelled
251008HC7G2XTX,Selesai,2025-10-08 11:34:00,2025-10-08,2025-10-08 11:34:00,2025-10-08 23:59:00,2025-10-08 15:07:00,2025-10-16 16:44:00,0.0,213.0,193.61666666666667,532.0,0,1,Not Cancelled,Normal,0,0,0,1,1,0,Not Cancelled
251008HDH4C34F,Selesai,2025-10-08 11:57:00,2025-10-08,2025-10-08 11:57:00,2025-10-08 23:59:00,2025-10-08 18:19:00,2025-10-11 07:19:00,0.0,382.0,61.0,340.0,0,1,Not Cancelled,Normal,0,0,0,1,1,0,Not Cancelled
251008HDHHSEB0,Batal,2025-10-08 11:57:00,2025-10-08,2025-10-08 11:57:00,2025-10-08 23:59:00,,,0.0,,,,1,0,Pre-Fulfillment,Not Processed,0,0,0,1,1,0,Change Order
251008HDT6BBQB,Selesai,2025-10-08 12:02:00,2025-10-08,2025-10-08 12:02:00,2025-10-09 23:59:00,2025-10-08 18:20:00,2025-10-18 00:32:00,0.0,378.0,222.2,1779.0,0,1,Not Cancelled,Normal,0,1,1,1,1,0,Not Cancelled
251008HFG2HK25,Selesai,2025-10-08 12:32:00,2025-10-08,2025-10-08 12:32:00,2025-10-09 23:59:00,2025-10-08 18:22:00,2025-10-18 11:09:00,0.0,350.0,232.78333333333333,1777.0,0,1,Not Cancelled,Normal,0,0,0,1,1,0,Not Cancelled
251008HFJX3SG2,Selesai,2025-10-08 12:34:00,2025-10-08,2025-10-08 12:35:00,2025-10-09 23:59:00,2025-10-08 18:19:00,2025-10-09 19:10:00,1.0,345.0,24.85,1780.0,0,1,Not Cancelled,Normal,0,0,0,1,1,0,Not Cancelled
251008HG1EK3K0,Batal,2025-10-08 12:42:00,2025-10-08,2025-10-08 12:42:00,2025-10-09 23:59:00,,,0.0,,,,1,0,Pre-Fulfillment,Not Processed,0,0,0,1,1,0,Change Order
251008HG4CXV4T,Batal,2025-10-08 12:44:00,2025-10-08,2025-10-08 12:44:00,2025-10-09 23:59:00,,,0.0,,,,1,0,Pre-Fulfillment,Not Processed,0,0,0,1,1,0,Other
251008HJCQJVW6,Selesai,2025-10-08 13:24:00,2025-10-08,2025-10-08 13:24:00,2025-10-09 23:59:00,2025-10-09 18:47:00,2025-10-17 13:38:00,0.0,1763.0,186.85,312.0,0,1,Not Cancelled,Normal,0,0,0,1,1,0,Not Cancelled
251008HK1BEW9S,Selesai,2025-10-08 13:36:00,2025-10-08,2025-10-08 13:36:00,2025-10-09 23:59:00,2025-10-09 15:57:00,2025-10-11 10:35:00,0.0,1581.0,42.63333333333333,482.0,0,1,Not Cancelled,Normal,0,0,0,1,1,0,Not Cancelled
251008HM99DWJV,Selesai,2025-10-08 13:58:00,2025-10-08,2025-10-08 13:58:00,2025-10-09 23:59:00,2025-10-09 18:47:00,2025-10-15 23:27:00,0.0,1729.0,148.66666666666666,312.0,0,1,Not Cancelled,Normal,0,0,0,2,2,0,Not Cancelled
251008HMDGSTK7,Batal,2025-10-08 14:00:00,2025-10-08,2025-10-08 14:01:00,2025-10-09 23:59:00,,,1.0,,,,1,0,Pre-Fulfillment,Not Processed,0,0,0,3,1,0,Change Order
251008HMEK5W38,Selesai,2025-10-08 14:01:00,2025-10-08,2025-10-08 14:01:00,2025-10-09 23:59:00,2025-10-09 15:57:00,2025-10-16 12:17:00,0.0,1556.0,164.33333333333334,482.0,0,1,Not Cancelled,Normal,0,0,0,1,1,0,Not Cancelled
251008HMGG7G0S,Selesai,2025-10-08 14:02:00,2025-10-08,2025-10-08 14:03:00,2025-10-09 23:59:00,2025-10-09 15:57:00,2025-10-14 14:13:00,1.0,1555.0,118.26666666666667,482.0,0,1,Not Cancelled,Normal,0,0,0,3,1,0,Not Cancelled
251008HMMHWF6J,Selesai,2025-10-08 14:04:00,2025-10-08,2025-10-09 08:24:00,2025-10-09 23:59:00,2025-10-09 18:45:00,2025-10-14 14:28:00,1100.0,1721.0,115.71666666666667,314.0,0,1,Not Cancelled,Normal,0,0,0,1,1,0,Not Cancelled
251008HN0H9KEX,Selesai,2025-10-08 14:11:00,2025-10-08,2025-10-08 14:11:00,2025-10-09 23:59:00,2025-10-09 18:47:00,2025-10-18 16:04:00,0.0,1716.0,213.28333333333333,312.0,0,1,Not Cancelled,Normal,0,0,0,1,1,0,Not Cancelled
251008HNCKG55V,Selesai,2025-10-08 14:18:00,2025-10-08,2025-10-08 14:18:00,2025-10-09 23:59:00,2025-10-09 18:47:00,2025-10-20 15:47:00,0.0,1709.0,261.0,312.0,0,1,Not Cancelled,Normal,0,0,0,2,1,0,Not Cancelled
251008HNE19W3W,Selesai,2025-10-08 14:18:00,2025-10-08,2025-10-08 14:18:00,2025-10-09 23:59:00,2025-10-09 18:44:00,2025-10-19 17:32:00,0.0,1706.0,238.8,315.0,0,1,Not Cancelled,Normal,0,0,0,1,1,0,Not Cancelled
251008HNRD62D4,Selesai,2025-10-08 14:24:00,2025-10-08,2025-10-08 14:24:00,2025-10-09 23:59:00,2025-10-09 18:44:00,2025-10-20 16:12:00,0.0,1700.0,261.46666666666664,315.0,0,1,Not Cancelled,Normal,0,0,0,1,1,0,Not Cancelled
251008HP0DQ12W,Selesai,2025-10-08 14:29:00,2025-10-08,2025-10-08 14:29:00,2025-10-09 23:59:00,2025-10-09 18:45:00,2025-10-20 09:45:00,0.0,1696.0,255.0,314.0,0,1,Not Cancelled,Normal,0,0,0,5,1,0,Not Cancelled
251008HPK1S38P,Selesai,2025-10-08 14:39:00,2025-10-08,2025-10-08 14:39:00,2025-10-09 23:59:00,2025-10-09 18:47:00,2025-10-21 13:22:00,0.0,1688.0,282.5833333333333,312.0,0,1,Not Cancelled,Normal,0,0,0,1,1,0,Not Cancelled
251008HQED6MSV,Batal,2025-10-08 14:54:00,2025-10-08,2025-10-08 14:54:00,2025-10-09 23:59:00,,,0.0,,,,1,0,Pre-Fulfillment,Not Processed,0,0,0,1,1,0,Other
251008HRBE4QNN,Selesai,2025-10-08 15:11:00,2025-10-08,2025-10-08 15:11:00,2025-10-09 23:59:00,2025-10-09 18:45:00,2025-10-18 14:24:00,0.0,1654.0,211.65,314.0,0,1,Not Cancelled,Normal,0,0,0,1,1,0,Not Cancelled
251008HRC9RW0J,Selesai,2025-10-08 15:11:00,2025-10-08,2025-10-08 15:11:00,2025-10-09 23:59:00,2025-10-09 18:48:00,2025-10-14 19:48:00,0.0,1657.0,121.0,311.0,0,1,Not Cancelled,Normal,0,0,0,1,1,0,Not Cancelled
251008HRJE7TYH,Selesai,2025-10-08 15:15:00,2025-10-08,2025-10-08 15:15:00,2025-10-09 23:59:00,2025-10-08 15:15:00,2025-10-11 07:17:00,0.0,0.0,64.03333333333333,1964.0,0,1,Not Cancelled,Normal,0,0,0,1,1,0,Not Cancelled
251008HRW3K61J,Selesai,2025-10-08 15:21:00,2025-10-08,2025-10-08 15:21:00,2025-10-09 23:59:00,2025-10-09 18:44:00,2025-10-18 14:51:00,0.0,1643.0,212.11666666666667,315.0,0,1,Not Cancelled,Normal,0,0,0,1,1,0,Not Cancelled
251008HS05V09S,Selesai,2025-10-08 15:22:00,2025-10-08,2025-10-08 15:22:00,2025-10-09 23:59:00,2025-10-09 18:44:00,2025-10-12 14:48:00,0.0,1642.0,68.06666666666666,315.0,0,1,Not Cancelled,Normal,0,0,0,1,1,0,Not Cancelled
251008HS4TNRN2,Selesai,2025-10-08 15:25:00,2025-10-08,2025-10-08 15:26:00,2025-10-09 23:59:00,2025-10-09 18:47:00,2025-10-18 18:37:00,1.0,1642.0,215.83333333333334,312.0,0,1,Not Cancelled,Normal,0,0,0,1,1,0,Not Cancelled
251008HSCPC67P,Batal,2025-10-08 15:29:00,2025-10-08,2025-10-08 15:29:00,2025-10-09 23:59:00,,,0.0,,,,1,0,Pre-Fulfillment,Not Processed,0,0,0,1,1,0,Change Address
251008HSH1NSEJ,Selesai,2025-10-08 15:32:00,2025-10-08,2025-10-08 15:32:00,2025-10-09 23:59:00,2025-10-09 15:57:00,2025-10-10 23:08:00,0.0,1465.0,31.183333333333334,482.0,0,1,Not Cancelled,Normal,0,0,0,1,1,0,Not Cancelled
251008HSNX24QA,Selesai,2025-10-08 15:34:00,2025-10-08,2025-10-08 15:34:00,2025-10-09 23:59:00,2025-10-09 18:45:00,2025-10-20 00:51:00,0.0,1631.0,246.1,314.0,0,1,Not Cancelled,Normal,0,0,0,1,1,0,Not Cancelled
251008HTUU2N1U,Batal,2025-10-08 15:56:00,2025-10-08,2025-10-08 15:56:00,2025-10-09 23:59:00,,,0.0,,,,1,0,Pre-Fulfillment,Not Processed,0,0,0,1,1,0,Change Order
251008HTYCJGAK,Selesai,2025-10-08 15:58:00,2025-10-08,2025-10-08 15:58:00,2025-10-09 23:59:00,2025-10-09 18:46:00,2025-10-23 17:02:00,0.0,1608.0,334.26666666666665,313.0,0,1,Not Cancelled,Normal,0,0,0,1,1,0,Not Cancelled
251008HV0NU36H,Selesai,2025-10-08 16:16:00,2025-10-08,2025-10-08 16:16:00,2025-10-09 23:59:00,2025-10-09 18:47:00,2025-10-20 18:27:00,0.0,1591.0,263.6666666666667,312.0,0,1,Not Cancelled,Normal,0,0,0,1,1,0,Not Cancelled
251008HVHKJSNK,Batal,2025-10-08 16:26:00,2025-10-08,2025-10-08 16:26:00,2025-10-09 23:59:00,,,0.0,,,,1,0,Pre-Fulfillment,Not Processed,0,0,0,1,1,0,Other
251008HW3MG0CG,Batal,2025-10-08 16:36:00,2025-10-08,2025-10-08 16:36:00,2025-10-09 23:59:00,,,0.0,,,,1,0,Pre-Fulfillment,Not Processed,0,0,0,1,1,0,Change Order
251008HWKTAJQC,Selesai,2025-10-08 16:45:00,2025-10-08,2025-10-08 16:45:00,2025-10-09 23:59:00,2025-10-09 18:47:00,2025-10-11 18:14:00,0.0,1562.0,47.45,312.0,0,1,Not Cancelled,Normal,0,0,0,1,1,0,Not Cancelled
251008HWSM9U7C,Selesai,2025-10-08 16:48:00,2025-10-08,2025-10-08 16:48:00,2025-10-09 23:59:00,2025-10-09 18:47:00,2025-10-17 17:36:00,0.0,1559.0,190.81666666666666,312.0,0,1,Not Cancelled,Normal,0,0,0,1,1,0,Not Cancelled
251008J0QP3XE7,Batal,2025-10-08 17:41:00,2025-10-08,2025-10-08 17:41:00,2025-10-09 23:59:00,,,0.0,,,,1,0,Pre-Fulfillment,Not Processed,0,0,0,1,1,0,Change Address
251008J0V0CFDN,Batal,2025-10-08 17:43:00,2025-10-08,2025-10-08 17:43:00,2025-10-09 23:59:00,2025-10-09 18:48:00,,0.0,1505.0,,311.0,1,1,Post-Fulfillment Initiation,Normal,0,0,0,1,1,0,Delivery Failed
251008J14PVNJ7,Selesai,2025-10-08 17:48:00,2025-10-08,2025-10-08 17:49:00,2025-10-09 23:59:00,2025-10-09 18:44:00,2025-10-19 12:20:00,1.0,1496.0,233.6,315.0,0,1,Not Cancelled,Normal,0,0,0,1,1,0,Not Cancelled
251008J1ECT139,Selesai,2025-10-08 17:53:00,2025-10-08,2025-10-08 17:55:00,2025-10-09 23:59:00,2025-10-09 18:46:00,2025-10-14 10:14:00,2.0,1493.0,111.46666666666667,313.0,0,1,Not Cancelled,Normal,0,0,0,1,1,0,Not Cancelled
251008J2D7U74F,Selesai,2025-10-08 18:11:00,2025-10-08,2025-10-08 18:11:00,2025-10-09 23:59:00,2025-10-09 18:48:00,2025-10-14 11:08:00,0.0,1477.0,112.33333333333333,311.0,0,1,Not Cancelled,Normal,0,0,0,1,1,0,Not Cancelled
251008J39VCY84,Batal,2025-10-08 18:27:00,2025-10-08,2025-10-08 18:27:00,2025-10-09 23:59:00,,,0.0,,,,1,0,Pre-Fulfillment,Not Processed,0,0,0,1,1,0,Change Address
251008J3B2GKJM,Selesai,2025-10-08 18:27:00,2025-10-08,2025-10-08 18:28:00,2025-10-09 23:59:00,2025-10-09 18:46:00,2025-10-13 17:44:00,1.0,1459.0,94.96666666666667,313.0,0,1,Not Cancelled,Normal,0,0,0,1,1,0,Not Cancelled
251008J3B95APB,Selesai,2025-10-08 18:27:00,2025-10-08,2025-10-08 18:28:00,2025-10-09 23:59:00,2025-10-09 18:45:00,2025-10-11 21:56:00,1.0,1458.0,51.18333333333333,314.0,0,1,Not Cancelled,Normal,0,0,0,1,1,0,Not Cancelled
251008J3J99YHM,Batal,2025-10-08 18:31:00,2025-10-08,2025-10-08 18:32:00,2025-10-09 23:59:00,,,1.0,,,,1,0,Pre-Fulfillment,Not Processed,0,0,0,1,1,0,Change Address
251008J3NPYH8R,Selesai,2025-10-08 18:33:00,2025-10-08,2025-10-08 18:33:00,2025-10-09 23:59:00,2025-10-09 18:45:00,2025-10-14 23:14:00,0.0,1452.0,124.48333333333333,314.0,0,1,Not Cancelled,Normal,0,0,0,1,1,0,Not Cancelled
251008J4FEY2YT,Batal,2025-10-08 18:48:00,2025-10-08,,,,,,,,,1,0,Pre-Fulfillment,Not Processed,0,0,0,1,1,0,Unpaid Order
251008J5C0J5F7,Batal,2025-10-08 19:04:00,2025-10-08,2025-10-08 19:04:00,2025-10-09 23:59:00,,,0.0,,,,1,0,Pre-Fulfillment,Not Processed,0,0,0,1,1,0,Change Order
251008J5K8AMAW,Batal,2025-10-08 19:08:00,2025-10-08,2025-10-08 19:08:00,2025-10-09 23:59:00,2025-10-09 18:44:00,,0.0,1416.0,,315.0,1,1,Post-Fulfillment Initiation,Normal,0,0,0,1,1,0,Delivery Failed
251008J77C7XD7,Selesai,2025-10-08 19:37:00,2025-10-08,2025-10-08 19:37:00,2025-10-09 23:59:00,2025-10-09 18:48:00,2025-10-16 05:59:00,0.0,1391.0,155.18333333333334,311.0,0,1,Not Cancelled,Normal,0,0,0,1,1,0,Not Cancelled
251008J94ECD13,Selesai,2025-10-08 20:11:00,2025-10-08,2025-10-08 20:11:00,2025-10-09 23:59:00,2025-10-09 18:47:00,2025-10-11 20:41:00,0.0,1356.0,49.9,312.0,0,1,Not Cancelled,Normal,0,0,0,1,1,0,Not Cancelled
251008J9FMYG63,Selesai,2025-10-08 20:17:00,2025-10-08,2025-10-08 20:17:00,2025-10-09 23:59:00,2025-10-09 18:46:00,2025-10-14 06:41:00,0.0,1349.0,107.91666666666667,313.0,0,1,Not Cancelled,Normal,0,0,0,1,1,0,Not Cancelled
251008J9R1USHC,Selesai,2025-10-08 20:22:00,2025-10-08,2025-10-08 20:22:00,2025-10-09 23:59:00,2025-10-09 18:44:00,2025-11-03 18:46:00,0.0,1342.0,600.0333333333333,315.0,0,1,Not Cancelled,Normal,0,0,0,1,1,0,Not Cancelled
251008J9X5DHVB,Selesai,2025-10-08 20:25:00,2025-10-08,2025-10-08 20:26:00,2025-10-09 23:59:00,2025-10-09 18:48:00,2025-10-21 19:54:00,1.0,1343.0,289.1,311.0,0,1,Not Cancelled,Normal,0,0,0,1,1,0,Not Cancelled
251008JA248DJH,Selesai,2025-10-08 20:28:00,2025-10-08,2025-10-08 20:28:00,2025-10-09 23:59:00,2025-10-09 18:47:00,2025-10-17 13:00:00,0.0,1339.0,186.21666666666667,312.0,0,1,Not Cancelled,Normal,0,0,0,1,1,0,Not Cancelled
251008JA48WJ0T,Selesai,2025-10-08 20:29:00,2025-10-08,2025-10-08 20:29:00,2025-10-09 23:59:00,2025-10-09 18:45:00,2025-10-19 18:13:00,0.0,1336.0,239.46666666666667,314.0,0,1,Not Cancelled,Normal,0,0,0,2,1,0,Not Cancelled
251008JAPYSAHT,Selesai,2025-10-08 20:39:00,2025-10-08,2025-10-08 20:39:00,2025-10-09 23:59:00,2025-10-09 18:47:00,2025-10-13 20:57:00,0.0,1328.0,98.16666666666667,312.0,0,1,Not Cancelled,Normal,0,0,0,2,2,0,Not Cancelled
251008JAQQKC9N,Selesai,2025-10-08 20:40:00,2025-10-08,2025-10-08 20:40:00,2025-10-09 23:59:00,2025-10-09 18:47:00,2025-10-20 15:56:00,0.0,1327.0,261.15,312.0,0,1,Not Cancelled,Normal,0,0,0,1,1,0,Not Cancelled
251008JC11F0H0,Selesai,2025-10-08 21:03:00,2025-10-08,2025-10-08 21:03:00,2025-10-09 23:59:00,2025-10-09 18:45:00,2025-10-18 18:24:00,0.0,1302.0,215.65,314.0,0,1,Not Cancelled,Normal,0,0,0,1,1,0,Not Cancelled
251008JCPQN6KK,Selesai,2025-10-08 21:15:00,2025-10-08,2025-10-08 21:15:00,2025-10-09 23:59:00,2025-10-09 18:46:00,2025-10-19 14:17:00,0.0,1291.0,235.51666666666668,313.0,0,1,Not Cancelled,Normal,0,0,0,1,1,0,Not Cancelled
251008JDHD8N35,Selesai,2025-10-08 21:30:00,2025-10-08,2025-10-08 21:30:00,2025-10-09 23:59:00,2025-10-09 18:47:00,2025-10-14 21:00:00,0.0,1277.0,122.21666666666667,312.0,0,1,Not Cancelled,Normal,0,0,0,1,1,0,Not Cancelled
251008JDHJWQKA,Selesai,2025-10-08 21:30:00,2025-10-08,2025-10-08 21:30:00,2025-10-09 23:59:00,2025-10-09 18:46:00,2025-10-13 07:19:00,0.0,1276.0,84.55,313.0,0,1,Not Cancelled,Normal,0,0,0,2,1,0,Not Cancelled
251008JDXC30BE,Selesai,2025-10-08 21:37:00,2025-10-08,2025-10-08 21:37:00,2025-10-09 23:59:00,2025-10-09 18:47:00,2025-10-18 20:59:00,0.0,1270.0,218.2,312.0,0,1,Not Cancelled,Normal,0,0,0,1,1,0,Not Cancelled
251008JE10XRBW,Selesai,2025-10-08 21:39:00,2025-10-08,2025-10-08 21:39:00,2025-10-09 23:59:00,2025-10-09 18:48:00,2025-10-19 18:41:00,0.0,1269.0,239.88333333333333,311.0,0,1,Not Cancelled,Normal,0,0,0,1,1,0,Not Cancelled
251008JERXQN6A,Selesai,2025-10-08 21:52:00,2025-10-08,2025-10-08 21:52:00,2025-10-09 23:59:00,2025-10-09 18:48:00,2025-10-15 22:29:00,0.0,1256.0,147.68333333333334,311.0,0,1,Not Cancelled,Normal,0,0,0,1,1,0,Not Cancelled
251008JEUEV5FT,Selesai,2025-10-08 21:53:00,2025-10-08,2025-10-08 21:53:00,2025-10-09 23:59:00,2025-10-09 18:47:00,2025-10-19 02:22:00,0.0,1254.0,223.58333333333334,312.0,0,1,Not Cancelled,Normal,0,0,0,1,1,0,Not Cancelled
251008JGYBAVU6,Batal,2025-10-08 22:31:00,2025-10-08,2025-10-08 22:31:00,2025-10-09 23:59:00,,,0.0,,,,1,0,Pre-Fulfillment,Not Processed,0,0,0,1,1,0,Change Order
251008JJ0C1TKH,Selesai,2025-10-08 22:50:00,2025-10-08,2025-10-08 22:52:00,2025-10-09 23:59:00,2025-10-09 18:44:00,2025-10-17 18:31:00,2.0,1194.0,191.78333333333333,315.0,0,1,Not Cancelled,Normal,0,0,0,1,1,0,Not Cancelled
251008JJE1R762,Batal,2025-10-08 22:57:00,2025-10-08,,,,,,,,,1,0,Pre-Fulfillment,Not Processed,0,0,0,1,1,0,Unpaid Order
251009JJYWYDEF,Selesai,2025-10-08 23:07:00,2025-10-08,2025-10-08 23:09:00,2025-10-09 23:59:00,2025-10-09 18:47:00,2025-10-15 13:29:00,2.0,1180.0,138.7,312.0,0,1,Not Cancelled,Normal,0,0,0,1,1,0,Not Cancelled
251009JK2B75PC,Selesai,2025-10-08 23:09:00,2025-10-08,2025-10-08 23:10:00,2025-10-09 23:59:00,2025-10-09 18:44:00,2025-10-17 21:45:00,1.0,1175.0,195.01666666666668,315.0,0,1,Not Cancelled,Normal,0,0,0,1,1,0,Not Cancelled
251009JKRFQTEW,Selesai,2025-10-08 23:21:00,2025-10-08,2025-10-08 23:22:00,2025-10-09 23:59:00,2025-10-09 15:57:00,2025-10-17 19:47:00,1.0,996.0,195.83333333333334,482.0,0,1,Not Cancelled,Normal,0,0,0,1,1,0,Not Cancelled
251009JNMUWA1C,Selesai,2025-10-08 23:55:00,2025-10-08,2025-10-08 23:55:00,2025-10-09 23:59:00,2025-10-09 18:45:00,2025-10-10 19:34:00,0.0,1130.0,24.816666666666666,314.0,0,1,Not Cancelled,Normal,0,0,0,1,1,0,Not Cancelled
251009JPVBGT2D,Selesai,2025-10-09 00:17:00,2025-10-09,2025-10-09 00:17:00,2025-10-09 23:59:00,2025-10-09 15:57:00,2025-10-11 10:17:00,0.0,940.0,42.333333333333336,482.0,0,1,Not Cancelled,Normal,0,0,0,1,1,0,Not Cancelled
251009JRAGRWUV,Selesai,2025-10-09 00:43:00,2025-10-09,2025-10-09 00:43:00,2025-10-09 23:59:00,2025-10-09 18:47:00,2025-10-20 20:19:00,0.0,1084.0,265.53333333333336,312.0,0,1,Not Cancelled,Normal,0,0,0,1,1,0,Not Cancelled
251009JTCUMUCR,Selesai,2025-10-09 01:20:00,2025-10-09,2025-10-09 01:21:00,2025-10-09 23:59:00,2025-10-09 15:57:00,2025-10-17 16:38:00,1.0,877.0,192.68333333333334,482.0,0,1,Not Cancelled,Normal,0,0,0,1,1,0,Not Cancelled
251009JTPAWHBE,Selesai,2025-10-09 01:25:00,2025-10-09,2025-10-09 01:25:00,2025-10-09 23:59:00,2025-10-09 15:57:00,2025-10-17 20:02:00,0.0,872.0,196.08333333333334,482.0,0,1,Not Cancelled,Normal,0,0,0,1,1,0,Not Cancelled
251009JUKKESKF,Selesai,2025-10-09 01:42:00,2025-10-09,2025-10-09 01:42:00,2025-10-09 23:59:00,2025-10-09 15:57:00,2025-10-12 11:04:00,0.0,855.0,67.11666666666666,482.0,0,1,Not Cancelled,Normal,0,0,0,1,1,0,Not Cancelled
251009JWPJC5SS,Batal,2025-10-09 02:19:00,2025-10-09,2025-10-09 02:19:00,2025-10-09 23:59:00,2025-10-09 02:19:00,,0.0,0.0,,1300.0,1,1,Post-Fulfillment Initiation,Normal,0,0,0,1,1,0,Delivery Failed
251009KA6KJ1VF,Selesai,2025-10-09 06:03:00,2025-10-09,2025-10-09 06:03:00,2025-10-09 23:59:00,2025-10-09 18:47:00,2025-10-18 18:02:00,0.0,764.0,215.25,312.0,0,1,Not Cancelled,Normal,0,0,0,1,1,0,Not Cancelled
251009KBGANDSG,Selesai,2025-10-09 06:26:00,2025-10-09,2025-10-09 06:26:00,2025-10-09 23:59:00,2025-10-09 18:47:00,2025-10-16 15:58:00,0.0,741.0,165.18333333333334,312.0,0,1,Not Cancelled,Normal,0,0,0,1,1,0,Not Cancelled
251009KCXE04TC,Selesai,2025-10-09 06:52:00,2025-10-09,2025-10-09 06:52:00,2025-10-09 23:59:00,2025-10-09 18:47:00,2025-10-24 16:16:00,0.0,715.0,357.48333333333335,312.0,0,1,Not Cancelled,Normal,0,0,0,1,1,0,Not Cancelled
251009KDB39TB6,Selesai,2025-10-09 06:59:00,2025-10-09,2025-10-09 06:59:00,2025-10-09 23:59:00,2025-10-09 18:47:00,2025-10-18 15:04:00,0.0,708.0,212.28333333333333,312.0,0,1,Not Cancelled,Normal,0,0,0,2,2,0,Not Cancelled
251009KDK5RTWR,Batal,2025-10-09 07:03:00,2025-10-09,2025-10-09 07:04:00,2025-10-09 23:59:00,,,1.0,,,,1,0,Pre-Fulfillment,Not Processed,0,0,0,1,1,0,Other
251009KDTYKPJN,Selesai,2025-10-09 07:08:00,2025-10-09,2025-10-09 07:08:00,2025-10-09 23:59:00,2025-10-09 18:45:00,2025-10-25 19:02:00,0.0,697.0,384.28333333333336,314.0,0,1,Not Cancelled,Normal,0,0,0,1,1,0,Not Cancelled
251009KE4SBP8U,Selesai,2025-10-09 07:13:00,2025-10-09,2025-10-09 07:13:00,2025-10-09 23:59:00,2025-10-09 18:48:00,2025-10-15 12:01:00,0.0,695.0,137.21666666666667,311.0,0,1,Not Cancelled,Normal,0,0,0,2,1,0,Not Cancelled
251009KERHN0UV,Selesai,2025-10-09 07:24:00,2025-10-09,2025-10-09 07:24:00,2025-10-09 23:59:00,2025-10-09 18:48:00,2025-10-12 20:41:00,0.0,684.0,73.88333333333334,311.0,0,1,Not Cancelled,Normal,0,0,0,1,1,0,Not Cancelled
251009KEVYQHFH,Selesai,2025-10-09 07:27:00,2025-10-09,2025-10-09 07:28:00,2025-10-09 23:59:00,2025-10-09 18:45:00,2025-10-18 16:08:00,1.0,678.0,213.38333333333333,314.0,0,1,Not Cancelled,Normal,0,0,0,1,1,0,Not Cancelled
251009KGSHMWEQ,Selesai,2025-10-09 08:01:00,2025-10-09,2025-10-09 08:01:00,2025-10-09 23:59:00,2025-10-09 18:47:00,2025-10-13 20:32:00,0.0,646.0,97.75,312.0,0,1,Not Cancelled,Normal,0,0,0,1,1,0,Not Cancelled
251009KJR58TPN,Selesai,2025-10-09 08:36:00,2025-10-09,2025-10-09 08:36:00,2025-10-09 23:59:00,2025-10-09 18:47:00,2025-10-18 17:25:00,0.0,611.0,214.63333333333333,312.0,0,1,Not Cancelled,Normal,0,0,0,1,1,0,Not Cancelled
251009KJTYV22T,Selesai,2025-10-09 08:37:00,2025-10-09,2025-10-09 08:38:00,2025-10-09 23:59:00,2025-10-09 18:47:00,2025-10-11 09:30:00,1.0,610.0,38.71666666666667,312.0,0,1,Not Cancelled,Normal,0,0,0,1,1,0,Not Cancelled
251009KKSWSGXS,Selesai,2025-10-09 08:55:00,2025-10-09,2025-10-09 08:57:00,2025-10-09 23:59:00,2025-10-09 18:47:00,2025-10-17 17:46:00,2.0,592.0,190.98333333333332,312.0,0,1,Not Cancelled,Normal,0,0,0,2,1,0,Not Cancelled
251009KKXJHT8A,Selesai,2025-10-09 08:57:00,2025-10-09,2025-10-09 08:58:00,2025-10-09 23:59:00,2025-10-09 15:57:00,2025-10-11 10:45:00,1.0,420.0,42.8,482.0,0,1,Not Cancelled,Normal,0,0,0,1,1,0,Not Cancelled
251009KP7K397V,Selesai,2025-10-09 09:38:00,2025-10-09,2025-10-09 09:38:00,2025-10-09 23:59:00,2025-10-09 18:45:00,2025-10-15 13:51:00,0.0,547.0,139.1,314.0,0,1,Not Cancelled,Normal,0,0,0,1,1,0,Not Cancelled
251009KRTDB87Q,Selesai,2025-10-09 10:24:00,2025-10-09,2025-10-09 10:25:00,2025-10-09 23:59:00,2025-10-09 18:47:00,2025-10-17 18:21:00,1.0,503.0,191.56666666666666,312.0,0,1,Not Cancelled,Normal,0,0,0,1,1,0,Not Cancelled
251009KSSJVY6M,Selesai,2025-10-09 10:42:00,2025-10-09,2025-10-09 10:42:00,2025-10-09 23:59:00,2025-10-09 18:44:00,2025-10-17 23:31:00,0.0,482.0,196.78333333333333,315.0,0,1,Not Cancelled,Normal,0,0,0,1,1,0,Not Cancelled
251009KSY49ECS,Selesai,2025-10-09 10:45:00,2025-10-09,2025-10-09 10:45:00,2025-10-09 23:59:00,2025-10-09 18:48:00,2025-10-12 10:02:00,0.0,483.0,63.233333333333334,311.0,0,1,Not Cancelled,Normal,0,0,0,1,1,0,Not Cancelled
251009KTC16HB3,Selesai,2025-10-09 10:52:00,2025-10-09,2025-10-09 10:52:00,2025-10-09 23:59:00,2025-10-09 18:45:00,2025-10-18 12:50:00,0.0,473.0,210.08333333333334,314.0,0,1,Not Cancelled,Normal,0,0,0,1,1,0,Not Cancelled
251009KTUXGWQQ,Selesai,2025-10-09 11:01:00,2025-10-09,2025-10-09 11:01:00,2025-10-09 23:59:00,2025-10-09 18:47:00,2025-10-17 19:47:00,0.0,466.0,193.0,312.0,0,1,Not Cancelled,Normal,0,0,0,1,1,0,Not Cancelled
251009KU5JHXK4,Selesai,2025-10-09 11:06:00,2025-10-09,2025-10-09 11:07:00,2025-10-09 23:59:00,2025-10-09 18:48:00,2025-10-17 18:25:00,1.0,462.0,191.61666666666667,311.0,0,1,Not Cancelled,Normal,0,0,0,1,1,0,Not Cancelled
251009KU9CHJBV,Batal,2025-10-09 11:09:00,2025-10-09,2025-10-09 11:09:00,2025-10-09 23:59:00,,,0.0,,,,1,0,Pre-Fulfillment,Not Processed,0,0,0,1,1,0,Change Address
251009KUCPE11Q,Selesai,2025-10-09 11:10:00,2025-10-09,2025-10-09 11:10:00,2025-10-09 23:59:00,2025-10-09 18:47:00,2025-10-11 13:54:00,0.0,457.0,43.11666666666667,312.0,0,1,Not Cancelled,Normal,0,0,0,1,1,0,Not Cancelled
251009KVPR3U78,Selesai,2025-10-09 11:34:00,2025-10-09,2025-10-09 11:34:00,2025-10-09 23:59:00,2025-10-09 18:46:00,2025-10-13 13:19:00,0.0,432.0,90.55,313.0,0,1,Not Cancelled,Normal,0,0,0,1,1,0,Not Cancelled
251009KX3M92YC,Selesai,2025-10-09 11:59:00,2025-10-09,2025-10-09 11:59:00,2025-10-09 23:59:00,2025-10-09 18:47:00,2025-10-13 06:26:00,0.0,408.0,83.65,312.0,0,1,Not Cancelled,Normal,0,0,0,1,1,0,Not Cancelled
251009KXFB3A18,Selesai,2025-10-09 12:06:00,2025-10-09,2025-10-09 12:06:00,2025-10-10 23:59:00,2025-10-10 18:59:00,2025-10-20 17:10:00,0.0,1853.0,238.18333333333334,300.0,0,1,Not Cancelled,Normal,0,0,0,1,1,0,Not Cancelled
251009KYYQU4A4,Selesai,2025-10-09 12:33:00,2025-10-09,2025-10-09 12:33:00,2025-10-10 23:59:00,2025-10-10 19:01:00,2025-10-19 17:10:00,0.0,1828.0,214.15,298.0,0,1,Not Cancelled,Normal,0,0,0,1,1,0,Not Cancelled
251009M22SKVK4,Selesai,2025-10-09 13:10:00,2025-10-09,2025-10-09 13:12:00,2025-10-10 23:59:00,2025-10-10 19:00:00,2025-10-13 07:30:00,2.0,1790.0,60.5,299.0,0,1,Not Cancelled,Normal,0,0,0,1,1,0,Not Cancelled
251009M28EUTNG,Selesai,2025-10-09 13:13:00,2025-10-09,2025-10-09 13:13:00,2025-10-10 23:59:00,2025-10-10 18:56:00,2025-10-20 20:44:00,0.0,1783.0,241.8,303.0,0,1,Not Cancelled,Normal,0,0,0,1,1,0,Not Cancelled
251009M3KNNVEX,Selesai,2025-10-09 13:37:00,2025-10-09,2025-10-09 13:41:00,2025-10-10 23:59:00,2025-10-10 18:57:00,2025-10-21 22:10:00,4.0,1760.0,267.21666666666664,302.0,0,1,Not Cancelled,Normal,0,0,0,3,1,0,Not Cancelled
251009M4N8G4SA,Selesai,2025-10-09 13:56:00,2025-10-09,2025-10-09 13:56:00,2025-10-10 23:59:00,2025-10-10 19:00:00,2025-10-13 22:49:00,0.0,1744.0,75.81666666666666,299.0,0,1,Not Cancelled,Normal,0,0,0,3,3,0,Not Cancelled
251009M5A50CR2,Batal,2025-10-09 14:08:00,2025-10-09,2025-10-09 14:08:00,2025-10-10 23:59:00,,,0.0,,,,1,0,Pre-Fulfillment,Not Processed,0,0,0,1,1,0,Other
251009M5H35A6D,Selesai,2025-10-09 14:12:00,2025-10-09,2025-10-09 14:13:00,2025-10-10 23:59:00,2025-10-10 19:00:00,2025-10-13 10:42:00,1.0,1728.0,63.7,299.0,0,1,Not Cancelled,Normal,0,0,0,1,1,0,Not Cancelled
251009M5TN8WSQ,Selesai,2025-10-09 14:17:00,2025-10-09,2025-10-09 14:17:00,2025-10-10 23:59:00,2025-10-10 19:00:00,2025-10-22 15:58:00,0.0,1723.0,284.96666666666664,299.0,0,1,Not Cancelled,Normal,0,0,0,1,1,0,Not Cancelled
251009M5U7DDRR,Selesai,2025-10-09 14:17:00,2025-10-09,2025-10-09 14:17:00,2025-10-10 23:59:00,2025-10-09 14:18:00,2025-10-17 17:23:00,0.0,1.0,195.08333333333334,2021.0,0,1,Not Cancelled,Normal,0,0,0,1,1,0,Not Cancelled
251009M6GGCU5D,Selesai,2025-10-09 14:29:00,2025-10-09,2025-10-09 14:33:00,2025-10-10 23:59:00,2025-10-10 18:56:00,2025-10-20 09:33:00,4.0,1707.0,230.61666666666667,303.0,0,1,Not Cancelled,Normal,0,0,0,1,1,0,Not Cancelled
251009M73NHN61,Selesai,2025-10-09 14:40:00,2025-10-09,2025-10-09 14:40:00,2025-10-10 23:59:00,2025-10-10 18:56:00,2025-10-23 11:29:00,0.0,1696.0,304.55,303.0,0,1,Not Cancelled,Normal,0,0,0,1,1,0,Not Cancelled
251009M7Y8NSW7,Selesai,2025-10-09 14:56:00,2025-10-09,2025-10-09 14:56:00,2025-10-10 23:59:00,2025-10-10 18:55:00,2025-10-16 18:06:00,0.0,1679.0,143.18333333333334,304.0,0,1,Not Cancelled,Normal,0,0,0,1,1,0,Not Cancelled
251009M8V1VAV2,Selesai,2025-10-09 15:12:00,2025-10-09,2025-10-09 15:12:00,2025-10-10 23:59:00,2025-10-10 18:59:00,2025-10-13 14:38:00,0.0,1667.0,67.65,300.0,0,1,Not Cancelled,Normal,0,0,0,1,1,0,Not Cancelled
251009M9YB27YJ,Selesai,2025-10-09 15:31:00,2025-10-09,2025-10-09 15:32:00,2025-10-10 23:59:00,2025-10-10 18:56:00,2025-10-13 06:08:00,1.0,1645.0,59.2,303.0,0,1,Not Cancelled,Normal,0,0,0,2,1,0,Not Cancelled
251009MBYGBR9N,Selesai,2025-10-09 16:07:00,2025-10-09,2025-10-09 16:07:00,2025-10-10 23:59:00,2025-10-10 18:56:00,2025-10-19 17:25:00,0.0,1609.0,214.48333333333332,303.0,0,1,Not Cancelled,Normal,0,0,0,1,1,0,Not Cancelled
251009MC7JS4WW,Selesai,2025-10-09 16:12:00,2025-10-09,2025-10-09 16:12:00,2025-10-10 23:59:00,2025-10-10 19:00:00,2025-10-17 09:21:00,0.0,1608.0,158.35,299.0,0,1,Not Cancelled,Normal,0,0,0,1,1,0,Not Cancelled
251009MCRT1JGT,Selesai,2025-10-09 16:21:00,2025-10-09,2025-10-09 16:21:00,2025-10-10 23:59:00,2025-10-10 19:00:00,2025-10-20 20:54:00,0.0,1599.0,241.9,299.0,0,1,Not Cancelled,Normal,0,0,0,1,1,0,Not Cancelled
251009MD0G0PPW,Selesai,2025-10-09 16:26:00,2025-10-09,2025-10-09 16:26:00,2025-10-10 23:59:00,2025-10-10 15:11:00,2025-10-16 09:40:00,0.0,1365.0,138.48333333333332,528.0,0,1,Not Cancelled,Normal,0,0,0,1,1,0,Not Cancelled
251009MEBSR4VF,Selesai,2025-10-09 16:50:00,2025-10-09,2025-10-09 16:50:00,2025-10-10 23:59:00,2025-10-09 16:50:00,2025-10-17 12:20:00,0.0,0.0,187.5,1869.0,0,1,Not Cancelled,Normal,0,0,0,1,1,0,Not Cancelled
251009MF9R5T95,Selesai,2025-10-09 17:07:00,2025-10-09,2025-10-09 17:07:00,2025-10-10 23:59:00,2025-10-10 19:00:00,2025-10-22 11:08:00,0.0,1553.0,280.1333333333333,299.0,0,1,Not Cancelled,Normal,0,0,0,1,1,0,Not Cancelled
251009MFK8C2F1,Batal,2025-10-09 17:12:00,2025-10-09,,,,,,,,,1,0,Pre-Fulfillment,Not Processed,0,0,0,1,1,0,Unpaid Order
251009MG455RY8,Selesai,2025-10-09 17:21:00,2025-10-09,2025-10-09 17:24:00,2025-10-10 23:59:00,2025-10-10 18:59:00,2025-10-22 14:17:00,3.0,1538.0,283.3,300.0,0,1,Not Cancelled,Normal,0,0,0,1,1,0,Not Cancelled
251009MGBV45XN,Selesai,2025-10-09 17:26:00,2025-10-09,2025-10-09 17:26:00,2025-10-10 23:59:00,2025-10-10 18:59:00,2025-10-15 14:35:00,0.0,1533.0,115.6,300.0,0,1,Not Cancelled,Normal,0,0,0,1,1,0,Not Cancelled
251009MGJ87EPF,Selesai,2025-10-09 17:29:00,2025-10-09,2025-10-09 17:29:00,2025-10-10 23:59:00,2025-10-10 18:59:00,2025-10-20 14:41:00,0.0,1530.0,235.7,300.0,0,1,Not Cancelled,Normal,0,0,0,1,1,0,Not Cancelled
251009MGUC1D9P,Selesai,2025-10-09 17:34:00,2025-10-09,2025-10-09 17:34:00,2025-10-10 23:59:00,2025-10-10 18:59:00,2025-10-27 12:02:00,0.0,1525.0,401.05,300.0,0,1,Not Cancelled,Normal,0,0,0,1,1,0,Not Cancelled
251009MHV53Y9B,Selesai,2025-10-09 17:53:00,2025-10-09,2025-10-09 17:53:00,2025-10-10 23:59:00,2025-10-10 18:56:00,2025-10-12 12:20:00,0.0,1503.0,41.4,303.0,0,1,Not Cancelled,Normal,0,0,0,1,1,0,Not Cancelled
251009MJ07Q7MA,Batal,2025-10-09 17:55:00,2025-10-09,2025-10-09 17:55:00,2025-10-10 23:59:00,,,0.0,,,,1,0,Pre-Fulfillment,Not Processed,0,0,0,1,1,0,Change Address
251009MJB1XPNW,Selesai,2025-10-09 18:01:00,2025-10-09,2025-10-09 18:01:00,2025-10-10 23:59:00,2025-10-10 19:00:00,2025-10-14 14:45:00,0.0,1499.0,91.75,299.0,0,1,Not Cancelled,Normal,0,0,0,1,1,0,Not Cancelled
251009MJM3TS5U,Selesai,2025-10-09 18:06:00,2025-10-09,2025-10-09 18:06:00,2025-10-10 23:59:00,2025-10-10 18:59:00,2025-10-13 10:56:00,0.0,1493.0,63.95,300.0,0,1,Not Cancelled,Normal,0,0,0,1,1,0,Not Cancelled
251009MKQMNHPN,Selesai,2025-10-09 18:26:00,2025-10-09,2025-10-09 18:26:00,2025-10-10 23:59:00,2025-10-10 19:00:00,2025-10-18 15:19:00,0.0,1474.0,188.31666666666666,299.0,0,1,Not Cancelled,Normal,0,0,0,1,1,0,Not Cancelled
251009MKQX49Y7,Selesai,2025-10-09 18:26:00,2025-10-09,2025-10-09 18:26:00,2025-10-10 23:59:00,2025-10-10 19:00:00,2025-10-20 23:20:00,0.0,1474.0,244.33333333333334,299.0,0,1,Not Cancelled,Normal,0,0,0,1,1,0,Not Cancelled
251009MKWCNEAF,Selesai,2025-10-09 18:29:00,2025-10-09,2025-10-09 18:30:00,2025-10-10 23:59:00,2025-10-10 19:01:00,2025-10-19 22:51:00,1.0,1472.0,219.83333333333334,298.0,0,1,Not Cancelled,Normal,0,0,0,2,2,0,Not Cancelled
251009MNTCUN7J,Selesai,2025-10-09 19:03:00,2025-10-09,2025-10-09 19:03:00,2025-10-10 23:59:00,2025-10-10 19:01:00,2025-10-19 15:38:00,0.0,1438.0,212.61666666666667,298.0,0,1,Not Cancelled,Normal,0,0,0,1,1,0,Not Cancelled
251009MQJU4277,Selesai,2025-10-09 19:35:00,2025-10-09,2025-10-09 19:35:00,2025-10-10 23:59:00,2025-10-10 19:00:00,2025-10-23 12:08:00,0.0,1405.0,305.1333333333333,299.0,0,1,Not Cancelled,Normal,0,0,0,1,1,0,Not Cancelled
251009MRBJM7QE,Selesai,2025-10-09 19:49:00,2025-10-09,2025-10-09 19:49:00,2025-10-10 23:59:00,2025-10-10 19:00:00,2025-10-20 10:21:00,0.0,1391.0,231.35,299.0,0,1,Not Cancelled,Normal,0,0,0,1,1,0,Not Cancelled
251009MRWJP39F,Batal,2025-10-09 19:59:00,2025-10-09,,,,,,,,,1,0,Pre-Fulfillment,Not Processed,0,0,0,2,2,0,Unpaid Order
251009MRWX3Y9X,Selesai,2025-10-09 19:59:00,2025-10-09,2025-10-09 20:02:00,2025-10-10 23:59:00,2025-10-10 19:00:00,2025-10-15 12:17:00,3.0,1381.0,113.28333333333333,299.0,0,1,Not Cancelled,Normal,0,0,0,1,1,0,Not Cancelled
251009MSH1CTYG,Batal,2025-10-09 20:10:00,2025-10-09,2025-10-09 20:10:00,2025-10-10 23:59:00,,,0.0,,,,1,0,Pre-Fulfillment,Not Processed,0,0,0,1,1,0,Other
251009MT8KSSHJ,Selesai,2025-10-09 20:23:00,2025-10-09,2025-10-09 20:23:00,2025-10-10 23:59:00,2025-10-10 18:55:00,2025-10-15 16:32:00,0.0,1352.0,117.61666666666666,304.0,0,1,Not Cancelled,Normal,0,0,0,1,1,0,Not Cancelled
251009MW3ARVDC,Selesai,2025-10-09 21:14:00,2025-10-09,2025-10-09 21:14:00,2025-10-10 23:59:00,2025-10-10 18:59:00,2025-10-20 16:18:00,0.0,1305.0,237.31666666666666,300.0,0,1,Not Cancelled,Normal,0,0,0,1,1,0,Not Cancelled
251009MWBWD97E,Selesai,2025-10-09 21:18:00,2025-10-09,2025-10-09 21:18:00,2025-10-10 23:59:00,2025-10-10 19:01:00,2025-10-20 12:38:00,0.0,1303.0,233.61666666666667,298.0,0,1,Not Cancelled,Normal,0,0,0,1,1,0,Not Cancelled
251009MWDQJX29,Selesai,2025-10-09 21:19:00,2025-10-09,2025-10-09 21:19:00,2025-10-10 23:59:00,2025-10-10 19:00:00,2025-10-19 00:11:00,0.0,1301.0,197.18333333333334,299.0,0,1,Not Cancelled,Normal,0,0,0,1,1,0,Not Cancelled
251009MWK73FBS,Batal,2025-10-09 21:22:00,2025-10-09,,,,,,,,,1,0,Pre-Fulfillment,Not Processed,0,0,0,2,1,0,Change Order
251009MXK1M2TY,Selesai,2025-10-09 21:40:00,2025-10-09,2025-10-09 21:41:00,2025-10-10 23:59:00,2025-10-09 21:41:00,2025-10-14 16:38:00,1.0,1.0,114.95,1578.0,0,1,Not Cancelled,Normal,0,0,0,1,1,0,Not Cancelled
251009MXQXXJHQ,Selesai,2025-10-09 21:43:00,2025-10-09,2025-10-09 21:43:00,2025-10-10 23:59:00,2025-10-09 21:43:00,2025-10-11 15:49:00,0.0,0.0,42.1,1576.0,0,1,Not Cancelled,Normal,0,0,0,1,1,0,Not Cancelled
251009MY047KEU,Batal,2025-10-09 21:48:00,2025-10-09,,,,,,,,,1,0,Pre-Fulfillment,Not Processed,0,0,0,1,1,0,Unpaid Order
251009MYEY5WCX,Selesai,2025-10-09 21:56:00,2025-10-09,2025-10-09 21:56:00,2025-10-10 23:59:00,2025-10-10 19:00:00,2025-10-18 09:18:00,0.0,1264.0,182.3,299.0,0,1,Not Cancelled,Normal,0,0,0,1,1,0,Not Cancelled
251009N1GVQS91,Batal,2025-10-09 22:33:00,2025-10-09,2025-10-09 22:33:00,2025-10-10 23:59:00,,,0.0,,,,1,0,Pre-Fulfillment,Not Processed,0,0,0,1,1,0,Change Address
251009N1RMPY1C,Selesai,2025-10-09 22:37:00,2025-10-09,2025-10-09 22:37:00,2025-10-10 23:59:00,2025-10-10 19:01:00,2025-10-13 14:16:00,0.0,1224.0,67.25,298.0,0,1,Not Cancelled,Normal,0,0,0,1,1,0,Not Cancelled
251009N2V0PDQD,Selesai,2025-10-09 22:57:00,2025-10-09,2025-10-09 22:57:00,2025-10-10 23:59:00,2025-10-10 18:59:00,2025-10-20 10:50:00,0.0,1202.0,231.85,300.0,0,1,Not Cancelled,Normal,0,0,0,1,1,0,Not Cancelled
251010N3T10EA3,Selesai,2025-10-09 23:14:00,2025-10-09,2025-10-09 23:14:00,2025-10-10 23:59:00,2025-10-10 19:00:00,2025-10-13 13:52:00,0.0,1186.0,66.86666666666666,299.0,0,1,Not Cancelled,Normal,0,0,0,1,1,0,Not Cancelled
251010N48JEHW1,Selesai,2025-10-09 23:22:00,2025-10-09,2025-10-09 23:22:00,2025-10-10 23:59:00,2025-10-10 19:00:00,2025-10-22 18:54:00,0.0,1178.0,287.9,299.0,0,1,Not Cancelled,Normal,0,0,0,1,1,0,Not Cancelled
251010N4HHH64U,Selesai,2025-10-09 23:27:00,2025-10-09,2025-10-09 23:27:00,2025-10-10 23:59:00,2025-10-10 18:56:00,2025-10-16 21:27:00,0.0,1169.0,146.51666666666668,303.0,0,1,Not Cancelled,Normal,0,0,0,1,1,0,Not Cancelled
251010N6584G05,Selesai,2025-10-09 23:56:00,2025-10-09,2025-10-09 23:56:00,2025-10-10 23:59:00,2025-10-10 19:00:00,2025-10-19 13:41:00,0.0,1144.0,210.68333333333334,299.0,0,1,Not Cancelled,Normal,0,0,0,1,1,0,Not Cancelled
251010N6E74MMN,Selesai,2025-10-10 00:01:00,2025-10-10,2025-10-10 00:01:00,2025-10-13 23:59:00,2025-10-10 18:59:00,2025-10-18 08:10:00,0.0,1138.0,181.18333333333334,4620.0,0,1,Not Cancelled,Normal,0,0,0,1,1,0,Not Cancelled
251010N6E82UD5,Selesai,2025-10-10 00:01:00,2025-10-10,2025-10-10 00:02:00,2025-10-10 23:59:00,2025-10-10 18:57:00,2025-10-16 00:27:00,1.0,1136.0,125.5,302.0,0,1,Not Cancelled,Normal,0,0,0,1,1,0,Not Cancelled
251010N6KWBCT5,Selesai,2025-10-10 00:04:00,2025-10-10,2025-10-10 15:54:00,2025-10-14 23:59:00,2025-10-11 18:18:00,2025-10-20 14:36:00,950.0,2534.0,212.3,4661.0,0,1,Not Cancelled,Attention,0,0,0,1,1,0,Not Cancelled
251010N6PBG6K4,Selesai,2025-10-10 00:05:00,2025-10-10,2025-10-10 00:08:00,2025-10-13 23:59:00,2025-10-10 19:00:00,2025-10-17 04:51:00,3.0,1135.0,153.85,4619.0,0,1,Not Cancelled,Normal,0,0,0,1,1,0,Not Cancelled
251010N6WYNKMA,Selesai,2025-10-10 00:10:00,2025-10-10,2025-10-10 00:12:00,2025-10-10 23:59:00,2025-10-10 19:00:00,2025-10-14 18:36:00,2.0,1130.0,95.6,299.0,0,1,Not Cancelled,Normal,0,0,0,1,1,0,Not Cancelled
251010N718HFE5,Selesai,2025-10-10 00:11:00,2025-10-10,2025-10-10 00:13:00,2025-10-13 23:59:00,2025-10-10 18:55:00,2025-10-25 15:52:00,2.0,1124.0,356.95,4624.0,0,1,Not Cancelled,Normal,0,0,0,1,1,0,Not Cancelled
251010N7TEEWP9,Selesai,2025-10-10 00:25:00,2025-10-10,2025-10-10 00:27:00,2025-10-10 23:59:00,2025-10-10 01:26:00,2025-10-14 04:37:00,2.0,61.0,99.18333333333334,1353.0,0,1,Not Cancelled,Normal,0,0,0,1,1,0,Not Cancelled
251010N8F0FSRP,Selesai,2025-10-10 00:37:00,2025-10-10,2025-10-10 00:37:00,2025-10-10 23:59:00,2025-10-10 19:00:00,2025-10-19 02:01:00,0.0,1103.0,199.01666666666668,299.0,0,1,Not Cancelled,Normal,0,0,0,1,1,0,Not Cancelled
251010NADBHATB,Selesai,2025-10-10 01:12:00,2025-10-10,2025-10-10 01:12:00,2025-10-13 23:59:00,2025-10-10 18:56:00,2025-10-15 18:01:00,0.0,1064.0,119.08333333333333,4623.0,0,1,Not Cancelled,Normal,0,0,0,1,1,0,Not Cancelled
251010NB5F1X6P,Selesai,2025-10-10 01:25:00,2025-10-10,2025-10-10 01:25:00,2025-10-13 23:59:00,2025-10-10 18:59:00,2025-10-17 14:37:00,0.0,1054.0,163.63333333333333,4620.0,0,1,Not Cancelled,Normal,0,0,0,1,1,0,Not Cancelled
251010ND1Y1GJP,Selesai,2025-10-10 01:59:00,2025-10-10,2025-10-10 01:59:00,2025-10-13 23:59:00,2025-10-10 18:59:00,2025-10-13 13:45:00,0.0,1020.0,66.76666666666667,4620.0,0,1,Not Cancelled,Normal,0,0,0,1,1,0,Not Cancelled
251010NDFGXP1J,Selesai,2025-10-10 02:07:00,2025-10-10,2025-10-10 02:07:00,2025-10-13 23:59:00,2025-10-10 18:59:00,2025-10-17 23:19:00,0.0,1012.0,172.33333333333334,4620.0,0,1,Not Cancelled,Normal,0,0,0,1,1,0,Not Cancelled
251010NHXDUAT2,Batal,2025-10-10 03:27:00,2025-10-10,2025-10-10 03:27:00,2025-10-10 23:59:00,,,0.0,,,,1,0,Pre-Fulfillment,Not Processed,0,0,0,1,1,0,Other
251010NMJQSCNF,Selesai,2025-10-10 04:14:00,2025-10-10,2025-10-10 04:14:00,2025-10-13 23:59:00,2025-10-10 19:00:00,2025-10-15 17:53:00,0.0,886.0,118.88333333333334,4619.0,0,1,Not Cancelled,Normal,0,0,0,2,1,0,Not Cancelled
251010NS1RDTAN,Selesai,2025-10-10 05:34:00,2025-10-10,2025-10-10 05:34:00,2025-10-13 23:59:00,2025-10-10 19:00:00,2025-10-16 05:57:00,0.0,806.0,130.95,4619.0,0,1,Not Cancelled,Normal,0,0,0,1,1,0,Not Cancelled
251010NV5DJ5S5,Selesai,2025-10-10 06:30:00,2025-10-10,2025-10-10 06:30:00,2025-10-10 23:59:00,2025-10-10 19:00:00,2025-10-19 10:30:00,0.0,750.0,207.5,299.0,0,1,Not Cancelled,Normal,0,0,0,1,1,0,Not Cancelled
251010NVCGFURB,Selesai,2025-10-10 06:33:00,2025-10-10,2025-10-10 06:34:00,2025-10-10 23:59:00,2025-10-10 19:00:00,2025-10-20 11:35:00,1.0,747.0,232.58333333333334,299.0,0,1,Not Cancelled,Normal,0,0,0,1,1,0,Not Cancelled
251010NVRV9A0D,Batal,2025-10-10 06:40:00,2025-10-10,2025-10-10 06:41:00,2025-10-13 23:59:00,,,1.0,,,,1,0,Pre-Fulfillment,Not Processed,0,0,0,1,1,0,Change Order
251010NWBGC3YP,Selesai,2025-10-10 06:51:00,2025-10-10,2025-10-10 06:51:00,2025-10-13 23:59:00,2025-10-10 19:00:00,2025-10-24 13:40:00,0.0,729.0,330.6666666666667,4619.0,0,1,Not Cancelled,Normal,0,0,0,1,1,0,Not Cancelled
251010NXF13VJA,Selesai,2025-10-10 07:11:00,2025-10-10,2025-10-10 07:11:00,2025-10-10 23:59:00,2025-10-10 18:59:00,2025-10-15 06:21:00,0.0,708.0,107.36666666666666,300.0,0,1,Not Cancelled,Normal,0,0,0,3,2,0,Not Cancelled
251010NXW73G9R,Selesai,2025-10-10 07:19:00,2025-10-10,2025-10-10 07:19:00,2025-10-13 23:59:00,2025-10-10 18:59:00,2025-10-12 13:07:00,0.0,700.0,42.13333333333333,4620.0,0,1,Not Cancelled,Normal,0,0,0,2,1,0,Not Cancelled
251010NXX6GFHJ,Selesai,2025-10-10 07:19:00,2025-10-10,2025-10-10 07:20:00,2025-10-13 23:59:00,2025-10-10 19:01:00,2025-10-25 13:45:00,1.0,702.0,354.73333333333335,4618.0,0,1,Not Cancelled,Normal,0,0,0,1,1,0,Not Cancelled
251010P117AX28,Selesai,2025-10-10 07:57:00,2025-10-10,2025-10-10 07:57:00,2025-10-13 23:59:00,2025-10-10 18:59:00,2025-10-20 16:14:00,0.0,662.0,237.25,4620.0,0,1,Not Cancelled,Normal,0,0,0,1,1,0,Not Cancelled
251010P13PGJ44,Selesai,2025-10-10 07:58:00,2025-10-10,2025-10-10 16:50:00,2025-10-13 23:59:00,2025-10-11 18:16:00,2025-10-20 16:06:00,532.0,2058.0,213.83333333333334,3223.0,0,1,Not Cancelled,Attention,0,0,0,1,1,0,Not Cancelled
251010P1NUATFF,Batal,2025-10-10 08:08:00,2025-10-10,,,,,,,,,1,0,Pre-Fulfillment,Not Processed,0,0,0,1,1,0,Change Address
251010P1VD4F5B,Selesai,2025-10-10 08:12:00,2025-10-10,2025-10-10 08:13:00,2025-10-10 23:59:00,2025-10-10 18:56:00,2025-10-18 10:53:00,1.0,644.0,183.95,303.0,0,1,Not Cancelled,Normal,0,0,0,1,1,0,Not Cancelled
251010P2Q0R3FX,Selesai,2025-10-10 08:27:00,2025-10-10,2025-10-10 08:31:00,2025-10-10 23:59:00,2025-10-10 18:57:00,2025-10-25 00:26:00,4.0,630.0,341.48333333333335,302.0,0,1,Not Cancelled,Normal,0,0,0,6,1,0,Not Cancelled
251010P2TFBJ4E,Selesai,2025-10-10 08:29:00,2025-10-10,2025-10-10 08:29:00,2025-10-10 23:59:00,2025-10-10 18:54:00,2025-10-13 11:38:00,0.0,625.0,64.73333333333333,305.0,0,1,Not Cancelled,Normal,0,0,0,1,1,0,Not Cancelled
251010P32HTP54,Selesai,2025-10-10 08:33:00,2025-10-10,2025-10-10 08:33:00,2025-10-13 23:59:00,2025-10-10 19:01:00,2025-10-12 13:14:00,0.0,628.0,42.21666666666667,4618.0,0,1,Not Cancelled,Normal,0,0,0,1,1,0,Not Cancelled
251010P34DWJ79,Selesai,2025-10-10 08:34:00,2025-10-10,2025-10-10 08:35:00,2025-10-13 23:59:00,2025-10-10 19:00:00,2025-10-13 20:49:00,1.0,626.0,73.81666666666666,4619.0,0,1,Not Cancelled,Normal,0,0,0,1,1,0,Not Cancelled
251010P35XHJT8,Selesai,2025-10-10 08:35:00,2025-10-10,2025-10-10 08:36:00,2025-10-13 23:59:00,2025-10-11 18:18:00,2025-10-21 23:02:00,1.0,2023.0,244.73333333333332,3221.0,0,1,Not Cancelled,Attention,0,0,0,1,1,0,Not Cancelled
251010P3647A8U,Selesai,2025-10-10 08:35:00,2025-10-10,2025-10-10 08:36:00,2025-10-10 23:59:00,2025-10-10 18:56:00,2025-10-13 15:42:00,1.0,621.0,68.76666666666667,303.0,0,1,Not Cancelled,Normal,0,0,0,1,1,0,Not Cancelled
251010P3VGFJ49,Selesai,2025-10-10 08:48:00,2025-10-10,2025-10-10 08:49:00,2025-10-13 23:59:00,2025-10-10 18:56:00,2025-10-13 17:31:00,1.0,608.0,70.58333333333333,4623.0,0,1,Not Cancelled,Normal,0,0,0,4,1,0,Not Cancelled
251010P3W7A1HE,Selesai,2025-10-10 08:48:00,2025-10-10,2025-10-10 08:48:00,2025-10-10 23:59:00,2025-10-10 08:48:00,2025-10-18 21:33:00,0.0,0.0,204.75,911.0,0,1,Not Cancelled,Normal,0,0,0,1,1,0,Not Cancelled
251010P3XVSGN0,Selesai,2025-10-10 08:49:00,2025-10-10,2025-10-10 08:50:00,2025-10-13 23:59:00,2025-10-10 18:56:00,2025-10-26 12:08:00,1.0,607.0,377.2,4623.0,0,1,Not Cancelled,Normal,0,0,0,1,1,0,Not Cancelled
251010P43WWNN2,Selesai,2025-10-10 08:52:00,2025-10-10,2025-10-10 08:52:00,2025-10-10 23:59:00,2025-10-11 18:18:00,2025-10-12 18:48:00,0.0,2006.0,24.5,-1099.0,0,1,Not Cancelled,Attention,1,0,0,1,1,0,Not Cancelled
251010P4E094JX,Batal,2025-10-10 08:58:00,2025-10-10,2025-10-10 08:58:00,2025-10-13 23:59:00,2025-10-10 19:00:00,,0.0,602.0,,4619.0,1,1,Post-Fulfillment Initiation,Normal,0,0,0,2,1,0,Delivery Failed
251010P4YY9U1G,Selesai,2025-10-10 09:08:00,2025-10-10,2025-10-10 09:08:00,2025-10-13 23:59:00,2025-10-10 18:59:00,2025-10-24 07:57:00,0.0,591.0,324.96666666666664,4620.0,0,1,Not Cancelled,Normal,0,0,0,1,1,0,Not Cancelled
251010P5NMNB7B,Selesai,2025-10-10 09:20:00,2025-10-10,2025-10-10 09:20:00,2025-10-13 23:59:00,2025-10-10 18:56:00,2025-10-15 10:07:00,0.0,576.0,111.18333333333334,4623.0,0,1,Not Cancelled,Normal,0,0,0,1,1,0,Not Cancelled
251010P60DU1QD,Selesai,2025-10-10 09:26:00,2025-10-10,2025-10-10 09:26:00,2025-10-10 23:59:00,2025-10-10 19:01:00,2025-10-15 06:52:00,0.0,575.0,107.85,298.0,0,1,Not Cancelled,Normal,0,0,0,2,1,0,Not Cancelled
251010P6GRF280,Selesai,2025-10-10 09:35:00,2025-10-10,2025-10-10 09:36:00,2025-10-13 23:59:00,2025-10-10 09:36:00,2025-10-19 13:38:00,1.0,1.0,220.03333333333333,5183.0,0,1,Not Cancelled,Normal,0,0,0,1,1,0,Not Cancelled
251010P705GK7E,Selesai,2025-10-10 09:43:00,2025-10-10,2025-10-10 09:45:00,2025-10-10 23:59:00,2025-10-10 18:56:00,2025-10-12 12:44:00,2.0,553.0,41.8,303.0,0,1,Not Cancelled,Normal,0,0,0,1,1,0,Not Cancelled
251010P791PJ65,Selesai,2025-10-10 09:48:00,2025-10-10,2025-10-10 09:48:00,2025-10-13 23:59:00,2025-10-10 18:56:00,2025-10-23 15:46:00,0.0,548.0,308.8333333333333,4623.0,0,1,Not Cancelled,Normal,0,0,0,1,1,0,Not Cancelled
251010P8A75JQ1,Selesai,2025-10-10 10:07:00,2025-10-10,2025-10-10 10:07:00,2025-10-13 23:59:00,2025-10-10 19:00:00,2025-10-21 14:38:00,0.0,533.0,259.6333333333333,4619.0,0,1,Not Cancelled,Normal,0,0,0,1,1,0,Not Cancelled
251010P9P4VN8K,Batal,2025-10-10 10:32:00,2025-10-10,2025-10-10 10:32:00,2025-10-13 23:59:00,2025-10-10 19:01:00,,0.0,509.0,,4618.0,1,1,Post-Fulfillment Initiation,Normal,0,0,0,1,1,0,Delivery Failed
251010PBNFEYK0,Selesai,2025-10-10 11:07:00,2025-10-10,2025-10-10 11:07:00,2025-10-10 23:59:00,2025-10-10 19:00:00,2025-10-20 23:35:00,0.0,473.0,244.58333333333334,299.0,0,1,Not Cancelled,Normal,0,0,0,1,1,0,Not Cancelled
251010PC3FQ67C,Selesai,2025-10-10 11:15:00,2025-10-10,2025-10-10 11:15:00,2025-10-13 23:59:00,2025-10-10 19:01:00,2025-10-13 12:28:00,0.0,466.0,65.45,4618.0,0,1,Not Cancelled,Normal,0,0,0,1,1,0,Not Cancelled
251010PC6HXAY8,Selesai,2025-10-10 11:16:00,2025-10-10,2025-10-10 11:17:00,2025-10-13 23:59:00,2025-10-10 19:00:00,2025-10-26 19:51:00,1.0,464.0,384.85,4619.0,0,1,Not Cancelled,Normal,0,0,0,1,1,0,Not Cancelled
251010PCHX7PQA,Selesai,2025-10-10 11:23:00,2025-10-10,2025-10-10 11:24:00,2025-10-13 23:59:00,2025-10-10 18:58:00,2025-10-19 22:58:00,1.0,455.0,220.0,4621.0,0,1,Not Cancelled,Normal,0,0,0,2,2,0,Not Cancelled
251010PD3KS5JQ,Selesai,2025-10-10 11:33:00,2025-10-10,2025-10-10 11:33:00,2025-10-10 23:59:00,2025-10-10 18:56:00,2025-10-20 17:23:00,0.0,443.0,238.45,303.0,0,1,Not Cancelled,Normal,0,0,0,1,1,0,Not Cancelled
251010PDSERA04,Selesai,2025-10-10 11:45:00,2025-10-10,2025-10-10 11:45:00,2025-10-13 23:59:00,2025-10-10 18:56:00,2025-10-16 10:06:00,0.0,431.0,135.16666666666666,4623.0,0,1,Not Cancelled,Normal,0,0,0,1,1,0,Not Cancelled
251010PEDJHSBE,Selesai,2025-10-10 11:56:00,2025-10-10,2025-10-10 11:56:00,2025-10-10 23:59:00,2025-10-10 15:11:00,2025-10-18 18:37:00,0.0,195.0,195.43333333333334,528.0,0,1,Not Cancelled,Normal,0,0,0,1,1,0,Not Cancelled
251010PEESKXM9,Selesai,2025-10-10 11:57:00,2025-10-10,2025-10-10 11:57:00,2025-10-10 23:59:00,2025-10-10 15:11:00,2025-10-17 12:30:00,0.0,194.0,165.31666666666666,528.0,0,1,Not Cancelled,Normal,0,0,0,1,1,0,Not Cancelled
251010PF37U58Q,Selesai,2025-10-10 12:08:00,2025-10-10,2025-10-10 12:09:00,2025-10-14 23:59:00,2025-10-11 13:30:00,2025-10-15 12:04:00,1.0,1522.0,94.56666666666666,4949.0,0,1,Not Cancelled,Normal,0,0,0,1,1,0,Not Cancelled
251010PFBUD2RX,Batal,2025-10-10 12:13:00,2025-10-10,2025-10-10 12:13:00,2025-10-13 23:59:00,,,0.0,,,,1,0,Pre-Fulfillment,Not Processed,0,0,0,1,1,0,Other
251010PFQVRD6U,Selesai,2025-10-10 12:20:00,2025-10-10,2025-10-10 12:20:00,2025-10-13 23:59:00,2025-10-11 15:45:00,2025-10-17 07:58:00,0.0,1645.0,136.21666666666667,3374.0,0,1,Not Cancelled,Normal,0,0,0,1,1,0,Not Cancelled
251010PFWRK750,Selesai,2025-10-10 12:23:00,2025-10-10,2025-10-10 12:24:00,2025-10-13 23:59:00,2025-10-11 15:45:00,2025-10-14 18:04:00,1.0,1642.0,74.31666666666666,3374.0,0,1,Not Cancelled,Normal,0,0,0,1,1,0,Not Cancelled
251010PG0YHTHQ,Selesai,2025-10-10 12:25:00,2025-10-10,2025-10-10 12:37:00,2025-10-13 23:59:00,2025-10-11 15:45:00,2025-10-20 21:01:00,12.0,1640.0,221.26666666666668,3374.0,0,1,Not Cancelled,Normal,0,0,0,1,1,0,Not Cancelled
251010PGJK6DWP,Batal,2025-10-10 12:35:00,2025-10-10,2025-10-10 12:35:00,2025-10-14 23:59:00,,,0.0,,,,1,0,Pre-Fulfillment,Not Processed,0,0,0,1,1,0,Other
251010PGPK0MHN,Selesai,2025-10-10 12:37:00,2025-10-10,2025-10-10 12:37:00,2025-10-13 23:59:00,2025-10-11 15:45:00,2025-10-14 17:32:00,0.0,1628.0,73.78333333333333,3374.0,0,1,Not Cancelled,Normal,0,0,0,1,1,0,Not Cancelled
251010PGWJ600J,Selesai,2025-10-10 12:41:00,2025-10-10,2025-10-10 12:41:00,2025-10-13 23:59:00,2025-10-11 15:45:00,2025-10-21 18:43:00,0.0,1624.0,242.96666666666667,3374.0,0,1,Not Cancelled,Normal,0,0,0,1,1,0,Not Cancelled
251010PHKWEJ8C,Selesai,2025-10-10 12:53:00,2025-10-10,2025-10-10 13:39:00,2025-10-13 23:59:00,2025-10-11 13:29:00,2025-10-14 17:52:00,46.0,1476.0,76.38333333333334,3510.0,0,1,Not Cancelled,Normal,0,0,0,1,1,0,Not Cancelled
251010PJHGDBGD,Selesai,2025-10-10 13:10:00,2025-10-10,2025-10-10 13:10:00,2025-10-14 23:59:00,2025-10-11 13:30:00,2025-10-12 18:27:00,0.0,1460.0,28.95,4949.0,0,1,Not Cancelled,Normal,0,0,0,1,1,0,Not Cancelled
251010PJQKY6NQ,Batal,2025-10-10 13:13:00,2025-10-10,2025-10-10 13:13:00,2025-10-14 23:59:00,,,0.0,,,,1,0,Pre-Fulfillment,Not Processed,0,0,0,1,1,0,Other
251010PK1532WH,Selesai,2025-10-10 13:19:00,2025-10-10,2025-10-10 13:19:00,2025-10-14 23:59:00,2025-10-11 13:29:00,2025-10-28 11:44:00,0.0,1450.0,406.25,4950.0,0,1,Not Cancelled,Normal,0,0,0,1,1,0,Not Cancelled
251010PKHXWWWC,Selesai,2025-10-10 13:28:00,2025-10-10,2025-10-10 13:28:00,2025-10-13 23:59:00,2025-10-11 18:21:00,2025-10-19 07:06:00,0.0,1733.0,180.75,3218.0,0,1,Not Cancelled,Normal,0,0,0,1,1,0,Not Cancelled
251010PM77UDTK,Selesai,2025-10-10 13:40:00,2025-10-10,2025-10-10 13:40:00,2025-10-13 23:59:00,2025-10-11 15:45:00,2025-10-21 11:49:00,0.0,1565.0,236.06666666666666,3374.0,0,1,Not Cancelled,Normal,0,0,0,1,1,0,Not Cancelled
251010PMTUEF7H,Selesai,2025-10-10 13:51:00,2025-10-10,2025-10-10 13:51:00,2025-10-13 23:59:00,2025-10-11 13:28:00,2025-10-15 19:58:00,0.0,1417.0,102.5,3511.0,0,1,Not Cancelled,Normal,0,0,0,1,1,0,Not Cancelled
251010PMUVTVH9,Batal,2025-10-10 13:52:00,2025-10-10,2025-10-10 13:52:00,2025-10-14 23:59:00,,,0.0,,,,1,0,Pre-Fulfillment,Not Processed,0,0,0,1,1,0,Other
251010PMVV772H,Selesai,2025-10-10 13:52:00,2025-10-10,2025-10-10 13:52:00,2025-10-13 23:59:00,2025-10-11 13:31:00,2025-10-19 07:19:00,0.0,1419.0,185.8,3508.0,0,1,Not Cancelled,Normal,0,0,0,1,1,0,Not Cancelled
251010PPCSS9G8,Selesai,2025-10-10 14:19:00,2025-10-10,2025-10-10 14:19:00,2025-10-13 23:59:00,2025-10-11 13:31:00,2025-10-13 16:32:00,0.0,1392.0,51.016666666666666,3508.0,0,1,Not Cancelled,Normal,0,0,0,1,1,0,Not Cancelled
251010PR9K86QQ,Selesai,2025-10-10 14:53:00,2025-10-10,2025-10-10 14:54:00,2025-10-14 23:59:00,2025-10-11 18:17:00,2025-10-19 22:40:00,1.0,1644.0,196.38333333333333,4662.0,0,1,Not Cancelled,Normal,0,0,0,1,1,0,Not Cancelled
251010PRBYJXER,Selesai,2025-10-10 14:54:00,2025-10-10,2025-10-10 14:54:00,2025-10-14 23:59:00,2025-10-11 13:28:00,2025-10-17 00:06:00,0.0,1354.0,130.63333333333333,4951.0,0,1,Not Cancelled,Normal,0,0,0,1,1,0,Not Cancelled
251010PRR0T4RK,Selesai,2025-10-10 15:01:00,2025-10-10,2025-10-10 15:02:00,2025-10-14 23:59:00,2025-10-11 13:30:00,2025-10-13 14:02:00,1.0,1349.0,48.53333333333333,4949.0,0,1,Not Cancelled,Normal,0,0,0,1,1,0,Not Cancelled
251010PS9YWTK4,Selesai,2025-10-10 15:11:00,2025-10-10,2025-10-10 15:12:00,2025-10-13 23:59:00,2025-10-11 13:31:00,2025-10-14 22:06:00,1.0,1340.0,80.58333333333333,3508.0,0,1,Not Cancelled,Normal,0,0,0,1,1,0,Not Cancelled
251010PSC6F51D,Selesai,2025-10-10 15:12:00,2025-10-10,2025-10-10 15:14:00,2025-10-14 23:59:00,2025-10-11 13:30:00,2025-10-17 17:29:00,2.0,1338.0,147.98333333333332,4949.0,0,1,Not Cancelled,Normal,0,0,0,1,1,0,Not Cancelled
251010PSF03EKJ,Selesai,2025-10-10 15:14:00,2025-10-10,2025-10-10 15:15:00,2025-10-14 23:59:00,2025-10-11 13:30:00,2025-10-14 11:59:00,1.0,1336.0,70.48333333333333,4949.0,0,1,Not Cancelled,Normal,0,0,0,1,1,0,Not Cancelled
251010PSGPEC7W,Selesai,2025-10-10 15:15:00,2025-10-10,2025-10-10 15:17:00,2025-10-13 23:59:00,2025-10-11 18:17:00,2025-10-20 13:44:00,2.0,1622.0,211.45,3222.0,0,1,Not Cancelled,Normal,0,0,0,1,1,0,Not Cancelled
251010PTS0S6TG,Selesai,2025-10-10 15:37:00,2025-10-10,2025-10-10 15:37:00,2025-10-13 23:59:00,2025-10-11 13:29:00,2025-10-15 15:05:00,0.0,1312.0,97.6,3510.0,0,1,Not Cancelled,Normal,0,0,0,1,1,0,Not Cancelled
251010PU1BSUAE,Selesai,2025-10-10 15:42:00,2025-10-10,2025-10-10 15:42:00,2025-10-13 23:59:00,2025-10-11 13:31:00,2025-10-21 12:18:00,0.0,1309.0,238.78333333333333,3508.0,0,1,Not Cancelled,Normal,0,0,0,1,1,0,Not Cancelled
251010PUBPSB85,Selesai,2025-10-10 15:48:00,2025-10-10,2025-10-10 15:49:00,2025-10-14 23:59:00,2025-10-11 13:29:00,2025-10-20 06:06:00,1.0,1301.0,208.61666666666667,4950.0,0,1,Not Cancelled,Normal,0,0,0,1,1,0,Not Cancelled
251010PUGG98SY,Selesai,2025-10-10 15:51:00,2025-10-10,2025-10-10 15:51:00,2025-10-14 23:59:00,2025-10-11 13:31:00,2025-10-14 11:09:00,0.0,1300.0,69.63333333333334,4948.0,0,1,Not Cancelled,Normal,0,0,0,1,1,0,Not Cancelled
251010PV557US7,Batal,2025-10-10 16:02:00,2025-10-10,2025-10-10 16:02:00,2025-10-14 23:59:00,,,0.0,,,,1,0,Pre-Fulfillment,Not Processed,0,0,0,1,1,0,Other
251010PVGBSNQB,Selesai,2025-10-10 16:08:00,2025-10-10,2025-10-10 16:08:00,2025-10-13 23:59:00,2025-10-11 13:29:00,2025-10-12 20:46:00,0.0,1281.0,31.283333333333335,3510.0,0,1,Not Cancelled,Normal,0,0,0,1,1,0,Not Cancelled
251010PVKC2RJS,Selesai,2025-10-10 16:10:00,2025-10-10,2025-10-10 16:11:00,2025-10-13 23:59:00,2025-10-11 13:30:00,2025-10-13 17:36:00,1.0,1280.0,52.1,3509.0,0,1,Not Cancelled,Normal,0,0,0,1,1,0,Not Cancelled
251010PVSP8K3K,Selesai,2025-10-10 16:14:00,2025-10-10,2025-10-10 16:14:00,2025-10-14 23:59:00,2025-10-11 13:31:00,2025-10-24 13:52:00,0.0,1277.0,312.35,4948.0,0,1,Not Cancelled,Normal,0,0,0,1,1,0,Not Cancelled
251010PWFYKEHU,Batal,2025-10-10 16:26:00,2025-10-10,2025-10-10 16:26:00,2025-10-13 23:59:00,,,0.0,,,,1,0,Pre-Fulfillment,Not Processed,0,0,0,1,1,0,Change Address
251010PXKAPPS3,Batal,2025-10-10 16:46:00,2025-10-10,2025-10-10 16:46:00,2025-10-13 23:59:00,,,0.0,,,,1,0,Pre-Fulfillment,Not Processed,0,0,0,1,1,0,Other
251010PXM0MY8Q,Selesai,2025-10-10 16:46:00,2025-10-10,2025-10-10 16:46:00,2025-10-14 23:59:00,2025-10-11 13:29:00,2025-10-26 16:24:00,0.0,1243.0,362.9166666666667,4950.0,0,1,Not Cancelled,Normal,0,0,0,1,1,0,Not Cancelled
251010PXRGMJ4J,Selesai,2025-10-10 16:49:00,2025-10-10,2025-10-10 16:49:00,2025-10-13 23:59:00,2025-10-11 13:30:00,2025-10-14 17:44:00,0.0,1241.0,76.23333333333333,3509.0,0,1,Not Cancelled,Normal,0,0,0,3,1,0,Not Cancelled
251010PXTARVH8,Selesai,2025-10-10 16:50:00,2025-10-10,2025-10-10 17:18:00,2025-10-13 23:59:00,2025-10-11 13:30:00,2025-10-14 18:15:00,28.0,1240.0,76.75,3509.0,0,1,Not Cancelled,Normal,0,0,0,1,1,0,Not Cancelled
251010PXUVD5SJ,Selesai,2025-10-10 16:51:00,2025-10-10,2025-10-10 16:52:00,2025-10-13 23:59:00,2025-10-11 13:28:00,2025-10-13 13:56:00,1.0,1237.0,48.46666666666667,3511.0,0,1,Not Cancelled,Normal,0,0,0,1,1,0,Not Cancelled
251010PXYV4UW5,Selesai,2025-10-10 16:53:00,2025-10-10,2025-10-11 12:23:00,2025-10-13 23:59:00,2025-10-11 12:23:00,2025-10-13 12:00:00,1170.0,1170.0,47.61666666666667,3576.0,0,1,Not Cancelled,Normal,0,0,0,1,1,0,Not Cancelled
251010PY0BF3R5,Selesai,2025-10-10 16:53:00,2025-10-10,2025-10-10 16:54:00,2025-10-13 23:59:00,2025-10-11 13:30:00,2025-10-22 19:21:00,1.0,1237.0,269.85,3509.0,0,1,Not Cancelled,Normal,0,0,0,1,1,0,Not Cancelled
251010Q0NB3DE8,Selesai,2025-10-10 17:23:00,2025-10-10,2025-10-10 17:23:00,2025-10-14 23:59:00,2025-10-11 18:17:00,2025-10-23 14:24:00,0.0,1494.0,284.1166666666667,4662.0,0,1,Not Cancelled,Normal,0,0,0,1,1,0,Not Cancelled
251010Q1CTJV3P,Selesai,2025-10-10 17:36:00,2025-10-10,2025-10-10 17:36:00,2025-10-14 23:59:00,2025-10-11 13:31:00,2025-10-24 18:09:00,0.0,1195.0,316.6333333333333,4948.0,0,1,Not Cancelled,Normal,0,0,0,1,1,0,Not Cancelled
251010Q1VWGRDM,Selesai,2025-10-10 17:45:00,2025-10-10,2025-10-10 17:45:00,2025-10-14 23:59:00,2025-10-11 13:30:00,2025-10-20 18:19:00,0.0,1185.0,220.81666666666666,4949.0,0,1,Not Cancelled,Normal,0,0,0,1,1,0,Not Cancelled
251010Q1YUX122,Batal,2025-10-10 17:46:00,2025-10-10,2025-10-10 17:46:00,2025-10-13 23:59:00,,,0.0,,,,1,0,Pre-Fulfillment,Not Processed,0,0,0,1,1,0,Change Order
251010Q2TV1C8S,Selesai,2025-10-10 18:02:00,2025-10-10,2025-10-10 18:02:00,2025-10-13 23:59:00,2025-10-11 13:31:00,2025-10-19 07:01:00,0.0,1169.0,185.5,3508.0,0,1,Not Cancelled,Normal,0,0,0,1,1,0,Not Cancelled
251010Q3GUS9GN,Selesai,2025-10-10 18:14:00,2025-10-10,2025-10-10 18:14:00,2025-10-14 23:59:00,2025-10-11 13:30:00,2025-10-25 23:32:00,0.0,1156.0,346.03333333333336,4949.0,0,1,Not Cancelled,Normal,0,0,0,1,1,0,Not Cancelled
251010Q3KHMGQ9,Selesai,2025-10-10 18:15:00,2025-10-10,2025-10-10 18:15:00,2025-10-13 23:59:00,2025-10-11 18:17:00,2025-10-22 18:41:00,0.0,1442.0,264.4,3222.0,0,1,Not Cancelled,Normal,0,0,0,1,1,0,Not Cancelled
251010Q3QCNYGN,Selesai,2025-10-10 18:18:00,2025-10-10,2025-10-10 18:20:00,2025-10-14 23:59:00,2025-10-11 13:30:00,2025-10-13 06:48:00,2.0,1152.0,41.3,4949.0,0,1,Not Cancelled,Normal,0,0,0,1,1,0,Not Cancelled
251010Q3RVA9HQ,Selesai,2025-10-10 18:18:00,2025-10-10,2025-10-10 18:19:00,2025-10-14 23:59:00,2025-10-11 13:31:00,2025-10-20 21:32:00,1.0,1153.0,224.01666666666668,4948.0,0,1,Not Cancelled,Normal,0,0,0,1,1,0,Not Cancelled
251010Q3Y1RKEU,Selesai,2025-10-10 18:22:00,2025-10-10,2025-10-10 18:22:00,2025-10-14 23:59:00,2025-10-11 13:27:00,2025-10-20 17:23:00,0.0,1145.0,219.93333333333334,4952.0,0,1,Not Cancelled,Normal,0,0,0,1,1,0,Not Cancelled
251010Q4BXQWPC,Selesai,2025-10-10 18:29:00,2025-10-10,2025-10-10 18:30:00,2025-10-13 23:59:00,2025-10-11 13:31:00,2025-10-15 11:00:00,1.0,1142.0,93.48333333333333,3508.0,0,1,Not Cancelled,Normal,0,0,0,1,1,0,Not Cancelled
251010Q4H5MJQU,Selesai,2025-10-10 18:32:00,2025-10-10,2025-10-10 18:32:00,2025-10-14 23:59:00,2025-10-11 13:30:00,2025-11-04 12:05:00,0.0,1138.0,574.5833333333334,4949.0,0,1,Not Cancelled,Normal,0,0,0,1,1,0,Not Cancelled
251010Q4SW1SFT,Batal,2025-10-10 18:37:00,2025-10-10,2025-10-10 18:37:00,2025-10-14 23:59:00,,,0.0,,,,1,0,Pre-Fulfillment,Not Processed,0,0,0,1,1,0,Change Address
251010Q4XUB58X,Selesai,2025-10-10 18:40:00,2025-10-10,2025-10-10 18:41:00,2025-10-13 23:59:00,2025-10-11 18:18:00,2025-10-19 18:00:00,1.0,1418.0,191.7,3221.0,0,1,Not Cancelled,Normal,0,0,0,1,1,0,Not Cancelled
251010Q57PJ85C,Selesai,2025-10-10 18:45:00,2025-10-10,2025-10-10 18:45:00,2025-10-13 23:59:00,2025-10-11 18:16:00,2025-10-13 15:14:00,0.0,1411.0,44.96666666666667,3223.0,0,1,Not Cancelled,Normal,0,0,0,1,1,0,Not Cancelled
251010Q65VMARM,Selesai,2025-10-10 19:01:00,2025-10-10,2025-10-10 19:02:00,2025-10-13 23:59:00,2025-10-11 18:18:00,2025-10-23 20:09:00,1.0,1397.0,289.85,3221.0,0,1,Not Cancelled,Normal,0,0,0,1,1,0,Not Cancelled
251010Q67G4AYB,Selesai,2025-10-10 19:02:00,2025-10-10,2025-10-10 19:03:00,2025-10-13 23:59:00,2025-10-11 13:30:00,2025-10-14 03:44:00,1.0,1108.0,62.233333333333334,3509.0,0,1,Not Cancelled,Normal,0,0,0,1,1,0,Not Cancelled
251010Q67QTAGN,Selesai,2025-10-10 19:02:00,2025-10-10,2025-10-10 19:03:00,2025-10-14 23:59:00,2025-10-11 13:31:00,2025-10-28 15:27:00,1.0,1109.0,409.93333333333334,4948.0,0,1,Not Cancelled,Normal,0,0,0,1,1,0,Not Cancelled
251010Q6AT1NUG,Selesai,2025-10-10 19:04:00,2025-10-10,2025-10-10 19:04:00,2025-10-14 23:59:00,2025-10-11 13:29:00,2025-10-17 08:15:00,0.0,1105.0,138.76666666666668,4950.0,0,1,Not Cancelled,Normal,0,0,0,1,1,0,Not Cancelled
251010Q6BQKQCE,Selesai,2025-10-10 19:05:00,2025-10-10,2025-10-10 19:05:00,2025-10-14 23:59:00,2025-10-11 18:17:00,2025-10-16 23:43:00,0.0,1392.0,125.43333333333334,4662.0,0,1,Not Cancelled,Normal,0,0,0,1,1,0,Not Cancelled
251010Q6RXXTAX,Selesai,2025-10-10 19:12:00,2025-10-10,2025-10-10 19:12:00,2025-10-14 23:59:00,2025-10-11 13:32:00,2025-11-02 17:36:00,0.0,1100.0,532.0666666666667,4947.0,0,1,Not Cancelled,Normal,0,0,0,1,1,0,Not Cancelled
251010Q8AH0C7K,Selesai,2025-10-10 19:40:00,2025-10-10,2025-10-10 19:40:00,2025-10-14 23:59:00,2025-10-11 13:31:00,2025-10-24 19:01:00,0.0,1071.0,317.5,4948.0,0,1,Not Cancelled,Normal,0,0,0,1,1,0,Not Cancelled
251010Q8FNYFJV,Batal,2025-10-10 19:43:00,2025-10-10,2025-10-10 19:43:00,2025-10-14 23:59:00,2025-10-11 18:17:00,,0.0,1354.0,,4662.0,1,1,Post-Fulfillment Initiation,Normal,0,0,0,1,1,0,Delivery Failed
251010Q8VF335D,Selesai,2025-10-10 19:50:00,2025-10-10,2025-10-10 19:50:00,2025-10-13 23:59:00,2025-10-11 13:29:00,2025-10-20 16:09:00,0.0,1059.0,218.66666666666666,3510.0,0,1,Not Cancelled,Normal,0,0,0,1,1,0,Not Cancelled
251010Q916PRFE,Selesai,2025-10-10 19:52:00,2025-10-10,2025-10-10 19:53:00,2025-10-13 23:59:00,2025-10-11 13:29:00,2025-10-15 17:24:00,1.0,1057.0,99.91666666666667,3510.0,0,1,Not Cancelled,Normal,0,0,0,1,1,0,Not Cancelled
251010QA2UDUWQ,Batal,2025-10-10 20:11:00,2025-10-10,2025-10-10 20:11:00,2025-10-13 23:59:00,,,0.0,,,,1,0,Pre-Fulfillment,Not Processed,0,0,0,1,1,0,Change Address
251010QA8GJTC4,Batal,2025-10-10 20:14:00,2025-10-10,,,,,,,,,1,0,Pre-Fulfillment,Not Processed,0,0,0,1,1,0,Unpaid Order
251010QACAN7VB,Selesai,2025-10-10 20:17:00,2025-10-10,2025-10-10 20:17:00,2025-10-14 23:59:00,2025-10-11 13:28:00,2025-10-21 15:41:00,0.0,1031.0,242.21666666666667,4951.0,0,1,Not Cancelled,Normal,0,0,0,1,1,0,Not Cancelled
251010QB1MHJDU,Batal,2025-10-10 20:29:00,2025-10-10,2025-10-10 20:29:00,2025-10-14 23:59:00,,,0.0,,,,1,0,Pre-Fulfillment,Not Processed,0,0,0,1,1,0,Change Order
251010QB1NH8B4,Selesai,2025-10-10 20:29:00,2025-10-10,2025-10-10 20:29:00,2025-10-13 23:59:00,2025-10-11 13:28:00,2025-10-20 20:03:00,0.0,1019.0,222.58333333333334,3511.0,0,1,Not Cancelled,Normal,0,0,0,1,1,0,Not Cancelled
251010QB2F99AB,Selesai,2025-10-10 20:29:00,2025-10-10,2025-10-10 20:30:00,2025-10-13 23:59:00,2025-10-11 13:29:00,2025-10-21 20:26:00,1.0,1020.0,246.95,3510.0,0,1,Not Cancelled,Normal,0,0,0,1,1,0,Not Cancelled
251010QBPJXDQG,Selesai,2025-10-10 20:40:00,2025-10-10,2025-10-10 20:40:00,2025-10-14 23:59:00,2025-10-11 13:30:00,2025-10-19 19:50:00,0.0,1010.0,198.33333333333334,4949.0,0,1,Not Cancelled,Normal,0,0,0,1,1,0,Not Cancelled
251010QC73AG3F,Batal,2025-10-10 20:49:00,2025-10-10,2025-10-10 20:49:00,2025-10-13 23:59:00,,,0.0,,,,1,0,Pre-Fulfillment,Not Processed,0,0,0,1,1,0,Change Address
251010QCS4ABB9,Selesai,2025-10-10 21:00:00,2025-10-10,2025-10-10 21:00:00,2025-10-13 23:59:00,2025-10-11 13:27:00,2025-10-20 05:34:00,0.0,987.0,208.11666666666667,3512.0,0,1,Not Cancelled,Normal,0,0,0,1,1,0,Not Cancelled
251010QDQABVTF,Selesai,2025-10-10 21:16:00,2025-10-10,2025-10-10 21:17:00,2025-10-14 23:59:00,2025-10-11 13:30:00,2025-10-16 08:00:00,1.0,974.0,114.5,4949.0,0,1,Not Cancelled,Normal,0,0,0,1,1,0,Not Cancelled
251010QDXAGSVT,Selesai,2025-10-10 21:20:00,2025-10-10,2025-10-10 21:20:00,2025-10-14 23:59:00,2025-10-11 13:30:00,2025-10-15 17:10:00,0.0,970.0,99.66666666666667,4949.0,0,1,Not Cancelled,Normal,0,0,0,1,1,0,Not Cancelled
251010QEDHUBXP,Selesai,2025-10-10 21:29:00,2025-10-10,2025-10-10 21:29:00,2025-10-13 23:59:00,2025-10-11 13:31:00,2025-10-18 15:35:00,0.0,962.0,170.06666666666666,3508.0,0,1,Not Cancelled,Normal,0,0,0,1,1,0,Not Cancelled
251010QEQK71M9,Selesai,2025-10-10 21:34:00,2025-10-10,2025-10-10 21:35:00,2025-10-13 23:59:00,2025-10-11 18:20:00,2025-10-16 14:54:00,1.0,1246.0,116.56666666666666,3219.0,0,1,Not Cancelled,Normal,0,0,0,1,1,0,Not Cancelled
251010QF2YGTD7,Selesai,2025-10-10 21:41:00,2025-10-10,2025-10-10 21:41:00,2025-10-13 23:59:00,2025-10-11 18:17:00,2025-10-16 06:24:00,0.0,1236.0,108.11666666666666,3222.0,0,1,Not Cancelled,Normal,0,0,0,1,1,0,Not Cancelled
251010QFAGQJSM,Selesai,2025-10-10 21:45:00,2025-10-10,2025-10-10 21:46:00,2025-10-14 23:59:00,2025-10-11 13:28:00,2025-10-15 16:14:00,1.0,943.0,98.76666666666667,4951.0,0,1,Not Cancelled,Normal,0,0,0,1,1,0,Not Cancelled
251010QG233GJB,Selesai,2025-10-10 21:58:00,2025-10-10,2025-10-10 21:58:00,2025-10-14 23:59:00,2025-10-11 13:31:00,2025-10-16 18:31:00,0.0,933.0,125.0,4948.0,0,1,Not Cancelled,Normal,0,0,0,1,1,0,Not Cancelled
251010QG2CPQRV,Selesai,2025-10-10 21:58:00,2025-10-10,2025-10-10 21:59:00,2025-10-13 23:59:00,2025-10-10 21:59:00,2025-10-19 11:25:00,1.0,1.0,205.43333333333334,4440.0,0,1,Not Cancelled,Normal,0,0,0,1,1,0,Not Cancelled
251010QJPPK5QQ,Selesai,2025-10-10 22:46:00,2025-10-10,2025-10-10 22:46:00,2025-10-13 23:59:00,2025-10-11 18:15:00,2025-10-23 17:34:00,0.0,1169.0,287.31666666666666,3224.0,0,1,Not Cancelled,Normal,0,0,0,1,1,0,Not Cancelled
251011QN8M8HHD,Selesai,2025-10-10 23:31:00,2025-10-10,2025-10-10 23:32:00,2025-10-13 23:59:00,2025-10-11 15:45:00,2025-10-17 14:56:00,1.0,974.0,143.18333333333334,3374.0,0,1,Not Cancelled,Normal,0,0,0,2,1,0,Not Cancelled
251011QNY4ABNS,Selesai,2025-10-10 23:44:00,2025-10-10,2025-10-10 23:46:00,2025-10-13 23:59:00,2025-10-10 23:46:00,2025-10-12 21:23:00,2.0,2.0,45.61666666666667,4333.0,0,1,Not Cancelled,Normal,0,0,0,1,1,0,Not Cancelled
251011QPKMEKDW,Selesai,2025-10-10 23:55:00,2025-10-10,2025-10-10 23:55:00,2025-10-13 23:59:00,2025-10-11 13:29:00,2025-10-14 08:34:00,0.0,814.0,67.08333333333333,3510.0,0,1,Not Cancelled,Normal,0,0,0,1,1,0,Not Cancelled
251011QPR1HVH7,Selesai,2025-10-10 23:58:00,2025-10-10,2025-10-10 23:58:00,2025-10-14 23:59:00,2025-10-11 13:31:00,2025-10-24 17:22:00,0.0,813.0,315.85,4948.0,0,1,Not Cancelled,Normal,0,0,0,1,1,0,Not Cancelled
251011QQYQTBRK,Selesai,2025-10-11 00:20:00,2025-10-11,2025-10-11 00:20:00,2025-10-13 23:59:00,2025-10-11 13:28:00,2025-10-21 16:46:00,0.0,788.0,243.3,3511.0,0,1,Not Cancelled,Normal,0,0,0,1,1,0,Not Cancelled
251011QRPS0DD7,Batal,2025-10-11 00:33:00,2025-10-11,,,,,,,,,1,0,Pre-Fulfillment,Not Processed,0,0,0,1,1,0,Unpaid Order
251011QRWU20DB,Batal,2025-10-11 00:37:00,2025-10-11,2025-10-11 00:37:00,2025-10-14 23:59:00,,,0.0,,,,1,0,Pre-Fulfillment,Not Processed,0,0,0,1,1,0,Other
251011QT2F4UHR,Selesai,2025-10-11 00:57:00,2025-10-11,2025-10-11 00:59:00,2025-10-14 23:59:00,2025-10-11 13:31:00,2025-10-13 18:29:00,2.0,754.0,52.96666666666667,4948.0,0,1,Not Cancelled,Normal,0,0,0,1,1,0,Not Cancelled
251011QTNKBBF3,Selesai,2025-10-11 01:08:00,2025-10-11,2025-10-11 01:08:00,2025-10-13 23:59:00,2025-10-11 13:30:00,2025-10-13 16:33:00,0.0,742.0,51.05,3509.0,0,1,Not Cancelled,Normal,0,0,0,1,1,0,Not Cancelled
251011R0B46WQT,Selesai,2025-10-11 02:50:00,2025-10-11,2025-10-11 02:50:00,2025-10-14 23:59:00,2025-10-11 13:28:00,2025-11-05 20:27:00,0.0,638.0,606.9833333333333,4951.0,0,1,Not Cancelled,Normal,0,0,0,1,1,0,Not Cancelled
251011R4X4PWQG,Selesai,2025-10-11 04:12:00,2025-10-11,2025-10-11 04:12:00,2025-10-14 23:59:00,2025-10-11 13:28:00,2025-10-16 08:32:00,0.0,556.0,115.06666666666666,4951.0,0,1,Not Cancelled,Normal,0,0,0,1,1,0,Not Cancelled
251011R53Q1NGK,Selesai,2025-10-11 04:15:00,2025-10-11,2025-10-11 04:15:00,2025-10-14 23:59:00,2025-10-11 18:19:00,2025-10-23 00:25:00,0.0,844.0,270.1,4660.0,0,1,Not Cancelled,Normal,0,1,1,1,1,0,Not Cancelled
251011R632B2EW,Selesai,2025-10-11 04:32:00,2025-10-11,2025-10-11 04:33:00,2025-10-14 23:59:00,2025-10-11 13:31:00,2025-10-23 16:47:00,1.0,539.0,291.26666666666665,4948.0,0,1,Not Cancelled,Normal,0,0,0,1,1,0,Not Cancelled
251011R6Q8VCNG,Selesai,2025-10-11 04:44:00,2025-10-11,2025-10-11 04:44:00,2025-10-13 23:59:00,2025-10-11 13:30:00,2025-10-15 16:32:00,0.0,526.0,99.03333333333333,3509.0,0,1,Not Cancelled,Normal,0,0,0,1,1,0,Not Cancelled
251011R7DFB1B6,Selesai,2025-10-11 04:56:00,2025-10-11,2025-10-11 04:56:00,2025-10-14 23:59:00,2025-10-11 04:56:00,2025-10-21 12:00:00,0.0,0.0,247.06666666666666,5463.0,0,1,Not Cancelled,Normal,0,0,0,1,1,0,Not Cancelled
251011R92PP33M,Selesai,2025-10-11 05:26:00,2025-10-11,2025-10-11 05:27:00,2025-10-14 23:59:00,2025-10-11 13:31:00,2025-10-25 13:28:00,1.0,485.0,335.95,4948.0,0,1,Not Cancelled,Normal,0,0,0,1,1,0,Not Cancelled
251011R9Q2YDSY,Selesai,2025-10-11 05:37:00,2025-10-11,2025-10-11 05:37:00,2025-10-13 23:59:00,2025-10-11 18:18:00,2025-10-22 23:53:00,0.0,761.0,269.5833333333333,3221.0,0,1,Not Cancelled,Normal,0,0,0,1,1,0,Not Cancelled
251011RA2TNKEK,Selesai,2025-10-11 05:44:00,2025-10-11,2025-10-11 05:44:00,2025-10-14 23:59:00,2025-10-11 13:28:00,2025-10-14 03:17:00,0.0,464.0,61.81666666666667,4951.0,0,1,Not Cancelled,Normal,0,0,0,1,1,0,Not Cancelled
251011RCMNEHT4,Selesai,2025-10-11 06:30:00,2025-10-11,2025-10-11 06:30:00,2025-10-13 23:59:00,2025-10-11 18:17:00,2025-10-23 15:43:00,0.0,707.0,285.43333333333334,3222.0,0,1,Not Cancelled,Normal,0,0,0,1,1,0,Not Cancelled
251011RFTBCY91,Selesai,2025-10-11 07:27:00,2025-10-11,2025-10-11 07:27:00,2025-10-14 23:59:00,2025-10-11 13:28:00,2025-10-13 21:19:00,0.0,361.0,55.85,4951.0,0,1,Not Cancelled,Normal,0,0,0,1,1,0,Not Cancelled
251011RHJ9EED3,Selesai,2025-10-11 07:58:00,2025-10-11,2025-10-11 07:58:00,2025-10-13 23:59:00,2025-10-11 13:30:00,2025-10-14 20:23:00,0.0,332.0,78.88333333333334,3509.0,0,1,Not Cancelled,Normal,0,0,0,1,1,0,Not Cancelled
251011RHWRM5M9,Batal,2025-10-11 08:04:00,2025-10-11,2025-10-11 08:04:00,2025-10-14 23:59:00,2025-10-11 13:29:00,,0.0,325.0,,4950.0,1,1,Post-Fulfillment Initiation,Normal,0,0,0,1,1,0,Delivery Failed
251011RJ45MMKA,Selesai,2025-10-11 08:08:00,2025-10-11,2025-10-11 08:08:00,2025-10-13 23:59:00,2025-10-11 13:30:00,2025-10-17 00:09:00,0.0,322.0,130.65,3509.0,0,1,Not Cancelled,Normal,0,0,0,1,1,0,Not Cancelled
251011RJXKHGAA,Selesai,2025-10-11 08:23:00,2025-10-11,2025-10-11 08:23:00,2025-10-13 23:59:00,2025-10-11 08:23:00,2025-10-13 18:31:00,0.0,0.0,58.13333333333333,3816.0,0,1,Not Cancelled,Normal,0,0,0,1,1,0,Not Cancelled
251011RK4N52TS,Selesai,2025-10-11 08:26:00,2025-10-11,2025-10-11 08:26:00,2025-10-14 23:59:00,2025-10-11 08:26:00,2025-10-13 10:29:00,0.0,0.0,50.05,5253.0,0,1,Not Cancelled,Normal,0,0,0,1,1,0,Not Cancelled
251011RM41EG2C,Selesai,2025-10-11 08:44:00,2025-10-11,2025-10-11 08:45:00,2025-10-14 23:59:00,2025-10-11 13:31:00,2025-10-13 16:32:00,1.0,287.0,51.016666666666666,4948.0,0,1,Not Cancelled,Normal,0,0,0,1,1,0,Not Cancelled
251011RM5SMXN6,Selesai,2025-10-11 08:45:00,2025-10-11,2025-10-11 08:45:00,2025-10-14 23:59:00,2025-10-11 13:31:00,2025-10-26 15:59:00,0.0,286.0,362.46666666666664,4948.0,0,1,Not Cancelled,Normal,0,0,0,1,1,0,Not Cancelled
251011RNJMXFMY,Batal,2025-10-11 09:10:00,2025-10-11,2025-10-11 09:10:00,2025-10-14 23:59:00,,,0.0,,,,1,0,Pre-Fulfillment,Not Processed,0,0,0,1,1,0,Other
251011RNYQK28P,Selesai,2025-10-11 09:17:00,2025-10-11,2025-10-11 09:17:00,2025-10-14 23:59:00,2025-10-11 18:20:00,2025-10-16 11:36:00,0.0,543.0,113.26666666666667,4659.0,0,1,Not Cancelled,Normal,0,0,0,1,1,0,Not Cancelled
251011RP9KA5W6,Selesai,2025-10-11 09:22:00,2025-10-11,2025-10-11 09:23:00,2025-10-13 23:59:00,2025-10-11 18:20:00,2025-10-14 10:11:00,1.0,538.0,63.85,3219.0,0,1,Not Cancelled,Normal,0,0,0,1,1,0,Not Cancelled
251011RPR0UXQ0,Selesai,2025-10-11 09:31:00,2025-10-11,2025-10-11 09:31:00,2025-10-14 23:59:00,2025-10-11 18:20:00,2025-10-24 17:37:00,0.0,529.0,311.28333333333336,4659.0,0,1,Not Cancelled,Normal,0,0,0,1,1,0,Not Cancelled
251011RPT5J37A,Selesai,2025-10-11 09:32:00,2025-10-11,2025-10-11 10:27:00,2025-10-13 23:59:00,2025-10-11 18:20:00,2025-10-14 18:57:00,55.0,528.0,72.61666666666666,3219.0,0,1,Not Cancelled,Normal,0,0,0,1,1,0,Not Cancelled
251011RPVB3482,Selesai,2025-10-11 09:33:00,2025-10-11,2025-10-11 09:34:00,2025-10-13 23:59:00,2025-10-11 09:34:00,2025-10-12 14:57:00,1.0,1.0,29.383333333333333,3745.0,0,1,Not Cancelled,Normal,0,0,0,1,1,0,Not Cancelled
251011RPXSACKF,Selesai,2025-10-11 09:34:00,2025-10-11,2025-10-11 09:35:00,2025-10-13 23:59:00,2025-10-11 15:45:00,2025-10-21 13:05:00,1.0,371.0,237.33333333333334,3374.0,0,1,Not Cancelled,Normal,0,0,0,1,1,0,Not Cancelled
251011RQ3GWYH4,Selesai,2025-10-11 09:37:00,2025-10-11,2025-10-11 09:37:00,2025-10-14 23:59:00,2025-10-11 18:18:00,2025-10-23 16:05:00,0.0,521.0,285.78333333333336,4661.0,0,1,Not Cancelled,Normal,0,0,0,1,1,0,Not Cancelled
251011RQFXPBTT,Batal,2025-10-11 09:44:00,2025-10-11,2025-10-11 09:44:00,2025-10-14 23:59:00,,,0.0,,,,1,0,Pre-Fulfillment,Not Processed,0,0,0,1,1,0,Other
251011RQNKT94Q,Selesai,2025-10-11 09:47:00,2025-10-11,2025-10-11 09:47:00,2025-10-13 23:59:00,2025-10-11 18:16:00,2025-10-16 05:00:00,0.0,509.0,106.73333333333333,3223.0,0,1,Not Cancelled,Normal,0,0,0,1,1,0,Not Cancelled
251011RS74TENB,Selesai,2025-10-11 10:15:00,2025-10-11,2025-10-11 10:15:00,2025-10-13 23:59:00,2025-10-11 15:45:00,2025-10-12 18:03:00,0.0,330.0,26.3,3374.0,0,1,Not Cancelled,Normal,0,0,0,1,1,0,Not Cancelled
251011RSC70EH1,Selesai,2025-10-11 10:18:00,2025-10-11,2025-10-11 10:18:00,2025-10-14 23:59:00,2025-10-11 18:16:00,2025-10-27 07:57:00,0.0,478.0,373.68333333333334,4663.0,0,1,Not Cancelled,Normal,0,0,0,1,1,0,Not Cancelled
251011RTUYP58M,Batal,2025-10-11 10:44:00,2025-10-11,2025-10-11 10:44:00,2025-10-14 23:59:00,,,0.0,,,,1,0,Pre-Fulfillment,Not Processed,0,0,0,4,1,0,Other
251011RUTG9CFU,Selesai,2025-10-11 11:01:00,2025-10-11,2025-10-11 11:02:00,2025-10-13 23:59:00,2025-10-11 18:20:00,2025-10-21 11:58:00,1.0,439.0,233.63333333333333,3219.0,0,1,Not Cancelled,Normal,0,0,0,1,1,0,Not Cancelled
251011RUUA09CQ,Selesai,2025-10-11 11:02:00,2025-10-11,2025-10-11 11:02:00,2025-10-14 23:59:00,2025-10-11 18:20:00,2025-10-20 17:50:00,0.0,438.0,215.5,4659.0,0,1,Not Cancelled,Normal,0,0,0,1,1,0,Not Cancelled
251011RV7NUKTS,Selesai,2025-10-11 11:09:00,2025-10-11,2025-10-11 11:09:00,2025-10-14 23:59:00,2025-10-11 18:16:00,2025-10-19 14:35:00,0.0,427.0,188.31666666666666,4663.0,0,1,Not Cancelled,Normal,0,0,0,1,1,0,Not Cancelled
251011RV809M66,Selesai,2025-10-11 11:09:00,2025-10-11,2025-10-11 11:09:00,2025-10-13 23:59:00,2025-10-11 15:45:00,2025-10-20 14:18:00,0.0,276.0,214.55,3374.0,0,1,Not Cancelled,Normal,0,0,0,1,1,0,Not Cancelled
251011RVA8T6PK,Batal,2025-10-11 11:10:00,2025-10-11,2025-10-11 11:10:00,2025-10-14 23:59:00,,,0.0,,,,1,0,Pre-Fulfillment,Not Processed,0,0,0,1,1,0,Other
251011RW6X774Q,Selesai,2025-10-11 11:26:00,2025-10-11,2025-10-11 11:26:00,2025-10-13 23:59:00,2025-10-11 18:18:00,2025-10-18 19:12:00,0.0,412.0,168.9,3221.0,0,1,Not Cancelled,Normal,0,0,0,1,1,0,Not Cancelled
251011RWE07UJE,Selesai,2025-10-11 11:30:00,2025-10-11,2025-10-11 11:31:00,2025-10-13 23:59:00,2025-10-11 18:20:00,2025-10-21 20:23:00,1.0,410.0,242.05,3219.0,0,1,Not Cancelled,Normal,0,0,0,2,2,0,Not Cancelled
251011RWWG5JY0,Selesai,2025-10-11 11:39:00,2025-10-11,2025-10-11 11:39:00,2025-10-14 23:59:00,2025-10-11 18:20:00,2025-10-22 16:11:00,0.0,401.0,261.85,4659.0,0,1,Not Cancelled,Normal,0,0,0,1,1,0,Not Cancelled
251011RXR0W9BS,Batal,2025-10-11 11:54:00,2025-10-11,2025-10-11 11:54:00,2025-10-14 23:59:00,,,0.0,,,,1,0,Pre-Fulfillment,Not Processed,0,0,0,1,1,0,Other
251011RYPDPB52,Selesai,2025-10-11 12:11:00,2025-10-11,2025-10-11 12:11:00,2025-10-13 23:59:00,2025-10-11 18:20:00,2025-10-21 00:28:00,0.0,369.0,222.13333333333333,3219.0,0,1,Not Cancelled,Normal,0,1,1,1,1,0,Not Cancelled
251011RYUX4AJ0,Batal,2025-10-11 12:14:00,2025-10-11,2025-10-11 12:14:00,2025-10-14 23:59:00,,,0.0,,,,1,0,Pre-Fulfillment,Not Processed,0,0,0,1,1,0,Other
251011RYVMXKVJ,Selesai,2025-10-11 12:14:00,2025-10-11,2025-10-11 12:14:00,2025-10-13 23:59:00,2025-10-11 18:17:00,2025-10-14 19:14:00,0.0,363.0,72.95,3222.0,0,1,Not Cancelled,Normal,0,0,0,1,1,0,Not Cancelled
251011S1FNP5EW,Selesai,2025-10-11 12:43:00,2025-10-11,2025-10-11 12:43:00,2025-10-14 23:59:00,2025-10-11 18:20:00,2025-10-19 14:54:00,0.0,337.0,188.56666666666666,4659.0,0,1,Not Cancelled,Normal,0,0,0,1,1,0,Not Cancelled
251011S1WH3S3W,Selesai,2025-10-11 12:50:00,2025-10-11,2025-10-11 12:51:00,2025-10-14 23:59:00,2025-10-11 18:20:00,2025-10-17 15:05:00,1.0,330.0,140.75,4659.0,0,1,Not Cancelled,Normal,0,0,0,1,1,0,Not Cancelled
251011S3BT5NSR,Batal,2025-10-11 13:16:00,2025-10-11,2025-10-11 13:17:00,2025-10-14 23:59:00,,,1.0,,,,1,0,Pre-Fulfillment,Not Processed,0,0,0,1,1,0,Other
251011S42B4AFC,Selesai,2025-10-11 13:29:00,2025-10-11,2025-10-11 14:10:00,2025-10-13 23:59:00,2025-10-13 13:04:00,2025-10-15 05:57:00,41.0,2855.0,40.88333333333333,655.0,0,1,Not Cancelled,Slow,0,0,0,1,1,0,Not Cancelled
251011S46U575Y,Selesai,2025-10-11 13:31:00,2025-10-11,2025-10-11 13:32:00,2025-10-13 23:59:00,2025-10-13 18:22:00,2025-10-25 17:27:00,1.0,3171.0,287.0833333333333,337.0,0,1,Not Cancelled,Critical,0,0,0,1,1,0,Not Cancelled
251011S53AV3WR,Selesai,2025-10-11 13:47:00,2025-10-11,2025-10-11 13:47:00,2025-10-14 23:59:00,2025-10-13 13:09:00,2025-10-23 10:46:00,0.0,2842.0,237.61666666666667,2090.0,0,1,Not Cancelled,Slow,0,0,0,1,1,0,Not Cancelled
251011S69BT2XP,Batal,2025-10-11 14:09:00,2025-10-11,,,,,,,,,1,0,Pre-Fulfillment,Not Processed,0,0,0,1,1,0,Unpaid Order
251011S72MFR6N,Selesai,2025-10-11 14:23:00,2025-10-11,2025-10-11 14:23:00,2025-10-13 23:59:00,2025-10-13 18:21:00,2025-10-21 19:07:00,0.0,3118.0,192.76666666666668,338.0,0,1,Not Cancelled,Slow,0,0,0,1,1,0,Not Cancelled
251011S7E8C6DE,Selesai,2025-10-11 14:29:00,2025-10-11,2025-10-11 14:31:00,2025-10-13 23:59:00,2025-10-13 18:23:00,2025-10-16 08:35:00,2.0,3114.0,62.2,336.0,0,1,Not Cancelled,Slow,0,0,0,1,1,0,Not Cancelled
251011S82TG4H0,Selesai,2025-10-11 14:41:00,2025-10-11,2025-10-11 14:41:00,2025-10-14 23:59:00,2025-10-13 13:05:00,2025-10-21 19:04:00,0.0,2784.0,197.98333333333332,2094.0,0,1,Not Cancelled,Slow,0,0,0,1,1,0,Not Cancelled
251011S83Q2KW8,Selesai,2025-10-11 14:41:00,2025-10-11,2025-10-11 14:41:00,2025-10-13 23:59:00,2025-10-13 18:21:00,2025-10-20 21:21:00,0.0,3100.0,171.0,338.0,0,1,Not Cancelled,Slow,0,0,0,1,1,0,Not Cancelled
251011SAGQC9P6,Selesai,2025-10-11 15:24:00,2025-10-11,2025-10-11 15:25:00,2025-10-13 23:59:00,2025-10-13 18:21:00,2025-10-21 23:16:00,1.0,3057.0,196.91666666666666,338.0,0,1,Not Cancelled,Slow,0,0,0,1,1,0,Not Cancelled
251011SAWN8XBA,Batal,2025-10-11 15:32:00,2025-10-11,2025-10-11 15:32:00,2025-10-13 23:59:00,2025-10-13 13:05:00,,0.0,2733.0,,654.0,1,1,Post-Fulfillment Initiation,Slow,0,0,0,1,1,0,Delivery Failed
251011SBBCVKN3,Selesai,2025-10-11 15:39:00,2025-10-11,2025-10-11 15:39:00,2025-10-14 23:59:00,2025-10-13 13:09:00,2025-10-19 00:09:00,0.0,2730.0,131.0,2090.0,0,1,Not Cancelled,Slow,0,0,0,1,1,0,Not Cancelled
251011SBVBJ808,Selesai,2025-10-11 15:49:00,2025-10-11,2025-10-11 15:49:00,2025-10-13 23:59:00,2025-10-13 13:09:00,2025-10-22 00:34:00,0.0,2720.0,203.41666666666666,650.0,0,1,Not Cancelled,Slow,0,1,1,1,1,0,Not Cancelled
251011SCR850GV,Selesai,2025-10-11 16:04:00,2025-10-11,2025-10-11 16:05:00,2025-10-13 23:59:00,2025-10-13 18:25:00,2025-10-17 14:52:00,1.0,3021.0,92.45,334.0,0,1,Not Cancelled,Slow,0,0,0,1,1,0,Not Cancelled
251011SCYMMVFT,Batal,2025-10-11 16:09:00,2025-10-11,2025-10-11 16:09:00,2025-10-14 23:59:00,2025-10-13 18:23:00,,0.0,3014.0,,1776.0,1,1,Post-Fulfillment Initiation,Slow,0,0,0,1,1,0,Delivery Failed
251011SD5S6C3Q,Selesai,2025-10-11 16:12:00,2025-10-11,2025-10-11 16:12:00,2025-10-13 23:59:00,2025-10-11 16:12:00,2025-10-14 20:04:00,0.0,0.0,75.86666666666666,3347.0,0,1,Not Cancelled,Normal,0,1,1,1,1,0,Not Cancelled
251011SF76DV1X,Selesai,2025-10-11 16:49:00,2025-10-11,2025-10-11 16:49:00,2025-10-13 23:59:00,2025-10-13 13:09:00,2025-10-20 22:08:00,0.0,2660.0,176.98333333333332,650.0,0,1,Not Cancelled,Attention,0,0,0,1,1,0,Not Cancelled
251011SFYT6SXQ,Selesai,2025-10-11 17:02:00,2025-10-11,2025-10-11 17:03:00,2025-10-13 23:59:00,2025-10-11 17:03:00,2025-10-20 21:23:00,1.0,1.0,220.33333333333334,3296.0,0,1,Not Cancelled,Normal,0,1,1,1,1,0,Not Cancelled
251011SGPB6GE2,Selesai,2025-10-11 17:15:00,2025-10-11,2025-10-11 17:15:00,2025-10-14 23:59:00,2025-10-13 18:21:00,2025-10-21 19:20:00,0.0,2946.0,192.98333333333332,1778.0,0,1,Not Cancelled,Slow,0,0,0,1,1,0,Not Cancelled
251011SH32BQPH,Selesai,2025-10-11 17:22:00,2025-10-11,2025-10-11 17:22:00,2025-10-13 23:59:00,2025-10-13 13:06:00,2025-10-19 00:07:00,0.0,2624.0,131.01666666666668,653.0,0,1,Not Cancelled,Attention,0,0,0,1,1,0,Not Cancelled
251011SH7S1HYV,Selesai,2025-10-11 17:25:00,2025-10-11,2025-10-11 17:27:00,2025-10-13 23:59:00,2025-10-13 18:22:00,2025-10-14 23:51:00,2.0,2937.0,29.483333333333334,337.0,0,1,Not Cancelled,Slow,0,0,0,1,1,0,Not Cancelled
251011SJ8UM9A7,Batal,2025-10-11 17:43:00,2025-10-11,2025-10-11 17:43:00,2025-10-14 23:59:00,,,0.0,,,,1,0,Pre-Fulfillment,Not Processed,0,0,0,1,1,0,Change Address
251011SJM1A5VQ,Selesai,2025-10-11 17:49:00,2025-10-11,2025-10-11 17:49:00,2025-10-14 23:59:00,2025-10-13 13:09:00,2025-10-22 18:21:00,0.0,2600.0,221.2,2090.0,0,1,Not Cancelled,Attention,0,0,0,1,1,0,Not Cancelled
251011SJS85NSW,Selesai,2025-10-11 17:52:00,2025-10-11,2025-10-11 17:52:00,2025-10-13 23:59:00,2025-10-13 13:09:00,2025-10-22 15:12:00,0.0,2597.0,218.05,650.0,0,1,Not Cancelled,Attention,0,0,0,1,1,0,Not Cancelled
251011SM4FYNF3,Selesai,2025-10-11 18:16:00,2025-10-11,2025-10-11 18:17:00,2025-10-13 23:59:00,2025-10-13 18:23:00,2025-10-20 11:57:00,1.0,2887.0,161.56666666666666,336.0,0,1,Not Cancelled,Slow,0,0,0,1,1,0,Not Cancelled
251011SM9YDW9J,Selesai,2025-10-11 18:20:00,2025-10-11,2025-10-11 18:20:00,2025-10-13 23:59:00,2025-10-13 13:06:00,2025-10-23 16:05:00,0.0,2566.0,242.98333333333332,653.0,0,1,Not Cancelled,Attention,0,0,0,1,1,0,Not Cancelled
251011SMR872GN,Selesai,2025-10-11 18:28:00,2025-10-11,2025-10-11 18:28:00,2025-10-13 23:59:00,2025-10-13 13:09:00,2025-10-15 18:15:00,0.0,2561.0,53.1,650.0,0,1,Not Cancelled,Attention,0,0,0,1,1,0,Not Cancelled
251011SMSXMV4M,Selesai,2025-10-11 18:28:00,2025-10-11,2025-10-11 18:29:00,2025-10-13 23:59:00,2025-10-13 18:21:00,2025-10-23 14:14:00,1.0,2873.0,235.88333333333333,338.0,0,1,Not Cancelled,Slow,0,0,0,1,1,0,Not Cancelled
251011SP8YHG78,Selesai,2025-10-11 18:55:00,2025-10-11,2025-10-11 19:02:00,2025-10-14 23:59:00,2025-10-13 13:04:00,2025-10-19 18:58:00,7.0,2529.0,149.9,2095.0,0,1,Not Cancelled,Attention,0,0,0,1,1,0,Not Cancelled
251011SPJ58EYW,Batal,2025-10-11 19:00:00,2025-10-11,2025-10-11 19:00:00,2025-10-13 23:59:00,,,0.0,,,,1,0,Pre-Fulfillment,Not Processed,0,0,0,1,1,0,Other
251011SQ61BJGG,Selesai,2025-10-11 19:11:00,2025-10-11,2025-10-11 19:11:00,2025-10-14 23:59:00,2025-10-13 13:06:00,2025-10-21 00:21:00,0.0,2515.0,179.25,2093.0,0,1,Not Cancelled,Attention,0,1,1,1,1,0,Not Cancelled
251011SQXVQHEE,Selesai,2025-10-11 19:25:00,2025-10-11,2025-10-11 19:25:00,2025-10-13 23:59:00,2025-10-13 13:04:00,2025-10-21 19:41:00,0.0,2499.0,198.61666666666667,655.0,0,1,Not Cancelled,Attention,0,0,0,1,1,0,Not Cancelled
251011SRAKGRRP,Selesai,2025-10-11 19:32:00,2025-10-11,2025-10-11 19:32:00,2025-10-13 23:59:00,2025-10-13 18:23:00,2025-10-16 18:24:00,0.0,2811.0,72.01666666666667,336.0,0,1,Not Cancelled,Slow,0,0,0,1,1,0,Not Cancelled
251011SREVS9TX,Selesai,2025-10-11 19:34:00,2025-10-11,2025-10-11 19:34:00,2025-10-13 23:59:00,2025-10-13 18:23:00,2025-10-15 18:48:00,0.0,2809.0,48.416666666666664,336.0,0,1,Not Cancelled,Slow,0,0,0,1,1,0,Not Cancelled
251011SRWVFP1N,Selesai,2025-10-11 19:42:00,2025-10-11,2025-10-11 19:43:00,2025-10-13 23:59:00,2025-10-13 13:06:00,2025-10-22 19:01:00,1.0,2484.0,221.91666666666666,653.0,0,1,Not Cancelled,Attention,0,0,0,1,1,0,Not Cancelled
251011SS84M8BT,Selesai,2025-10-11 19:48:00,2025-10-11,2025-10-11 19:50:00,2025-10-14 23:59:00,2025-10-13 13:06:00,2025-10-27 19:16:00,2.0,2478.0,342.1666666666667,2093.0,0,1,Not Cancelled,Attention,0,0,0,1,1,0,Not Cancelled
251011SSECUS8X,Selesai,2025-10-11 19:52:00,2025-10-11,2025-10-11 19:52:00,2025-10-13 23:59:00,2025-10-13 18:22:00,2025-10-18 12:13:00,0.0,2790.0,113.85,337.0,0,1,Not Cancelled,Slow,0,0,0,1,1,0,Not Cancelled
251011SSU7WB7W,Selesai,2025-10-11 19:59:00,2025-10-11,2025-10-11 19:59:00,2025-10-14 23:59:00,2025-10-13 13:09:00,2025-10-15 12:44:00,0.0,2470.0,47.583333333333336,2090.0,0,1,Not Cancelled,Attention,0,0,0,1,1,0,Not Cancelled
251011ST7X5CD0,Selesai,2025-10-11 20:06:00,2025-10-11,2025-10-11 20:26:00,2025-10-13 23:59:00,2025-10-13 13:05:00,2025-10-22 10:27:00,20.0,2459.0,213.36666666666667,654.0,0,1,Not Cancelled,Attention,0,0,0,1,1,0,Not Cancelled
251011STTCG5TF,Selesai,2025-10-11 20:16:00,2025-10-11,2025-10-11 20:17:00,2025-10-14 23:59:00,2025-10-13 13:04:00,2025-10-23 16:40:00,1.0,2448.0,243.6,2095.0,0,1,Not Cancelled,Attention,0,0,0,1,1,0,Not Cancelled
251011SUT44JFA,Selesai,2025-10-11 20:34:00,2025-10-11,2025-10-11 20:34:00,2025-10-13 23:59:00,2025-10-13 18:24:00,2025-10-17 06:51:00,0.0,2750.0,84.45,335.0,0,1,Not Cancelled,Slow,0,0,0,1,1,0,Not Cancelled
251011SV0SR10A,Batal,2025-10-11 20:38:00,2025-10-11,2025-10-11 20:38:00,2025-10-13 23:59:00,,,0.0,,,,1,0,Pre-Fulfillment,Not Processed,0,0,0,1,1,0,Change Address
251011SVQ6WR22,Selesai,2025-10-11 20:50:00,2025-10-11,2025-10-11 20:50:00,2025-10-13 23:59:00,2025-10-11 20:50:00,2025-10-20 23:40:00,0.0,0.0,218.83333333333334,3069.0,0,1,Not Cancelled,Normal,0,0,0,1,1,0,Not Cancelled
251011SWN0M6AK,Selesai,2025-10-11 21:07:00,2025-10-11,2025-10-11 21:07:00,2025-10-13 23:59:00,2025-10-13 18:21:00,2025-10-25 16:09:00,0.0,2714.0,285.8,338.0,0,1,Not Cancelled,Slow,0,0,0,1,1,0,Not Cancelled
251011SWV7CMX5,Selesai,2025-10-11 21:11:00,2025-10-11,2025-10-11 21:11:00,2025-10-14 23:59:00,2025-10-13 18:23:00,2025-10-24 18:21:00,0.0,2712.0,263.96666666666664,1776.0,0,1,Not Cancelled,Slow,0,0,0,1,1,0,Not Cancelled
251011SXB81DV1,Batal,2025-10-11 21:19:00,2025-10-11,,,,,,,,,1,0,Pre-Fulfillment,Not Processed,0,0,0,1,1,0,Voucher Issue
251011SXDVVXAN,Selesai,2025-10-11 21:21:00,2025-10-11,2025-10-11 21:21:00,2025-10-13 23:59:00,2025-10-13 13:05:00,2025-10-17 21:31:00,0.0,2384.0,104.43333333333334,654.0,0,1,Not Cancelled,Attention,0,0,0,1,1,0,Not Cancelled
251011SYTU30JS,Batal,2025-10-11 21:46:00,2025-10-11,2025-10-11 21:46:00,2025-10-14 23:59:00,,,0.0,,,,1,0,Pre-Fulfillment,Not Processed,0,0,0,1,1,0,Change Address
251011SYUTH189,Selesai,2025-10-11 21:46:00,2025-10-11,2025-10-11 21:46:00,2025-10-13 23:59:00,2025-10-13 13:05:00,2025-10-15 15:57:00,0.0,2359.0,50.86666666666667,654.0,0,1,Not Cancelled,Attention,0,0,0,1,1,0,Not Cancelled
251011SYW1NKPN,Batal,2025-10-11 21:47:00,2025-10-11,2025-10-11 21:47:00,2025-10-13 23:59:00,,,0.0,,,,1,0,Pre-Fulfillment,Not Processed,0,0,0,1,1,0,Change Order
251011T0BQRUEP,Selesai,2025-10-11 21:55:00,2025-10-11,2025-10-11 21:55:00,2025-10-14 23:59:00,2025-10-13 13:04:00,2025-10-16 21:12:00,0.0,2349.0,80.13333333333334,2095.0,0,1,Not Cancelled,Attention,0,0,0,1,1,0,Not Cancelled
251011T0WWHVVN,Batal,2025-10-11 22:05:00,2025-10-11,,,,,,,,,1,0,Pre-Fulfillment,Not Processed,0,0,0,1,1,0,Unpaid Order
251011T1J44UR7,Batal,2025-10-11 22:17:00,2025-10-11,2025-10-11 22:17:00,2025-10-13 23:59:00,,,0.0,,,,1,0,Pre-Fulfillment,Not Processed,0,0,0,1,1,0,Other
251011T3HENVEB,Batal,2025-10-11 22:52:00,2025-10-11,2025-10-11 22:52:00,2025-10-13 23:59:00,,,0.0,,,,1,0,Pre-Fulfillment,Not Processed,0,0,0,1,1,0,Other
251011T3W2JP3C,Selesai,2025-10-11 22:59:00,2025-10-11,2025-10-11 22:59:00,2025-10-14 23:59:00,2025-10-11 22:59:00,2025-10-23 19:59:00,0.0,0.0,285.0,4380.0,0,1,Not Cancelled,Normal,0,0,0,1,1,0,Not Cancelled
251012T4JUPW1C,Selesai,2025-10-11 23:11:00,2025-10-11,2025-10-11 23:11:00,2025-10-13 23:59:00,2025-10-13 13:06:00,2025-10-16 20:53:00,0.0,2275.0,79.78333333333333,653.0,0,1,Not Cancelled,Attention,0,0,0,1,1,0,Not Cancelled
251012T4N647UN,Selesai,2025-10-11 23:12:00,2025-10-11,2025-10-11 23:12:00,2025-10-13 23:59:00,2025-10-13 18:21:00,2025-10-20 21:00:00,0.0,2589.0,170.65,338.0,0,1,Not Cancelled,Attention,0,0,0,1,1,0,Not Cancelled
251012T588FVS0,Selesai,2025-10-11 23:23:00,2025-10-11,2025-10-11 23:23:00,2025-10-14 23:59:00,2025-10-13 18:23:00,2025-10-24 15:45:00,0.0,2580.0,261.3666666666667,1776.0,0,1,Not Cancelled,Attention,0,0,0,1,1,0,Not Cancelled
251012T7FDV8W9,Selesai,2025-10-12 00:03:00,2025-10-12,2025-10-12 00:03:00,2025-10-13 23:59:00,2025-10-13 13:09:00,2025-10-18 04:13:00,0.0,2226.0,111.06666666666666,650.0,0,1,Not Cancelled,Attention,0,0,0,1,1,0,Not Cancelled
251012TB5VRN4D,Selesai,2025-10-12 01:09:00,2025-10-12,2025-10-12 01:09:00,2025-10-13 23:59:00,2025-10-13 15:16:00,2025-10-15 04:49:00,0.0,2287.0,37.55,523.0,0,1,Not Cancelled,Attention,0,0,0,1,1,0,Not Cancelled
251012TDMYSSM7,Batal,2025-10-12 01:53:00,2025-10-12,2025-10-12 01:53:00,2025-10-13 23:59:00,2025-10-13 13:05:00,,0.0,2112.0,,654.0,1,1,Post-Fulfillment Initiation,Attention,0,0,0,1,1,0,Delivery Failed
251012TDP24NH5,Selesai,2025-10-12 01:54:00,2025-10-12,2025-10-12 01:54:00,2025-10-14 23:59:00,2025-10-13 13:05:00,2025-10-23 16:08:00,0.0,2111.0,243.05,2094.0,0,1,Not Cancelled,Attention,0,0,0,1,1,0,Not Cancelled
251012TF7YG7D2,Selesai,2025-10-12 02:22:00,2025-10-12,2025-10-12 02:22:00,2025-10-14 23:59:00,2025-10-13 13:09:00,2025-10-22 21:50:00,0.0,2087.0,224.68333333333334,2090.0,0,1,Not Cancelled,Attention,0,0,0,1,1,0,Not Cancelled
251012TK97KV68,Selesai,2025-10-12 03:34:00,2025-10-12,2025-10-12 03:34:00,2025-10-14 23:59:00,2025-10-13 13:06:00,2025-10-16 00:49:00,0.0,2012.0,59.71666666666667,2093.0,0,1,Not Cancelled,Attention,0,0,0,1,1,0,Not Cancelled
251012TNS77U5X,Selesai,2025-10-12 04:19:00,2025-10-12,2025-10-12 04:19:00,2025-10-13 23:59:00,2025-10-13 18:21:00,2025-10-16 21:42:00,0.0,2282.0,75.35,338.0,0,1,Not Cancelled,Attention,0,0,0,1,1,0,Not Cancelled
251012TXSMWEH3,Selesai,2025-10-12 07:00:00,2025-10-12,2025-10-12 07:00:00,2025-10-13 23:59:00,2025-10-13 13:05:00,2025-10-20 06:45:00,0.0,1805.0,161.66666666666666,654.0,0,1,Not Cancelled,Normal,0,0,0,1,1,0,Not Cancelled
251012TYDWDHCX,Selesai,2025-10-12 07:11:00,2025-10-12,2025-10-12 07:11:00,2025-10-14 23:59:00,2025-10-13 13:09:00,2025-11-02 15:25:00,0.0,1798.0,482.26666666666665,2090.0,0,1,Not Cancelled,Normal,0,0,0,1,1,0,Not Cancelled
251012U08NTU88,Selesai,2025-10-12 07:26:00,2025-10-12,2025-10-12 07:27:00,2025-10-13 23:59:00,2025-10-13 18:22:00,2025-10-19 17:23:00,1.0,2096.0,143.01666666666668,337.0,0,1,Not Cancelled,Attention,0,0,0,1,1,0,Not Cancelled
251012U1ACF22E,Selesai,2025-10-12 07:45:00,2025-10-12,2025-10-12 07:45:00,2025-10-14 23:59:00,2025-10-13 13:04:00,2025-10-23 12:02:00,0.0,1759.0,238.96666666666667,2095.0,0,1,Not Cancelled,Normal,0,0,0,1,1,0,Not Cancelled
251012U220QC6H,Selesai,2025-10-12 07:58:00,2025-10-12,2025-10-12 07:59:00,2025-10-14 23:59:00,2025-10-13 13:05:00,2025-10-16 13:55:00,1.0,1747.0,72.83333333333333,2094.0,0,1,Not Cancelled,Normal,0,0,0,2,1,0,Not Cancelled
251012U382J4JB,Selesai,2025-10-12 08:20:00,2025-10-12,2025-10-12 08:20:00,2025-10-13 23:59:00,2025-10-13 13:06:00,2025-10-22 21:29:00,0.0,1726.0,224.38333333333333,653.0,0,1,Not Cancelled,Normal,0,0,0,1,1,0,Not Cancelled
251012U3YXDMXQ,Selesai,2025-10-12 08:33:00,2025-10-12,2025-10-12 08:33:00,2025-10-13 23:59:00,2025-10-13 13:08:00,2025-10-22 12:44:00,0.0,1715.0,215.6,651.0,0,1,Not Cancelled,Normal,0,0,0,1,1,0,Not Cancelled
251012U4P22QGM,Batal,2025-10-12 08:45:00,2025-10-12,,,,,,,,,1,0,Pre-Fulfillment,Not Processed,0,0,0,1,1,0,Unpaid Order
251012U67DARQJ,Batal,2025-10-12 09:13:00,2025-10-12,2025-10-12 09:13:00,2025-10-13 23:59:00,,,0.0,,,,1,0,Pre-Fulfillment,Not Processed,0,0,0,1,1,0,Change Address
251012U6NGDSF4,Selesai,2025-10-12 09:21:00,2025-10-12,2025-10-12 09:21:00,2025-10-13 23:59:00,2025-10-13 13:05:00,2025-10-21 20:13:00,0.0,1664.0,199.13333333333333,654.0,0,1,Not Cancelled,Normal,0,0,0,1,1,0,Not Cancelled
251012U7E530CX,Selesai,2025-10-12 09:35:00,2025-10-12,2025-10-12 09:35:00,2025-10-14 23:59:00,2025-10-13 13:04:00,2025-10-27 17:38:00,0.0,1649.0,340.56666666666666,2095.0,0,1,Not Cancelled,Normal,0,0,0,1,1,0,Not Cancelled
251012U7PF6PD4,Selesai,2025-10-12 09:39:00,2025-10-12,2025-10-12 09:39:00,2025-10-13 23:59:00,2025-10-13 13:05:00,2025-10-21 10:47:00,0.0,1646.0,189.7,654.0,0,1,Not Cancelled,Normal,0,0,0,1,1,0,Not Cancelled
251012U8V0RQCU,Selesai,2025-10-12 10:00:00,2025-10-12,2025-10-12 10:00:00,2025-10-14 23:59:00,2025-10-13 13:08:00,2025-10-21 08:49:00,0.0,1628.0,187.68333333333334,2091.0,0,1,Not Cancelled,Normal,0,0,0,1,1,0,Not Cancelled
251012U9PYX0M1,Selesai,2025-10-12 10:15:00,2025-10-12,2025-10-12 10:16:00,2025-10-13 23:59:00,2025-10-13 15:16:00,2025-10-15 21:44:00,1.0,1741.0,54.46666666666667,523.0,0,1,Not Cancelled,Normal,0,0,0,1,1,0,Not Cancelled
251012UA5QWUVP,Selesai,2025-10-12 10:24:00,2025-10-12,2025-10-12 10:33:00,2025-10-13 23:59:00,2025-10-13 15:16:00,2025-10-15 22:30:00,9.0,1732.0,55.233333333333334,523.0,0,1,Not Cancelled,Normal,0,0,0,1,1,0,Not Cancelled
251012UB4WEVKS,Selesai,2025-10-12 10:41:00,2025-10-12,2025-10-12 10:41:00,2025-10-13 23:59:00,2025-10-13 13:06:00,2025-10-23 14:12:00,0.0,1585.0,241.1,653.0,0,1,Not Cancelled,Normal,0,0,0,1,1,0,Not Cancelled
251012UB95UHX5,Selesai,2025-10-12 10:43:00,2025-10-12,2025-10-12 10:43:00,2025-10-14 23:59:00,2025-10-13 13:09:00,2025-10-23 19:51:00,0.0,1586.0,246.7,2090.0,0,1,Not Cancelled,Normal,0,0,0,1,1,0,Not Cancelled
251012UBUTV8CF,Selesai,2025-10-12 10:54:00,2025-10-12,2025-10-12 10:54:00,2025-10-14 23:59:00,2025-10-13 13:04:00,2025-10-25 11:31:00,0.0,1570.0,286.45,2095.0,0,1,Not Cancelled,Normal,0,0,0,1,1,0,Not Cancelled
251012UCJHHN7S,Selesai,2025-10-12 11:07:00,2025-10-12,2025-10-12 11:07:00,2025-10-14 23:59:00,2025-10-13 13:08:00,2025-10-17 11:43:00,0.0,1561.0,94.58333333333333,2091.0,0,1,Not Cancelled,Normal,0,0,0,1,1,0,Not Cancelled
251012UD25AWSQ,Batal,2025-10-12 11:15:00,2025-10-12,2025-10-12 11:15:00,2025-10-13 23:59:00,,,0.0,,,,1,0,Pre-Fulfillment,Not Processed,0,0,0,1,1,0,Change Order
251012UDBCVY4E,Batal,2025-10-12 11:20:00,2025-10-12,2025-10-12 11:21:00,2025-10-14 23:59:00,,,1.0,,,,1,0,Pre-Fulfillment,Not Processed,0,0,0,1,1,0,Change Address
251012UDV5VVQD,Batal,2025-10-12 11:30:00,2025-10-12,,,,,,,,,1,0,Pre-Fulfillment,Not Processed,0,0,0,1,1,0,Unpaid Order
251012UEFFUMJJ,Batal,2025-10-12 11:41:00,2025-10-12,2025-10-12 11:41:00,2025-10-13 23:59:00,,,0.0,,,,1,0,Pre-Fulfillment,Not Processed,0,0,0,1,1,0,Seller Responsiveness
251012UESN09YE,Selesai,2025-10-12 11:46:00,2025-10-12,2025-10-12 11:47:00,2025-10-13 23:59:00,2025-10-13 15:16:00,2025-10-17 13:51:00,1.0,1650.0,94.58333333333333,523.0,0,1,Not Cancelled,Normal,0,0,0,1,1,0,Not Cancelled
251012UEU2U8Q0,Batal,2025-10-12 11:47:00,2025-10-12,2025-10-12 11:47:00,2025-10-14 23:59:00,2025-10-13 18:23:00,,0.0,1836.0,,1776.0,1,1,Post-Fulfillment Initiation,Normal,0,0,0,1,1,0,Delivery Failed
251012UFFTJ9S3,Selesai,2025-10-12 11:59:00,2025-10-12,2025-10-12 11:59:00,2025-10-14 23:59:00,2025-10-13 13:10:00,2025-10-23 13:57:00,0.0,1511.0,240.78333333333333,2089.0,0,1,Not Cancelled,Normal,0,0,0,1,1,0,Not Cancelled
251012UFX0H8GS,Selesai,2025-10-12 12:07:00,2025-10-12,2025-10-12 12:07:00,2025-10-14 23:59:00,2025-10-13 18:21:00,2025-10-17 15:46:00,0.0,1814.0,93.41666666666667,1778.0,0,1,Not Cancelled,Normal,0,0,0,1,1,0,Not Cancelled
251012UG37EUFQ,Selesai,2025-10-12 12:10:00,2025-10-12,2025-10-12 12:10:00,2025-10-14 23:59:00,2025-10-13 18:25:00,2025-10-18 23:40:00,0.0,1815.0,125.25,1774.0,0,1,Not Cancelled,Normal,0,0,0,1,1,0,Not Cancelled
251012UGFN2UCD,Selesai,2025-10-12 12:16:00,2025-10-12,2025-10-12 12:17:00,2025-10-13 23:59:00,2025-10-13 15:16:00,2025-10-21 13:33:00,1.0,1620.0,190.28333333333333,523.0,0,1,Not Cancelled,Normal,0,0,0,1,1,0,Not Cancelled
251012UH9JRQAV,Selesai,2025-10-12 12:31:00,2025-10-12,2025-10-12 12:31:00,2025-10-14 23:59:00,2025-10-13 13:09:00,2025-10-24 15:10:00,0.0,1478.0,266.01666666666665,2090.0,0,1,Not Cancelled,Normal,0,0,0,1,1,0,Not Cancelled
251012UHN8KSY1,Selesai,2025-10-12 12:38:00,2025-10-12,2025-10-12 12:38:00,2025-10-14 23:59:00,2025-10-13 18:22:00,2025-10-21 07:13:00,0.0,1784.0,180.85,1777.0,0,1,Not Cancelled,Normal,0,0,0,1,1,0,Not Cancelled
251012UJ07K387,Selesai,2025-10-12 12:44:00,2025-10-12,2025-10-12 12:44:00,2025-10-14 23:59:00,2025-10-13 13:05:00,2025-10-22 12:48:00,0.0,1461.0,215.71666666666667,2094.0,0,1,Not Cancelled,Normal,0,0,0,1,1,0,Not Cancelled
251012UJ29DKTP,Selesai,2025-10-12 12:45:00,2025-10-12,2025-10-12 12:45:00,2025-10-13 23:59:00,2025-10-13 18:21:00,2025-10-23 16:05:00,0.0,1776.0,237.73333333333332,338.0,0,1,Not Cancelled,Normal,0,0,0,1,1,0,Not Cancelled
251012UJVNBC64,Batal,2025-10-12 13:00:00,2025-10-12,2025-10-12 13:00:00,2025-10-13 23:59:00,,,0.0,,,,1,0,Pre-Fulfillment,Not Processed,0,0,0,1,1,0,Seller Responsiveness
251012UKFPTM6F,Selesai,2025-10-12 13:10:00,2025-10-12,2025-10-12 13:11:00,2025-10-14 23:59:00,2025-10-13 13:06:00,2025-10-28 12:41:00,1.0,1436.0,359.5833333333333,2093.0,0,1,Not Cancelled,Normal,0,0,0,2,1,0,Not Cancelled
251012UKSNB7VW,Selesai,2025-10-12 13:16:00,2025-10-12,2025-10-12 13:16:00,2025-10-13 23:59:00,2025-10-13 13:04:00,2025-10-21 19:55:00,0.0,1428.0,198.85,655.0,0,1,Not Cancelled,Normal,0,0,0,1,1,0,Not Cancelled
251012UKW9PC7A,Selesai,2025-10-12 13:18:00,2025-10-12,2025-10-12 13:20:00,2025-10-14 23:59:00,2025-10-13 13:04:00,2025-10-24 18:52:00,2.0,1426.0,269.8,2095.0,0,1,Not Cancelled,Normal,0,0,0,1,1,0,Not Cancelled
251012UM5D2YEV,Selesai,2025-10-12 13:22:00,2025-10-12,2025-10-12 13:23:00,2025-10-13 23:59:00,2025-10-13 18:23:00,2025-10-23 16:32:00,1.0,1741.0,238.15,336.0,0,1,Not Cancelled,Normal,0,0,0,1,1,0,Not Cancelled
251012UMXF4Q35,Selesai,2025-10-12 13:36:00,2025-10-12,2025-10-12 13:36:00,2025-10-14 23:59:00,2025-10-13 13:07:00,2025-10-23 12:09:00,0.0,1411.0,239.03333333333333,2092.0,0,1,Not Cancelled,Normal,0,0,0,1,1,0,Not Cancelled
251012UN6ATYEK,Batal,2025-10-12 13:41:00,2025-10-12,2025-10-12 13:41:00,2025-10-13 23:59:00,,,0.0,,,,1,0,Pre-Fulfillment,Not Processed,0,0,0,2,1,0,Change Order
251012UNNVNN6D,Selesai,2025-10-12 13:49:00,2025-10-12,2025-10-12 13:51:00,2025-10-13 23:59:00,2025-10-13 15:16:00,2025-10-15 10:33:00,2.0,1527.0,43.28333333333333,523.0,0,1,Not Cancelled,Normal,0,0,0,1,1,0,Not Cancelled
251012UP4SJC2C,Selesai,2025-10-12 13:58:00,2025-10-12,2025-10-12 13:58:00,2025-10-13 23:59:00,2025-10-13 18:25:00,2025-10-19 07:12:00,0.0,1707.0,132.78333333333333,334.0,0,1,Not Cancelled,Normal,0,0,0,1,1,0,Not Cancelled
251012UPT2ET55,Selesai,2025-10-12 14:10:00,2025-10-12,2025-10-12 14:10:00,2025-10-14 23:59:00,2025-10-13 13:04:00,2025-10-22 19:16:00,0.0,1374.0,222.2,2095.0,0,1,Not Cancelled,Normal,0,0,0,1,1,0,Not Cancelled
251012UPWSPA6H,Batal,2025-10-12 14:12:00,2025-10-12,2025-10-12 14:12:00,2025-10-13 23:59:00,,,0.0,,,,1,0,Pre-Fulfillment,Not Processed,0,0,0,1,1,0,Change Order
251012URN5J972,Selesai,2025-10-12 14:43:00,2025-10-12,2025-10-12 14:43:00,2025-10-14 23:59:00,2025-10-13 13:06:00,2025-10-23 13:50:00,0.0,1343.0,240.73333333333332,2093.0,0,1,Not Cancelled,Normal,0,0,0,1,1,0,Not Cancelled
251012US278FYF,Selesai,2025-10-12 14:50:00,2025-10-12,2025-10-12 14:51:00,2025-10-13 23:59:00,2025-10-13 13:04:00,2025-10-15 07:44:00,1.0,1334.0,42.666666666666664,655.0,0,1,Not Cancelled,Normal,0,0,0,1,1,0,Not Cancelled
251012US656WBW,Selesai,2025-10-12 14:52:00,2025-10-12,2025-10-12 14:52:00,2025-10-13 23:59:00,2025-10-13 13:06:00,2025-10-14 18:52:00,0.0,1334.0,29.766666666666666,653.0,0,1,Not Cancelled,Normal,0,0,0,1,1,0,Not Cancelled
251012USV9T3PN,Selesai,2025-10-12 15:05:00,2025-10-12,2025-10-12 15:05:00,2025-10-14 23:59:00,2025-10-13 13:05:00,2025-10-22 22:31:00,0.0,1320.0,225.43333333333334,2094.0,0,1,Not Cancelled,Normal,0,0,0,1,1,0,Not Cancelled
251012UTGCGR05,Selesai,2025-10-12 15:16:00,2025-10-12,2025-10-12 15:16:00,2025-10-14 23:59:00,2025-10-13 13:06:00,2025-10-25 09:45:00,0.0,1310.0,284.65,2093.0,0,1,Not Cancelled,Normal,0,0,0,1,1,0,Not Cancelled
251012UTKPE6XJ,Selesai,2025-10-12 15:18:00,2025-10-12,2025-10-12 15:18:00,2025-10-13 23:59:00,2025-10-13 18:24:00,2025-10-17 07:56:00,0.0,1626.0,85.53333333333333,335.0,0,1,Not Cancelled,Normal,0,0,0,1,1,0,Not Cancelled
251012UUF5P4DX,Batal,2025-10-12 15:33:00,2025-10-12,2025-10-12 15:33:00,2025-10-13 23:59:00,,,0.0,,,,1,0,Pre-Fulfillment,Not Processed,0,0,0,1,1,0,Change Address
251012UVDEM1HR,Selesai,2025-10-12 15:50:00,2025-10-12,2025-10-12 15:50:00,2025-10-14 23:59:00,2025-10-13 18:26:00,2025-10-24 21:28:00,0.0,1596.0,267.03333333333336,1773.0,0,1,Not Cancelled,Normal,0,0,0,1,1,0,Not Cancelled
251012UVQFY66T,Batal,2025-10-12 15:56:00,2025-10-12,,,,,,,,,1,0,Pre-Fulfillment,Not Processed,0,0,0,1,1,0,Change Address
251012UVUHNSKK,Selesai,2025-10-12 15:58:00,2025-10-12,2025-10-12 15:58:00,2025-10-14 23:59:00,2025-10-13 13:07:00,2025-11-06 20:30:00,0.0,1269.0,583.3833333333333,2092.0,0,1,Not Cancelled,Normal,0,0,0,1,1,0,Not Cancelled
251012UVVEB53Y,Selesai,2025-10-12 15:58:00,2025-10-12,2025-10-12 15:59:00,2025-10-13 23:59:00,2025-10-13 18:25:00,2025-10-15 18:40:00,1.0,1587.0,48.25,334.0,0,1,Not Cancelled,Normal,0,0,0,1,1,0,Not Cancelled
251012UW3043FQ,Selesai,2025-10-12 16:02:00,2025-10-12,2025-10-12 16:02:00,2025-10-13 23:59:00,2025-10-13 13:09:00,2025-10-16 14:48:00,0.0,1267.0,73.65,650.0,0,1,Not Cancelled,Normal,0,0,0,1,1,0,Not Cancelled
251012UWQ11FUJ,Selesai,2025-10-12 16:13:00,2025-10-12,2025-10-12 16:13:00,2025-10-13 23:59:00,2025-10-13 13:04:00,2025-10-16 11:10:00,0.0,1251.0,70.1,655.0,0,1,Not Cancelled,Normal,0,0,0,1,1,0,Not Cancelled
251012UWW4FFE8,Selesai,2025-10-12 16:17:00,2025-10-12,2025-10-12 16:17:00,2025-10-13 23:59:00,2025-10-13 15:16:00,2025-10-15 19:53:00,0.0,1379.0,52.61666666666667,523.0,0,1,Not Cancelled,Normal,0,0,0,2,2,0,Not Cancelled
251012UXAFQH8H,Selesai,2025-10-12 16:24:00,2025-10-12,2025-10-12 16:26:00,2025-10-13 23:59:00,2025-10-13 13:05:00,2025-10-22 18:06:00,2.0,1241.0,221.01666666666668,654.0,0,1,Not Cancelled,Normal,0,0,0,1,1,0,Not Cancelled
251012UXBMYKBE,Selesai,2025-10-12 16:25:00,2025-10-12,2025-10-12 16:25:00,2025-10-14 23:59:00,2025-10-13 13:04:00,2025-10-14 16:24:00,0.0,1239.0,27.333333333333332,2095.0,0,1,Not Cancelled,Normal,0,0,0,1,1,0,Not Cancelled
251012UY5CXC62,Selesai,2025-10-12 16:39:00,2025-10-12,2025-10-12 16:39:00,2025-10-13 23:59:00,2025-10-13 18:23:00,2025-10-18 10:59:00,0.0,1544.0,112.6,336.0,0,1,Not Cancelled,Normal,0,0,0,1,1,0,Not Cancelled
251012UYPJ80B4,Batal,2025-10-12 16:49:00,2025-10-12,2025-10-12 16:49:00,2025-10-14 23:59:00,,,0.0,,,,1,0,Pre-Fulfillment,Not Processed,0,0,0,1,1,0,Other
251012V1BNPM9M,Selesai,2025-10-12 17:18:00,2025-10-12,2025-10-12 17:23:00,2025-10-14 23:59:00,2025-10-13 18:22:00,2025-10-24 14:07:00,5.0,1504.0,259.75,1777.0,0,1,Not Cancelled,Normal,0,0,0,1,1,0,Not Cancelled
251012V1FHMJD4,Selesai,2025-10-12 17:21:00,2025-10-12,2025-10-12 17:23:00,2025-10-14 23:59:00,2025-10-13 13:06:00,2025-10-24 19:30:00,2.0,1185.0,270.4,2093.0,0,1,Not Cancelled,Normal,0,0,0,1,1,0,Not Cancelled
251012V1GAF6BT,Selesai,2025-10-12 17:21:00,2025-10-12,2025-10-12 17:21:00,2025-10-13 23:59:00,2025-10-13 13:09:00,2025-10-22 22:12:00,0.0,1188.0,225.05,650.0,0,1,Not Cancelled,Normal,0,0,0,1,1,0,Not Cancelled
251012V1RQDPBR,Selesai,2025-10-12 17:26:00,2025-10-12,2025-10-12 17:27:00,2025-10-14 23:59:00,2025-10-13 13:06:00,2025-10-21 09:49:00,1.0,1180.0,188.71666666666667,2093.0,0,1,Not Cancelled,Normal,0,0,0,1,1,0,Not Cancelled
251012V2EDN7JR,Selesai,2025-10-12 17:38:00,2025-10-12,2025-10-12 17:38:00,2025-10-13 23:59:00,2025-10-13 13:09:00,2025-10-22 19:04:00,0.0,1171.0,221.91666666666666,650.0,0,1,Not Cancelled,Normal,0,0,0,1,1,0,Not Cancelled
251012V323473J,Selesai,2025-10-12 17:49:00,2025-10-12,2025-10-12 17:49:00,2025-10-13 23:59:00,2025-10-13 18:25:00,2025-10-23 11:27:00,0.0,1476.0,233.03333333333333,334.0,0,1,Not Cancelled,Normal,0,0,0,1,1,0,Not Cancelled
251012V53YM5SJ,Selesai,2025-10-12 18:26:00,2025-10-12,2025-10-12 18:27:00,2025-10-13 23:59:00,2025-10-13 15:16:00,2025-10-15 12:26:00,1.0,1250.0,45.166666666666664,523.0,0,1,Not Cancelled,Normal,0,0,0,1,1,0,Not Cancelled
251012V5JKVBV5,Selesai,2025-10-12 18:34:00,2025-10-12,2025-10-12 18:34:00,2025-10-14 23:59:00,2025-10-13 13:04:00,2025-10-21 13:10:00,0.0,1110.0,192.1,2095.0,0,1,Not Cancelled,Normal,0,0,0,1,1,0,Not Cancelled
251012V613DSV5,Selesai,2025-10-12 18:42:00,2025-10-12,2025-10-12 18:42:00,2025-10-13 23:59:00,2025-10-13 13:04:00,2025-10-21 14:24:00,0.0,1102.0,193.33333333333334,655.0,0,1,Not Cancelled,Normal,0,0,0,1,1,0,Not Cancelled
251012V6MPXKMY,Selesai,2025-10-12 18:53:00,2025-10-12,2025-10-12 18:53:00,2025-10-14 23:59:00,2025-10-13 13:09:00,2025-11-11 18:42:00,0.0,1096.0,701.55,2090.0,0,1,Not Cancelled,Normal,0,0,0,1,1,0,Not Cancelled
251012V77GP68S,Selesai,2025-10-12 19:04:00,2025-10-12,2025-10-12 19:04:00,2025-10-14 23:59:00,2025-10-13 18:21:00,2025-10-23 19:53:00,0.0,1397.0,241.53333333333333,1778.0,0,1,Not Cancelled,Normal,0,0,0,1,1,0,Not Cancelled
251012V7YSVT51,Selesai,2025-10-12 19:17:00,2025-10-12,2025-10-12 19:19:00,2025-10-14 23:59:00,2025-10-13 13:09:00,2025-10-25 12:46:00,2.0,1072.0,287.6166666666667,2090.0,0,1,Not Cancelled,Normal,0,0,0,1,1,0,Not Cancelled
251012V8633V4C,Selesai,2025-10-12 19:21:00,2025-10-12,2025-10-12 19:21:00,2025-10-13 23:59:00,2025-10-13 13:06:00,2025-10-22 18:59:00,0.0,1065.0,221.88333333333333,653.0,0,1,Not Cancelled,Normal,0,0,0,1,1,0,Not Cancelled
251012V8ARU98A,Selesai,2025-10-12 19:23:00,2025-10-12,2025-10-12 19:25:00,2025-10-14 23:59:00,2025-10-12 19:25:00,2025-10-19 12:01:00,2.0,2.0,160.6,3154.0,0,1,Not Cancelled,Normal,0,0,0,1,1,0,Not Cancelled
251012V8F9U2SJ,Selesai,2025-10-12 19:26:00,2025-10-12,2025-10-12 19:26:00,2025-10-14 23:59:00,2025-10-13 18:22:00,2025-10-17 06:58:00,0.0,1376.0,84.6,1777.0,0,1,Not Cancelled,Normal,0,0,0,1,1,0,Not Cancelled
251012V8TVT34R,Batal,2025-10-12 19:32:00,2025-10-12,2025-10-12 19:32:00,2025-10-13 23:59:00,,,0.0,,,,1,0,Pre-Fulfillment,Not Processed,0,0,0,2,1,0,Change Order
251012V91NAUCX,Batal,2025-10-12 19:36:00,2025-10-12,,,,,,,,,1,0,Pre-Fulfillment,Not Processed,0,0,0,1,1,0,Unpaid Order
251012V9QQ0955,Selesai,2025-10-12 19:48:00,2025-10-12,2025-10-12 19:48:00,2025-10-14 23:59:00,2025-10-13 18:21:00,2025-10-24 19:42:00,0.0,1353.0,265.35,1778.0,0,1,Not Cancelled,Normal,0,0,0,1,1,0,Not Cancelled
251012VA0WNDDS,Selesai,2025-10-12 19:54:00,2025-10-12,2025-10-12 19:54:00,2025-10-13 23:59:00,2025-10-13 18:25:00,2025-10-19 15:32:00,0.0,1351.0,141.11666666666667,334.0,0,1,Not Cancelled,Normal,0,0,0,1,1,0,Not Cancelled
251012VAA1HC85,Selesai,2025-10-12 19:59:00,2025-10-12,2025-10-12 19:59:00,2025-10-14 23:59:00,2025-10-13 13:06:00,2025-10-23 20:39:00,0.0,1027.0,247.55,2093.0,0,1,Not Cancelled,Normal,0,0,0,1,1,0,Not Cancelled
251012VAWQUXNX,Selesai,2025-10-12 20:10:00,2025-10-12,2025-10-12 20:10:00,2025-10-13 23:59:00,2025-10-13 13:06:00,2025-10-16 15:03:00,0.0,1016.0,73.95,653.0,0,1,Not Cancelled,Normal,0,0,0,1,1,0,Not Cancelled
251012VBXHXMHH,Selesai,2025-10-12 20:28:00,2025-10-12,2025-10-12 20:28:00,2025-10-13 23:59:00,2025-10-13 18:24:00,2025-10-26 13:23:00,0.0,1316.0,306.98333333333335,335.0,0,1,Not Cancelled,Normal,0,0,0,1,1,0,Not Cancelled
251012VC6ATAQP,Selesai,2025-10-12 20:32:00,2025-10-12,2025-10-12 20:32:00,2025-10-13 23:59:00,2025-10-13 13:09:00,2025-10-16 09:27:00,0.0,997.0,68.3,650.0,0,1,Not Cancelled,Normal,0,0,0,2,1,0,Not Cancelled
251012VCY92ARE,Batal,2025-10-12 20:46:00,2025-10-12,2025-10-12 20:46:00,2025-10-13 23:59:00,,,0.0,,,,1,0,Pre-Fulfillment,Not Processed,0,0,0,1,1,0,Change Order
251012VDCWS3P1,Selesai,2025-10-12 20:54:00,2025-10-12,2025-10-12 20:54:00,2025-10-14 23:59:00,2025-10-13 13:06:00,2025-10-24 18:09:00,0.0,972.0,269.05,2093.0,0,1,Not Cancelled,Normal,0,0,0,1,1,0,Not Cancelled
251012VE03XBKK,Selesai,2025-10-12 21:05:00,2025-10-12,2025-10-12 21:05:00,2025-10-14 23:59:00,2025-10-13 13:09:00,2025-10-25 20:49:00,0.0,964.0,295.6666666666667,2090.0,0,1,Not Cancelled,Normal,0,0,0,1,1,0,Not Cancelled
251012VEQ9YVF7,Selesai,2025-10-12 21:18:00,2025-10-12,2025-10-12 21:21:00,2025-10-13 23:59:00,2025-10-13 18:24:00,2025-10-17 20:04:00,3.0,1266.0,97.66666666666667,335.0,0,1,Not Cancelled,Normal,0,0,0,1,1,0,Not Cancelled
251012VETQM10X,Selesai,2025-10-12 21:20:00,2025-10-12,2025-10-12 21:20:00,2025-10-13 23:59:00,2025-10-13 18:22:00,2025-10-21 17:11:00,0.0,1262.0,190.81666666666666,337.0,0,1,Not Cancelled,Normal,0,0,0,2,1,0,Not Cancelled
251012VFBGH8RR,Selesai,2025-10-12 21:29:00,2025-10-12,2025-10-12 21:29:00,2025-10-14 23:59:00,2025-10-13 13:09:00,2025-10-15 22:27:00,0.0,940.0,57.3,2090.0,0,1,Not Cancelled,Normal,0,0,0,1,1,0,Not Cancelled
251012VGJMQWJS,Selesai,2025-10-12 21:51:00,2025-10-12,2025-10-12 21:55:00,2025-10-14 23:59:00,2025-10-13 13:04:00,2025-10-27 19:28:00,4.0,913.0,342.4,2095.0,0,1,Not Cancelled,Normal,0,0,0,1,1,0,Not Cancelled
251012VGN1X86V,Selesai,2025-10-12 21:52:00,2025-10-12,2025-10-12 21:52:00,2025-10-13 23:59:00,2025-10-13 13:09:00,2025-10-18 10:57:00,0.0,917.0,117.8,650.0,0,1,Not Cancelled,Normal,0,0,0,1,1,0,Not Cancelled
251012VGRT4X41,Selesai,2025-10-12 21:54:00,2025-10-12,2025-10-12 21:54:00,2025-10-14 23:59:00,2025-10-13 13:05:00,2025-10-26 09:44:00,0.0,911.0,308.65,2094.0,0,1,Not Cancelled,Normal,0,0,0,1,1,0,Not Cancelled
251012VH6Y4MG8,Selesai,2025-10-12 22:02:00,2025-10-12,2025-10-12 22:03:00,2025-10-14 23:59:00,2025-10-13 18:23:00,2025-10-27 21:46:00,1.0,1221.0,339.3833333333333,1776.0,0,1,Not Cancelled,Normal,0,0,0,1,1,0,Not Cancelled
251012VJ63Q5WR,Selesai,2025-10-12 22:20:00,2025-10-12,2025-10-12 22:20:00,2025-10-13 23:59:00,2025-10-13 15:16:00,2025-10-18 14:34:00,0.0,1016.0,119.3,523.0,0,1,Not Cancelled,Normal,0,0,0,1,1,0,Not Cancelled
251012VJ6F493V,Selesai,2025-10-12 22:20:00,2025-10-12,2025-10-12 22:20:00,2025-10-14 23:59:00,2025-10-13 13:09:00,2025-10-16 15:52:00,0.0,889.0,74.71666666666667,2090.0,0,1,Not Cancelled,Normal,0,0,0,1,1,0,Not Cancelled
251012VJMAMK82,Selesai,2025-10-12 22:28:00,2025-10-12,2025-10-12 22:28:00,2025-10-14 23:59:00,2025-10-12 22:28:00,2025-10-15 05:40:00,0.0,0.0,55.2,2971.0,0,1,Not Cancelled,Normal,0,0,0,1,1,0,Not Cancelled
251012VMBU9R4C,Batal,2025-10-12 22:59:00,2025-10-12,,,,,,,,,1,0,Pre-Fulfillment,Not Processed,0,0,0,1,1,0,Unpaid Order
25101300TUEUR0,Selesai,2025-10-13 03:41:00,2025-10-13,2025-10-13 03:41:00,2025-10-14 23:59:00,2025-10-13 13:08:00,2025-10-22 14:43:00,0.0,567.0,217.58333333333334,2091.0,0,1,Not Cancelled,Normal,0,0,0,1,1,0,Not Cancelled
25101307EJBBTB,Selesai,2025-10-13 05:40:00,2025-10-13,2025-10-13 05:40:00,2025-10-14 23:59:00,2025-10-13 13:09:00,2025-10-22 22:05:00,0.0,449.0,224.93333333333334,2090.0,0,1,Not Cancelled,Normal,0,0,0,1,1,0,Not Cancelled
25101309H2XT0G,Selesai,2025-10-13 06:17:00,2025-10-13,2025-10-13 06:17:00,2025-10-13 23:59:00,2025-10-13 13:09:00,2025-10-22 13:20:00,0.0,412.0,216.18333333333334,650.0,0,1,Not Cancelled,Normal,0,0,0,1,1,0,Not Cancelled
25101309S3J0G3,Selesai,2025-10-13 06:21:00,2025-10-13,2025-10-13 06:21:00,2025-10-13 23:59:00,2025-10-13 13:06:00,2025-10-14 18:17:00,0.0,405.0,29.183333333333334,653.0,0,1,Not Cancelled,Normal,0,0,0,1,1,0,Not Cancelled
25101309SX9A0B,Selesai,2025-10-13 06:22:00,2025-10-13,2025-10-13 06:22:00,2025-10-14 23:59:00,2025-10-13 13:04:00,2025-10-15 09:27:00,0.0,402.0,44.38333333333333,2095.0,0,1,Not Cancelled,Normal,0,0,0,1,1,0,Not Cancelled
2510130AE5RQJJ,Selesai,2025-10-13 06:33:00,2025-10-13,2025-10-13 06:33:00,2025-10-14 23:59:00,2025-10-13 13:05:00,2025-10-20 20:25:00,0.0,392.0,175.33333333333334,2094.0,0,1,Not Cancelled,Normal,0,0,0,1,1,0,Not Cancelled
2510130CBJC4YQ,Selesai,2025-10-13 07:07:00,2025-10-13,2025-10-13 07:09:00,2025-10-14 23:59:00,2025-10-13 13:04:00,2025-10-20 07:25:00,2.0,357.0,162.35,2095.0,0,1,Not Cancelled,Normal,0,0,0,1,1,0,Not Cancelled
2510130CC3GEC3,Batal,2025-10-13 07:08:00,2025-10-13,2025-10-13 07:08:00,2025-10-14 23:59:00,,,0.0,,,,1,0,Pre-Fulfillment,Not Processed,0,0,0,1,1,0,Change Order
2510130CHPSJUH,Selesai,2025-10-13 07:11:00,2025-10-13,2025-10-13 07:11:00,2025-10-13 23:59:00,2025-10-13 18:21:00,2025-10-23 19:24:00,0.0,670.0,241.05,338.0,0,1,Not Cancelled,Normal,0,0,0,1,1,0,Not Cancelled
2510130DNF7V6B,Selesai,2025-10-13 07:31:00,2025-10-13,2025-10-13 07:32:00,2025-10-14 23:59:00,2025-10-13 13:05:00,2025-10-17 11:08:00,1.0,334.0,94.05,2094.0,0,1,Not Cancelled,Normal,0,0,0,1,1,0,Not Cancelled
2510130DR7V4BU,Batal,2025-10-13 07:32:00,2025-10-13,,,,,,,,,1,0,Pre-Fulfillment,Not Processed,0,0,0,1,1,0,Unpaid Order
2510130DUGU42H,Selesai,2025-10-13 07:34:00,2025-10-13,2025-10-13 07:34:00,2025-10-14 23:59:00,2025-10-13 18:25:00,2025-10-24 06:49:00,0.0,651.0,252.4,1774.0,0,1,Not Cancelled,Normal,0,0,0,1,1,0,Not Cancelled
2510130DXRSMWQ,Selesai,2025-10-13 07:36:00,2025-10-13,2025-10-13 07:36:00,2025-10-14 23:59:00,2025-10-13 13:09:00,2025-10-15 22:30:00,0.0,333.0,57.35,2090.0,0,1,Not Cancelled,Normal,0,0,0,2,2,0,Not Cancelled
2510130E18VUG8,Selesai,2025-10-13 07:37:00,2025-10-13,2025-10-13 07:38:00,2025-10-14 23:59:00,2025-10-13 18:26:00,2025-10-23 20:47:00,1.0,649.0,242.35,1773.0,0,1,Not Cancelled,Normal,0,0,0,1,1,0,Not Cancelled
2510130E658GN6,Selesai,2025-10-13 07:40:00,2025-10-13,2025-10-13 07:40:00,2025-10-14 23:59:00,2025-10-13 13:09:00,2025-11-04 16:16:00,0.0,329.0,531.1166666666667,2090.0,0,1,Not Cancelled,Normal,0,0,0,1,1,0,Not Cancelled
2510130E8QAPBS,Selesai,2025-10-13 07:42:00,2025-10-13,2025-10-13 07:42:00,2025-10-14 23:59:00,2025-10-13 18:24:00,2025-10-21 16:06:00,0.0,642.0,189.7,1775.0,0,1,Not Cancelled,Normal,0,0,0,1,1,0,Not Cancelled
2510130EREUV20,Batal,2025-10-13 07:50:00,2025-10-13,2025-10-13 07:50:00,2025-10-14 23:59:00,,,0.0,,,,1,0,Pre-Fulfillment,Not Processed,0,0,0,1,1,0,Change Address
2510130EXVTJ1M,Selesai,2025-10-13 07:54:00,2025-10-13,2025-10-13 07:54:00,2025-10-14 23:59:00,2025-10-13 13:05:00,2025-10-20 19:13:00,0.0,311.0,174.13333333333333,2094.0,0,1,Not Cancelled,Normal,0,0,0,1,1,0,Not Cancelled
2510130F8SEQHR,Selesai,2025-10-13 08:00:00,2025-10-13,2025-10-13 08:00:00,2025-10-13 23:59:00,2025-10-13 18:23:00,2025-10-14 13:42:00,0.0,623.0,19.316666666666666,336.0,0,1,Not Cancelled,Normal,0,0,0,1,1,0,Not Cancelled
2510130FAQFD7B,Batal,2025-10-13 08:01:00,2025-10-13,2025-10-13 08:01:00,2025-10-13 23:59:00,,,0.0,,,,1,0,Pre-Fulfillment,Not Processed,0,0,0,1,1,0,Change Order
2510130GY7RRNM,Selesai,2025-10-13 08:30:00,2025-10-13,2025-10-13 08:30:00,2025-10-14 23:59:00,2025-10-13 18:24:00,2025-10-22 07:50:00,0.0,594.0,205.43333333333334,1775.0,0,1,Not Cancelled,Normal,0,0,0,1,1,0,Not Cancelled
2510130H6KC31T,Selesai,2025-10-13 08:34:00,2025-10-13,2025-10-13 08:34:00,2025-10-14 23:59:00,2025-10-13 13:09:00,2025-10-16 22:30:00,0.0,275.0,81.35,2090.0,0,1,Not Cancelled,Normal,0,0,0,1,1,0,Not Cancelled
2510130H7SGVVH,Batal,2025-10-13 08:35:00,2025-10-13,2025-10-13 08:35:00,2025-10-14 23:59:00,2025-10-13 18:21:00,,0.0,586.0,,1778.0,1,1,Post-Fulfillment Initiation,Normal,0,0,0,1,1,0,Delivery Failed
2510130HVN24RU,Selesai,2025-10-13 08:46:00,2025-10-13,2025-10-13 08:47:00,2025-10-14 23:59:00,2025-10-13 13:05:00,2025-10-23 16:51:00,1.0,259.0,243.76666666666668,2094.0,0,1,Not Cancelled,Normal,0,0,0,1,1,0,Not Cancelled
2510130JEH9UVF,Selesai,2025-10-13 08:56:00,2025-10-13,2025-10-13 08:57:00,2025-10-13 23:59:00,2025-10-13 18:22:00,2025-10-17 10:37:00,1.0,566.0,88.25,337.0,0,1,Not Cancelled,Normal,0,0,0,2,2,0,Not Cancelled
2510130JFRCX5F,Selesai,2025-10-13 08:57:00,2025-10-13,2025-10-13 08:57:00,2025-10-14 23:59:00,2025-10-13 13:04:00,2025-10-19 09:48:00,0.0,247.0,140.73333333333332,2095.0,0,1,Not Cancelled,Normal,0,0,0,1,1,0,Not Cancelled
2510130JQRW8AF,Selesai,2025-10-13 09:02:00,2025-10-13,2025-10-13 09:02:00,2025-10-13 23:59:00,2025-10-13 13:06:00,2025-10-22 22:10:00,0.0,244.0,225.06666666666666,653.0,0,1,Not Cancelled,Normal,0,0,0,1,1,0,Not Cancelled
2510130K1DVFKX,Selesai,2025-10-13 09:07:00,2025-10-13,2025-10-13 09:07:00,2025-10-14 23:59:00,2025-10-13 18:23:00,2025-10-17 06:59:00,0.0,556.0,84.6,1776.0,0,1,Not Cancelled,Normal,0,0,0,4,1,0,Not Cancelled
2510130KBWKRQ4,Selesai,2025-10-13 09:13:00,2025-10-13,2025-10-13 09:13:00,2025-10-14 23:59:00,2025-10-13 18:27:00,2025-10-24 17:37:00,0.0,554.0,263.1666666666667,1772.0,0,1,Not Cancelled,Normal,0,0,0,1,1,0,Not Cancelled
2510130KHB4VDH,Batal,2025-10-13 09:16:00,2025-10-13,2025-10-13 09:16:00,2025-10-14 23:59:00,,,0.0,,,,1,0,Pre-Fulfillment,Not Processed,0,0,0,1,1,0,Change Address
2510130KK5BT89,Selesai,2025-10-13 09:17:00,2025-10-13,2025-10-13 09:17:00,2025-10-14 23:59:00,2025-10-13 18:22:00,2025-10-17 17:16:00,0.0,545.0,94.9,1777.0,0,1,Not Cancelled,Normal,0,0,0,1,1,0,Not Cancelled
2510130KVKM8SX,Selesai,2025-10-13 09:22:00,2025-10-13,2025-10-13 09:22:00,2025-10-14 23:59:00,2025-10-13 18:27:00,2025-10-26 12:26:00,0.0,545.0,305.98333333333335,1772.0,0,1,Not Cancelled,Normal,0,0,0,1,1,0,Not Cancelled
2510130MRWMR99,Selesai,2025-10-13 09:38:00,2025-10-13,2025-10-13 09:38:00,2025-10-13 23:59:00,2025-10-13 18:27:00,2025-10-21 17:13:00,0.0,529.0,190.76666666666668,332.0,0,1,Not Cancelled,Normal,0,0,0,1,1,0,Not Cancelled
2510130NGNPTMH,Selesai,2025-10-13 09:51:00,2025-10-13,2025-10-13 09:51:00,2025-10-14 23:59:00,2025-10-13 18:27:00,2025-10-26 07:03:00,0.0,516.0,300.6,1772.0,0,1,Not Cancelled,Normal,0,0,0,1,1,0,Not Cancelled
2510130P695QC1,Selesai,2025-10-13 10:03:00,2025-10-13,2025-10-13 10:03:00,2025-10-14 23:59:00,2025-10-13 18:26:00,2025-10-21 22:51:00,0.0,503.0,196.41666666666666,1773.0,0,1,Not Cancelled,Normal,0,0,0,1,1,0,Not Cancelled
2510130P9QRNRD,Selesai,2025-10-13 10:05:00,2025-10-13,2025-10-13 10:05:00,2025-10-14 23:59:00,2025-10-13 18:27:00,2025-10-30 13:52:00,0.0,502.0,403.4166666666667,1772.0,0,1,Not Cancelled,Normal,0,0,0,1,1,0,Not Cancelled
2510130Q85ENYA,Selesai,2025-10-13 10:22:00,2025-10-13,2025-10-13 10:23:00,2025-10-13 23:59:00,2025-10-13 15:16:00,2025-10-23 14:29:00,1.0,294.0,239.21666666666667,523.0,0,1,Not Cancelled,Normal,0,0,0,1,1,0,Not Cancelled
2510130QTVCV26,Selesai,2025-10-13 10:33:00,2025-10-13,2025-10-13 10:33:00,2025-10-14 23:59:00,2025-10-13 18:27:00,2025-10-19 11:41:00,0.0,474.0,137.23333333333332,1772.0,0,1,Not Cancelled,Normal,0,0,0,1,1,0,Not Cancelled
2510130R1H12SM,Batal,2025-10-13 10:37:00,2025-10-13,2025-10-13 10:37:00,2025-10-14 23:59:00,,,0.0,,,,1,0,Pre-Fulfillment,Not Processed,0,0,0,1,1,0,Change Order
2510130R800SWR,Selesai,2025-10-13 10:40:00,2025-10-13,2025-10-13 10:40:00,2025-10-13 23:59:00,2025-10-13 18:25:00,2025-10-23 20:10:00,0.0,465.0,241.75,334.0,0,1,Not Cancelled,Normal,0,0,0,1,1,0,Not Cancelled
2510130SFP9EHT,Selesai,2025-10-13 11:02:00,2025-10-13,2025-10-13 11:03:00,2025-10-14 23:59:00,2025-10-13 18:27:00,2025-10-19 16:28:00,1.0,445.0,142.01666666666668,1772.0,0,1,Not Cancelled,Normal,0,0,0,1,1,0,Not Cancelled
2510130T5XP1GY,Selesai,2025-10-13 11:15:00,2025-10-13,2025-10-13 11:15:00,2025-10-13 23:59:00,2025-10-13 18:21:00,2025-10-21 22:41:00,0.0,426.0,196.33333333333334,338.0,0,1,Not Cancelled,Normal,0,0,0,1,1,0,Not Cancelled
2510130TYJUBM4,Selesai,2025-10-13 11:29:00,2025-10-13,2025-10-13 11:29:00,2025-10-13 23:59:00,2025-10-13 15:16:00,2025-10-20 11:16:00,0.0,227.0,164.0,523.0,0,1,Not Cancelled,Normal,0,0,0,1,1,0,Not Cancelled
2510130UP9K5WR,Selesai,2025-10-13 11:42:00,2025-10-13,2025-10-13 11:42:00,2025-10-14 23:59:00,2025-10-13 18:27:00,2025-10-17 08:39:00,0.0,405.0,86.2,1772.0,0,1,Not Cancelled,Normal,0,0,0,1,1,0,Not Cancelled
2510130UT8B870,Selesai,2025-10-13 11:44:00,2025-10-13,2025-10-13 12:01:00,2025-10-14 23:59:00,2025-10-13 18:23:00,2025-10-24 16:44:00,17.0,399.0,262.35,1776.0,0,1,Not Cancelled,Normal,0,0,0,1,1,0,Not Cancelled
2510130V2T314E,Selesai,2025-10-13 11:49:00,2025-10-13,2025-10-13 11:49:00,2025-10-14 23:59:00,2025-10-13 18:27:00,2025-10-19 15:03:00,0.0,398.0,140.6,1772.0,0,1,Not Cancelled,Normal,0,0,0,1,1,0,Not Cancelled
2510130W06CW6A,Selesai,2025-10-13 12:05:00,2025-10-13,2025-10-13 12:05:00,2025-10-14 23:59:00,2025-10-13 18:27:00,2025-10-15 10:48:00,0.0,382.0,40.35,1772.0,0,1,Not Cancelled,Normal,0,0,0,1,1,0,Not Cancelled
2510130W9FX0VH,Batal,2025-10-13 12:10:00,2025-10-13,,,,,,,,,1,0,Pre-Fulfillment,Not Processed,0,0,0,1,1,0,Change Order
2510130WAVS5D9,Batal,2025-10-13 12:11:00,2025-10-13,,,,,,,,,1,0,Pre-Fulfillment,Not Processed,0,0,0,1,1,0,Change Order
2510130WD1FRQE,Batal,2025-10-13 12:12:00,2025-10-13,,,,,,,,,1,0,Pre-Fulfillment,Not Processed,0,0,0,1,1,0,Unpaid Order
2510130WFJG2J1,Selesai,2025-10-13 12:14:00,2025-10-13,2025-10-13 12:14:00,2025-10-14 23:59:00,2025-10-13 18:21:00,2025-11-10 12:28:00,0.0,367.0,666.1166666666667,1778.0,0,1,Not Cancelled,Normal,0,1,1,1,1,0,Not Cancelled
2510130X94T6MA,Selesai,2025-10-13 12:28:00,2025-10-13,2025-10-13 12:28:00,2025-10-14 23:59:00,2025-10-13 18:27:00,2025-10-23 16:43:00,0.0,359.0,238.26666666666668,1772.0,0,1,Not Cancelled,Normal,0,0,0,1,1,0,Not Cancelled
2510130XB6JDEU,Selesai,2025-10-13 12:29:00,2025-10-13,2025-10-13 12:30:00,2025-10-14 23:59:00,2025-10-13 18:27:00,2025-10-26 16:24:00,1.0,358.0,309.95,1772.0,0,1,Not Cancelled,Normal,0,0,0,1,1,0,Not Cancelled
2510130XVCU3MJ,Selesai,2025-10-13 12:39:00,2025-10-13,2025-10-13 12:39:00,2025-10-14 23:59:00,2025-10-13 15:16:00,2025-10-20 19:18:00,0.0,157.0,172.03333333333333,1963.0,0,1,Not Cancelled,Normal,0,0,0,2,2,0,Not Cancelled
2510130Y9AQKKQ,Selesai,2025-10-13 12:46:00,2025-10-13,2025-10-13 12:47:00,2025-10-14 23:59:00,2025-10-13 18:27:00,2025-10-22 19:27:00,1.0,341.0,217.0,1772.0,0,1,Not Cancelled,Normal,0,0,0,1,1,0,Not Cancelled
2510131036GFFD,Selesai,2025-10-13 13:01:00,2025-10-13,2025-10-13 13:01:00,2025-10-14 23:59:00,2025-10-13 15:16:00,2025-10-21 16:08:00,0.0,135.0,192.86666666666667,1963.0,0,1,Not Cancelled,Normal,0,0,0,1,1,0,Not Cancelled
25101310EGXMVU,Selesai,2025-10-13 13:07:00,2025-10-13,2025-10-13 13:07:00,2025-10-14 23:59:00,2025-10-13 18:27:00,2025-10-22 18:41:00,0.0,320.0,216.23333333333332,1772.0,0,1,Not Cancelled,Normal,0,0,0,1,1,0,Not Cancelled
25101310FM7V2R,Selesai,2025-10-13 13:08:00,2025-10-13,2025-10-13 13:08:00,2025-10-14 23:59:00,2025-10-13 18:27:00,2025-10-25 18:48:00,0.0,319.0,288.35,1772.0,0,1,Not Cancelled,Normal,0,0,0,1,1,0,Not Cancelled
25101310VTQD9S,Batal,2025-10-13 13:15:00,2025-10-13,2025-10-13 13:16:00,2025-10-14 23:59:00,,,1.0,,,,1,0,Pre-Fulfillment,Not Processed,0,0,0,1,1,0,Change Order
251013112V9FU7,Selesai,2025-10-13 13:18:00,2025-10-13,2025-10-13 20:06:00,2025-10-14 23:59:00,2025-10-14 18:42:00,2025-10-22 12:05:00,408.0,1764.0,185.38333333333333,317.0,0,1,Not Cancelled,Normal,0,0,0,1,1,0,Not Cancelled
25101312EP5D0K,Selesai,2025-10-13 13:43:00,2025-10-13,2025-10-13 13:43:00,2025-10-14 23:59:00,2025-10-14 13:31:00,2025-10-19 09:43:00,0.0,1428.0,116.2,628.0,0,1,Not Cancelled,Normal,0,0,0,2,1,0,Not Cancelled
25101312HC1A3X,Selesai,2025-10-13 13:44:00,2025-10-13,2025-10-13 13:44:00,2025-10-14 23:59:00,2025-10-14 18:42:00,2025-10-25 15:55:00,0.0,1738.0,261.21666666666664,317.0,0,1,Not Cancelled,Normal,0,0,0,1,1,0,Not Cancelled
25101312RHVJ6P,Selesai,2025-10-13 13:48:00,2025-10-13,2025-10-13 13:49:00,2025-10-14 23:59:00,2025-10-14 13:32:00,2025-10-16 10:24:00,1.0,1424.0,44.86666666666667,627.0,0,1,Not Cancelled,Normal,0,0,0,1,1,0,Not Cancelled
2510131313GPTN,Selesai,2025-10-13 13:53:00,2025-10-13,2025-10-13 13:53:00,2025-10-14 23:59:00,2025-10-14 18:40:00,2025-10-24 13:39:00,0.0,1727.0,234.98333333333332,319.0,0,1,Not Cancelled,Normal,0,0,0,1,1,0,Not Cancelled
2510131353AU4P,Selesai,2025-10-13 13:55:00,2025-10-13,2025-10-13 13:57:00,2025-10-14 23:59:00,2025-10-14 13:30:00,2025-10-29 14:52:00,2.0,1415.0,361.3666666666667,629.0,0,1,Not Cancelled,Normal,0,0,0,1,1,0,Not Cancelled
251013135SA2FH,Selesai,2025-10-13 13:56:00,2025-10-13,2025-10-13 13:56:00,2025-10-14 23:59:00,2025-10-13 13:56:00,2025-10-18 21:34:00,0.0,0.0,127.63333333333334,2043.0,0,1,Not Cancelled,Normal,0,0,0,1,1,0,Not Cancelled
25101313DAJ6UC,Batal,2025-10-13 14:00:00,2025-10-13,2025-10-13 14:00:00,2025-10-14 23:59:00,,,0.0,,,,1,0,Pre-Fulfillment,Not Processed,0,0,0,1,1,0,Other
25101313VQN5J7,Batal,2025-10-13 14:09:00,2025-10-13,,,,,,,,,1,0,Pre-Fulfillment,Not Processed,0,0,0,1,1,0,Payment Difficulty
251013149PE20E,Selesai,2025-10-13 14:16:00,2025-10-13,2025-10-13 14:16:00,2025-10-14 23:59:00,2025-10-14 18:41:00,2025-10-24 21:22:00,0.0,1705.0,242.68333333333334,318.0,0,1,Not Cancelled,Normal,0,0,0,1,1,0,Not Cancelled
25101314AWHQR8,Selesai,2025-10-13 14:17:00,2025-10-13,2025-10-13 14:17:00,2025-10-14 23:59:00,2025-10-14 15:07:00,2025-10-17 17:43:00,0.0,1490.0,74.6,532.0,0,1,Not Cancelled,Normal,0,0,0,1,1,0,Not Cancelled
25101314VWK329,Selesai,2025-10-13 14:27:00,2025-10-13,2025-10-13 14:27:00,2025-10-14 23:59:00,2025-10-14 18:41:00,2025-10-25 18:40:00,0.0,1694.0,263.98333333333335,318.0,0,1,Not Cancelled,Normal,0,0,0,1,1,0,Not Cancelled
251013155SRX51,Selesai,2025-10-13 14:32:00,2025-10-13,2025-10-13 14:32:00,2025-10-14 23:59:00,2025-10-14 13:31:00,2025-10-23 01:08:00,0.0,1379.0,203.61666666666667,628.0,0,1,Not Cancelled,Normal,0,0,0,2,1,0,Not Cancelled
25101315J9D1CM,Batal,2025-10-13 14:39:00,2025-10-13,,,,,,,,,1,0,Pre-Fulfillment,Not Processed,0,0,0,1,1,0,Unpaid Order
25101315TT3P86,Batal,2025-10-13 14:43:00,2025-10-13,2025-10-13 14:43:00,2025-10-14 23:59:00,,,0.0,,,,1,0,Pre-Fulfillment,Not Processed,0,0,0,1,1,0,Change Order
251013166JT6UM,Selesai,2025-10-13 14:50:00,2025-10-13,2025-10-13 15:03:00,2025-10-14 23:59:00,2025-10-14 13:29:00,2025-10-23 16:27:00,13.0,1359.0,218.96666666666667,630.0,0,1,Not Cancelled,Normal,0,0,0,1,1,0,Not Cancelled
25101316N2ADKH,Selesai,2025-10-13 14:58:00,2025-10-13,2025-10-13 14:58:00,2025-10-14 23:59:00,2025-10-14 18:40:00,2025-10-28 14:45:00,0.0,1662.0,332.0833333333333,319.0,0,1,Not Cancelled,Normal,0,0,0,1,1,0,Not Cancelled
25101316QP6B17,Selesai,2025-10-13 14:59:00,2025-10-13,2025-10-13 15:00:00,2025-10-14 23:59:00,2025-10-14 18:42:00,2025-10-20 11:04:00,1.0,1663.0,136.36666666666667,317.0,0,1,Not Cancelled,Normal,0,0,0,1,1,0,Not Cancelled
25101316UH7VGK,Selesai,2025-10-13 15:02:00,2025-10-13,2025-10-13 15:02:00,2025-10-14 23:59:00,2025-10-14 18:42:00,2025-10-25 17:49:00,0.0,1660.0,263.1166666666667,317.0,0,1,Not Cancelled,Normal,0,0,0,1,1,0,Not Cancelled
251013172Q1H2D,Selesai,2025-10-13 15:06:00,2025-10-13,2025-10-13 15:06:00,2025-10-14 23:59:00,2025-10-14 13:35:00,2025-10-24 10:40:00,0.0,1349.0,237.08333333333334,624.0,0,1,Not Cancelled,Normal,0,0,0,3,1,0,Not Cancelled
25101317DCG84V,Selesai,2025-10-13 15:12:00,2025-10-13,2025-10-13 15:12:00,2025-10-14 23:59:00,2025-10-14 13:32:00,2025-10-22 17:38:00,0.0,1340.0,196.1,627.0,0,1,Not Cancelled,Normal,0,0,0,1,1,0,Not Cancelled
2510131872K0PJ,Batal,2025-10-13 15:26:00,2025-10-13,2025-10-13 15:26:00,2025-10-14 23:59:00,,,0.0,,,,1,0,Pre-Fulfillment,Not Processed,0,0,0,1,1,0,Seller Responsiveness
25101318C9FVYY,Selesai,2025-10-13 15:29:00,2025-10-13,2025-10-13 15:29:00,2025-10-14 23:59:00,2025-10-13 15:29:00,2025-10-22 13:23:00,0.0,0.0,213.9,1950.0,0,1,Not Cancelled,Normal,0,0,0,1,1,0,Not Cancelled
25101318CXE3Y6,Selesai,2025-10-13 15:29:00,2025-10-13,2025-10-13 15:29:00,2025-10-14 23:59:00,2025-10-14 13:33:00,2025-10-30 17:43:00,0.0,1324.0,388.1666666666667,626.0,0,1,Not Cancelled,Normal,0,0,0,1,1,0,Not Cancelled
25101318F5YQTY,Selesai,2025-10-13 15:31:00,2025-10-13,2025-10-13 15:31:00,2025-10-14 23:59:00,2025-10-14 13:34:00,2025-10-20 12:32:00,0.0,1323.0,142.96666666666667,625.0,0,1,Not Cancelled,Normal,0,0,0,1,1,0,Not Cancelled
25101318GJTHU0,Selesai,2025-10-13 15:31:00,2025-10-13,2025-10-13 15:31:00,2025-10-14 23:59:00,2025-10-14 13:32:00,2025-10-24 15:04:00,0.0,1321.0,241.53333333333333,627.0,0,1,Not Cancelled,Normal,0,0,0,1,1,0,Not Cancelled
25101319HBSCUN,Selesai,2025-10-13 15:50:00,2025-10-13,2025-10-13 15:50:00,2025-10-14 23:59:00,2025-10-14 13:33:00,2025-10-19 18:04:00,0.0,1303.0,124.51666666666667,626.0,0,1,Not Cancelled,Normal,0,0,0,1,1,0,Not Cancelled
2510131AHSE4AV,Selesai,2025-10-13 16:08:00,2025-10-13,2025-10-13 16:08:00,2025-10-14 23:59:00,2025-10-14 13:32:00,2025-10-27 19:35:00,0.0,1284.0,318.05,627.0,0,1,Not Cancelled,Normal,0,0,0,1,1,0,Not Cancelled
2510131AR6G18V,Selesai,2025-10-13 16:11:00,2025-10-13,2025-10-13 16:12:00,2025-10-14 23:59:00,2025-10-14 18:40:00,2025-10-25 13:57:00,1.0,1589.0,259.28333333333336,319.0,0,1,Not Cancelled,Normal,0,0,0,1,1,0,Not Cancelled
2510131BHAC97V,Selesai,2025-10-13 16:25:00,2025-10-13,2025-10-13 16:26:00,2025-10-14 23:59:00,2025-10-13 16:26:00,2025-10-21 14:09:00,1.0,1.0,189.71666666666667,1893.0,0,1,Not Cancelled,Normal,0,0,0,1,1,0,Not Cancelled
2510131C4XW3E1,Selesai,2025-10-13 16:36:00,2025-10-13,2025-10-13 16:36:00,2025-10-14 23:59:00,2025-10-14 18:40:00,2025-10-27 11:55:00,0.0,1564.0,305.25,319.0,0,1,Not Cancelled,Normal,0,0,0,1,1,0,Not Cancelled
2510131C9MK921,Selesai,2025-10-13 16:39:00,2025-10-13,2025-10-13 16:39:00,2025-10-14 23:59:00,2025-10-14 13:32:00,2025-10-19 14:30:00,0.0,1253.0,120.96666666666667,627.0,0,1,Not Cancelled,Normal,0,0,0,1,1,0,Not Cancelled
2510131CDDR2YD,Selesai,2025-10-13 16:41:00,2025-10-13,2025-10-13 16:42:00,2025-10-14 23:59:00,2025-10-14 13:32:00,2025-10-30 17:16:00,1.0,1251.0,387.73333333333335,627.0,0,1,Not Cancelled,Normal,0,0,0,1,1,0,Not Cancelled
2510131CTCHUDN,Selesai,2025-10-13 16:48:00,2025-10-13,2025-10-13 16:49:00,2025-10-14 23:59:00,2025-10-14 18:40:00,2025-10-15 21:42:00,1.0,1552.0,27.033333333333335,319.0,0,1,Not Cancelled,Normal,0,0,0,1,1,0,Not Cancelled
2510131D9PRRGX,Selesai,2025-10-13 16:57:00,2025-10-13,2025-10-13 16:57:00,2025-10-14 23:59:00,2025-10-14 18:40:00,2025-10-26 16:27:00,0.0,1543.0,285.78333333333336,319.0,0,1,Not Cancelled,Normal,0,0,0,1,1,0,Not Cancelled
2510131DD5E88U,Selesai,2025-10-13 16:59:00,2025-10-13,2025-10-13 16:59:00,2025-10-14 23:59:00,2025-10-14 13:34:00,2025-10-24 19:46:00,0.0,1235.0,246.2,625.0,0,1,Not Cancelled,Normal,0,0,0,1,1,0,Not Cancelled
2510131DYSDV12,Selesai,2025-10-13 17:09:00,2025-10-13,2025-10-13 17:09:00,2025-10-14 23:59:00,2025-10-14 13:32:00,2025-10-22 05:34:00,0.0,1223.0,184.03333333333333,627.0,0,1,Not Cancelled,Normal,0,0,0,1,1,0,Not Cancelled
2510131FRVP7DP,Batal,2025-10-13 17:41:00,2025-10-13,2025-10-13 17:41:00,2025-10-14 23:59:00,,,0.0,,,,1,0,Pre-Fulfillment,Not Processed,0,0,0,1,1,0,Change Order
2510131FYHB1UR,Selesai,2025-10-13 17:45:00,2025-10-13,2025-10-13 17:47:00,2025-10-14 23:59:00,2025-10-14 18:40:00,2025-10-25 19:58:00,2.0,1495.0,265.3,319.0,0,1,Not Cancelled,Normal,0,0,0,3,3,0,Not Cancelled
2510131G6BQFW2,Selesai,2025-10-13 17:49:00,2025-10-13,2025-10-13 17:50:00,2025-10-14 23:59:00,2025-10-14 13:35:00,2025-10-22 16:06:00,1.0,1186.0,194.51666666666668,624.0,0,1,Not Cancelled,Normal,0,0,0,1,1,0,Not Cancelled
2510131G814F1V,Selesai,2025-10-13 17:50:00,2025-10-13,2025-10-13 17:50:00,2025-10-14 23:59:00,2025-10-14 13:32:00,2025-10-19 12:44:00,0.0,1182.0,119.2,627.0,0,1,Not Cancelled,Normal,0,0,0,1,1,0,Not Cancelled
2510131GBNEVP2,Selesai,2025-10-13 17:52:00,2025-10-13,2025-10-13 17:59:00,2025-10-14 23:59:00,2025-10-14 13:30:00,2025-10-23 19:59:00,7.0,1178.0,222.48333333333332,629.0,0,1,Not Cancelled,Normal,0,0,0,1,1,0,Not Cancelled
2510131GR7Y3N2,Selesai,2025-10-13 17:59:00,2025-10-13,2025-10-13 17:59:00,2025-10-14 23:59:00,2025-10-14 13:32:00,2025-10-29 18:51:00,0.0,1173.0,365.31666666666666,627.0,0,1,Not Cancelled,Normal,0,0,0,1,1,0,Not Cancelled
2510131H2GXDCH,Selesai,2025-10-13 18:04:00,2025-10-13,2025-10-13 18:05:00,2025-10-14 23:59:00,2025-10-13 18:05:00,2025-10-15 08:18:00,1.0,1.0,38.21666666666667,1794.0,0,1,Not Cancelled,Normal,0,0,0,1,1,0,Not Cancelled
2510131HCWR714,Selesai,2025-10-13 18:10:00,2025-10-13,2025-10-13 18:10:00,2025-10-14 23:59:00,2025-10-14 13:32:00,2025-10-22 11:38:00,0.0,1162.0,190.1,627.0,0,1,Not Cancelled,Normal,0,0,0,1,1,0,Not Cancelled
2510131HFT9JA5,Selesai,2025-10-13 18:12:00,2025-10-13,2025-10-13 18:12:00,2025-10-14 23:59:00,2025-10-14 13:33:00,2025-10-19 18:04:00,0.0,1161.0,124.51666666666667,626.0,0,1,Not Cancelled,Normal,0,0,0,1,1,0,Not Cancelled
2510131HPMPTK5,Selesai,2025-10-13 18:16:00,2025-10-13,2025-10-13 18:18:00,2025-10-14 23:59:00,2025-10-14 18:40:00,2025-10-23 22:58:00,2.0,1464.0,220.3,319.0,0,1,Not Cancelled,Normal,0,0,0,1,1,0,Not Cancelled
2510131JFJW2VM,Selesai,2025-10-13 18:30:00,2025-10-13,2025-10-13 18:30:00,2025-10-14 23:59:00,2025-10-14 13:34:00,2025-10-19 11:04:00,0.0,1144.0,117.5,625.0,0,1,Not Cancelled,Normal,0,0,0,1,1,0,Not Cancelled
2510131K1HYXAF,Batal,2025-10-13 18:40:00,2025-10-13,2025-10-13 18:40:00,2025-10-14 23:59:00,,,0.0,,,,1,0,Pre-Fulfillment,Not Processed,0,0,0,1,1,0,Change Order
2510131KA6GDE8,Batal,2025-10-13 18:45:00,2025-10-13,,,,,,,,,1,0,Pre-Fulfillment,Not Processed,0,0,0,1,1,0,Unpaid Order
2510131KQ873GG,Selesai,2025-10-13 18:52:00,2025-10-13,2025-10-13 18:52:00,2025-10-14 23:59:00,2025-10-14 18:41:00,2025-10-23 17:37:00,0.0,1429.0,214.93333333333334,318.0,0,1,Not Cancelled,Normal,0,0,0,1,1,0,Not Cancelled
2510131M0JSABW,Batal,2025-10-13 18:57:00,2025-10-13,,,,,,,,,1,0,Pre-Fulfillment,Not Processed,0,0,0,1,1,0,Unpaid Order
2510131M3RS6RF,Selesai,2025-10-13 18:59:00,2025-10-13,2025-10-13 18:59:00,2025-10-14 23:59:00,2025-10-14 18:43:00,2025-10-25 20:38:00,0.0,1424.0,265.9166666666667,316.0,0,1,Not Cancelled,Normal,0,0,0,1,1,0,Not Cancelled
2510131MRR7PTJ,Selesai,2025-10-13 19:11:00,2025-10-13,2025-10-13 19:11:00,2025-10-14 23:59:00,2025-10-14 13:35:00,2025-10-28 18:23:00,0.0,1104.0,340.8,624.0,0,1,Not Cancelled,Normal,0,0,0,2,1,0,Not Cancelled
2510131N1S5B46,Selesai,2025-10-13 19:16:00,2025-10-13,2025-10-13 19:16:00,2025-10-14 23:59:00,2025-10-14 13:31:00,2025-10-22 09:25:00,0.0,1095.0,187.9,628.0,0,1,Not Cancelled,Normal,0,0,0,2,1,0,Not Cancelled
2510131NGXJNNS,Selesai,2025-10-13 19:24:00,2025-10-13,2025-10-13 19:25:00,2025-10-14 23:59:00,2025-10-13 19:25:00,2025-10-22 16:19:00,1.0,1.0,212.9,1714.0,0,1,Not Cancelled,Normal,0,0,0,1,1,0,Not Cancelled
2510131P014X6A,Selesai,2025-10-13 19:33:00,2025-10-13,2025-10-13 19:33:00,2025-10-14 23:59:00,2025-10-14 18:40:00,2025-10-20 05:22:00,0.0,1387.0,130.7,319.0,0,1,Not Cancelled,Normal,0,0,0,1,1,0,Not Cancelled
2510131PTPMXE8,Selesai,2025-10-13 19:47:00,2025-10-13,2025-10-13 19:48:00,2025-10-14 23:59:00,2025-10-14 18:40:00,2025-10-22 16:11:00,1.0,1373.0,189.51666666666668,319.0,0,1,Not Cancelled,Normal,0,0,0,1,1,0,Not Cancelled
2510131Q9A0KP8,Batal,2025-10-13 19:56:00,2025-10-13,2025-10-13 19:56:00,2025-10-14 23:59:00,2025-10-14 13:35:00,,0.0,1059.0,,624.0,1,1,Post-Fulfillment Initiation,Normal,0,0,0,1,1,0,Delivery Failed
2510131R1BHJ1H,Selesai,2025-10-13 20:09:00,2025-10-13,2025-10-13 20:09:00,2025-10-14 23:59:00,2025-10-14 13:35:00,2025-10-18 22:49:00,0.0,1046.0,105.23333333333333,624.0,0,1,Not Cancelled,Normal,0,0,0,1,1,0,Not Cancelled
2510131R1N2TSU,Batal,2025-10-13 20:09:00,2025-10-13,2025-10-13 20:09:00,2025-10-14 23:59:00,2025-10-14 18:41:00,,0.0,1352.0,,318.0,1,1,Post-Fulfillment Initiation,Normal,0,0,0,1,1,0,Delivery Failed
2510131RX10QSA,Selesai,2025-10-13 20:25:00,2025-10-13,2025-10-13 20:31:00,2025-10-14 23:59:00,2025-10-14 15:07:00,2025-10-16 17:11:00,6.0,1122.0,50.06666666666667,532.0,0,1,Not Cancelled,Normal,0,0,0,1,1,0,Not Cancelled
2510131S3VUDR6,Selesai,2025-10-13 20:28:00,2025-10-13,2025-10-13 20:29:00,2025-10-14 23:59:00,2025-10-14 13:31:00,2025-10-21 00:18:00,1.0,1023.0,154.78333333333333,628.0,0,1,Not Cancelled,Normal,0,0,0,1,1,0,Not Cancelled
2510131T3EU0BD,Batal,2025-10-13 20:46:00,2025-10-13,2025-10-13 20:46:00,2025-10-14 23:59:00,,,0.0,,,,1,0,Pre-Fulfillment,Not Processed,0,0,0,1,1,0,Change Address
2510131U9DS0T9,Selesai,2025-10-13 21:07:00,2025-10-13,2025-10-13 21:08:00,2025-10-14 23:59:00,2025-10-14 18:41:00,2025-10-22 06:31:00,1.0,1294.0,179.83333333333334,318.0,0,1,Not Cancelled,Normal,0,0,0,1,1,0,Not Cancelled
2510131V04H7CT,Selesai,2025-10-13 21:20:00,2025-10-13,2025-10-13 21:20:00,2025-10-14 23:59:00,2025-10-14 18:42:00,2025-10-23 19:53:00,0.0,1282.0,217.18333333333334,317.0,0,1,Not Cancelled,Normal,0,0,0,1,1,0,Not Cancelled
2510131WMUH47Y,Selesai,2025-10-13 21:49:00,2025-10-13,2025-10-13 21:50:00,2025-10-14 23:59:00,2025-10-14 18:41:00,2025-10-19 06:57:00,1.0,1252.0,108.26666666666667,318.0,0,1,Not Cancelled,Normal,0,0,0,1,1,0,Not Cancelled
2510131WQ7TQWH,Selesai,2025-10-13 21:51:00,2025-10-13,2025-10-13 21:51:00,2025-10-14 23:59:00,2025-10-14 13:31:00,2025-10-15 19:38:00,0.0,940.0,30.116666666666667,628.0,0,1,Not Cancelled,Normal,0,0,0,1,1,0,Not Cancelled
2510131WTRBDHA,Selesai,2025-10-13 21:53:00,2025-10-13,2025-10-13 21:54:00,2025-10-14 23:59:00,2025-10-14 13:36:00,2025-10-15 22:18:00,1.0,943.0,32.7,623.0,0,1,Not Cancelled,Normal,0,0,0,1,1,0,Not Cancelled
2510131WX279JK,Batal,2025-10-13 21:55:00,2025-10-13,,,,,,,,,1,0,Pre-Fulfillment,Not Processed,0,0,0,1,1,0,Unpaid Order
2510131X6VGF4M,Selesai,2025-10-13 22:00:00,2025-10-13,2025-10-13 22:00:00,2025-10-14 23:59:00,2025-10-14 13:35:00,2025-10-16 15:07:00,0.0,935.0,49.53333333333333,624.0,0,1,Not Cancelled,Normal,0,0,0,1,1,0,Not Cancelled
2510131XP02RP9,Selesai,2025-10-13 22:08:00,2025-10-13,2025-10-13 22:08:00,2025-10-14 23:59:00,2025-10-14 13:33:00,2025-10-23 09:12:00,0.0,925.0,211.65,626.0,0,1,Not Cancelled,Normal,0,0,0,1,1,0,Not Cancelled
25101320D3DK0Y,Selesai,2025-10-13 22:39:00,2025-10-13,2025-10-13 22:39:00,2025-10-14 23:59:00,2025-10-14 15:07:00,2025-10-22 17:41:00,0.0,988.0,194.56666666666666,532.0,0,1,Not Cancelled,Normal,0,0,0,1,1,0,Not Cancelled
25101320H703YS,Selesai,2025-10-13 22:41:00,2025-10-13,2025-10-13 22:42:00,2025-10-14 23:59:00,2025-10-14 18:41:00,2025-10-24 16:41:00,1.0,1200.0,238.0,318.0,0,1,Not Cancelled,Normal,0,0,0,1,1,0,Not Cancelled
251013211U61T3,Selesai,2025-10-13 22:50:00,2025-10-13,2025-10-13 22:51:00,2025-10-14 23:59:00,2025-10-14 13:35:00,2025-10-17 22:47:00,1.0,885.0,81.2,624.0,0,1,Not Cancelled,Normal,0,0,0,1,1,0,Not Cancelled
2510132184CNBY,Selesai,2025-10-13 22:54:00,2025-10-13,2025-10-13 22:54:00,2025-10-14 23:59:00,2025-10-14 18:41:00,2025-10-20 14:30:00,0.0,1187.0,139.81666666666666,318.0,0,1,Not Cancelled,Normal,0,0,0,1,1,0,Not Cancelled
251013VNQRYP5W,Selesai,2025-10-12 23:23:00,2025-10-12,2025-10-12 23:23:00,2025-10-14 23:59:00,2025-10-13 13:08:00,2025-10-25 14:38:00,0.0,825.0,289.5,2091.0,0,1,Not Cancelled,Normal,0,0,0,1,1,0,Not Cancelled
251013VXBSX6Q2,Selesai,2025-10-13 01:58:00,2025-10-13,2025-10-13 01:58:00,2025-10-14 23:59:00,2025-10-13 18:22:00,2025-10-22 16:42:00,0.0,984.0,214.33333333333334,1777.0,0,1,Not Cancelled,Normal,0,0,0,1,1,0,Not Cancelled
2510142C5M59JE,Selesai,2025-10-14 02:09:00,2025-10-14,2025-10-14 02:10:00,2025-10-14 23:59:00,2025-10-14 13:32:00,2025-10-17 08:36:00,1.0,683.0,67.06666666666666,627.0,0,1,Not Cancelled,Normal,0,0,0,1,1,0,Not Cancelled
2510142D4XDSDF,Selesai,2025-10-14 02:27:00,2025-10-14,2025-10-14 02:27:00,2025-10-14 23:59:00,2025-10-14 18:42:00,2025-10-17 14:04:00,0.0,975.0,67.36666666666666,317.0,0,1,Not Cancelled,Normal,0,0,0,1,1,0,Not Cancelled
2510142NS0BQ1H,Selesai,2025-10-14 05:01:00,2025-10-14,2025-10-14 05:01:00,2025-10-14 23:59:00,2025-10-14 13:35:00,2025-10-21 05:50:00,0.0,514.0,160.25,624.0,0,1,Not Cancelled,Normal,0,0,0,1,1,0,Not Cancelled
2510142PQ5FDCX,Selesai,2025-10-14 05:18:00,2025-10-14,2025-10-14 05:19:00,2025-10-14 23:59:00,2025-10-14 13:30:00,2025-10-18 06:15:00,1.0,492.0,88.75,629.0,0,1,Not Cancelled,Normal,0,0,0,1,1,0,Not Cancelled
2510142QU1PEDA,Selesai,2025-10-14 05:38:00,2025-10-14,2025-10-14 05:38:00,2025-10-14 23:59:00,2025-10-14 13:31:00,2025-10-20 16:26:00,0.0,473.0,146.91666666666666,628.0,0,1,Not Cancelled,Normal,0,0,0,1,1,0,Not Cancelled
2510142QWUAP2T,Selesai,2025-10-14 05:40:00,2025-10-14,2025-10-14 05:40:00,2025-10-14 23:59:00,2025-10-14 13:33:00,2025-10-24 14:24:00,0.0,473.0,240.85,626.0,0,1,Not Cancelled,Normal,0,0,0,1,1,0,Not Cancelled
2510142RSG9PGK,Selesai,2025-10-14 05:55:00,2025-10-14,2025-10-14 05:58:00,2025-10-14 23:59:00,2025-10-14 13:33:00,2025-10-17 13:22:00,3.0,458.0,71.81666666666666,626.0,0,1,Not Cancelled,Normal,0,0,0,1,1,0,Not Cancelled
2510142RYY8BMX,Selesai,2025-10-14 05:59:00,2025-10-14,2025-10-14 05:59:00,2025-10-14 23:59:00,2025-10-14 13:31:00,2025-10-17 14:05:00,0.0,452.0,72.56666666666666,628.0,0,1,Not Cancelled,Normal,0,0,0,1,1,0,Not Cancelled
2510142WXJPBY7,Selesai,2025-10-14 07:28:00,2025-10-14,2025-10-14 07:28:00,2025-10-14 23:59:00,2025-10-14 13:35:00,2025-10-18 12:41:00,0.0,367.0,95.1,624.0,0,1,Not Cancelled,Normal,0,0,0,1,1,0,Not Cancelled
2510142X2BT6HG,Selesai,2025-10-14 07:30:00,2025-10-14,2025-10-14 07:30:00,2025-10-14 23:59:00,2025-10-14 13:33:00,2025-10-27 16:58:00,0.0,363.0,315.4166666666667,626.0,0,1,Not Cancelled,Normal,0,0,0,1,1,0,Not Cancelled
2510142Y3WPGB0,Selesai,2025-10-14 07:48:00,2025-10-14,2025-10-14 07:51:00,2025-10-14 23:59:00,2025-10-14 13:33:00,2025-10-25 19:10:00,3.0,345.0,269.6166666666667,626.0,0,1,Not Cancelled,Normal,0,0,0,1,1,0,Not Cancelled
2510142YSNTA3U,Selesai,2025-10-14 08:01:00,2025-10-14,2025-10-14 08:01:00,2025-10-14 23:59:00,2025-10-14 13:32:00,2025-10-19 07:17:00,0.0,331.0,113.75,627.0,0,1,Not Cancelled,Normal,0,0,0,1,1,0,Not Cancelled
251014308TBGB9,Selesai,2025-10-14 08:09:00,2025-10-14,2025-10-14 08:09:00,2025-10-14 23:59:00,2025-10-14 13:37:00,2025-10-19 14:04:00,0.0,328.0,120.45,622.0,0,1,Not Cancelled,Normal,0,0,0,1,1,0,Not Cancelled
25101430N81G9N,Selesai,2025-10-14 08:16:00,2025-10-14,2025-10-14 08:16:00,2025-10-14 23:59:00,2025-10-14 13:36:00,2025-10-25 20:38:00,0.0,320.0,271.03333333333336,623.0,0,1,Not Cancelled,Normal,0,0,0,1,1,0,Not Cancelled
251014314FB2BD,Selesai,2025-10-14 08:25:00,2025-10-14,2025-10-14 08:25:00,2025-10-14 23:59:00,2025-10-14 13:33:00,2025-10-24 13:58:00,0.0,308.0,240.41666666666666,626.0,0,1,Not Cancelled,Normal,0,0,0,1,1,0,Not Cancelled
251014333300X7,Selesai,2025-10-14 09:00:00,2025-10-14,2025-10-14 16:28:00,2025-10-15 23:59:00,2025-10-15 18:06:00,2025-10-26 18:25:00,448.0,1986.0,264.31666666666666,353.0,0,1,Not Cancelled,Attention,0,0,0,1,1,0,Not Cancelled
251014335TPXD3,Selesai,2025-10-14 09:01:00,2025-10-14,2025-10-14 09:04:00,2025-10-14 23:59:00,2025-10-14 09:04:00,2025-10-22 19:21:00,3.0,3.0,202.28333333333333,895.0,0,1,Not Cancelled,Normal,0,0,0,1,1,0,Not Cancelled
251014339ABN5F,Selesai,2025-10-14 09:03:00,2025-10-14,2025-10-14 09:03:00,2025-10-14 23:59:00,2025-10-14 13:31:00,2025-10-17 19:00:00,0.0,268.0,77.48333333333333,628.0,0,1,Not Cancelled,Normal,0,0,0,2,1,0,Not Cancelled
25101434UGAM4F,Selesai,2025-10-14 09:31:00,2025-10-14,2025-10-14 09:31:00,2025-10-14 23:59:00,2025-10-14 13:30:00,2025-10-29 00:40:00,0.0,239.0,347.1666666666667,629.0,0,1,Not Cancelled,Normal,0,1,1,1,1,0,Not Cancelled
25101436BFPQGE,Selesai,2025-10-14 09:58:00,2025-10-14,2025-10-14 09:58:00,2025-10-14 23:59:00,2025-10-14 18:41:00,2025-10-23 19:16:00,0.0,523.0,216.58333333333334,318.0,0,1,Not Cancelled,Normal,0,0,0,1,1,0,Not Cancelled
251014371MAF7T,Selesai,2025-10-14 10:10:00,2025-10-14,2025-10-14 10:11:00,2025-10-14 23:59:00,2025-10-14 13:30:00,2025-10-18 09:24:00,1.0,200.0,91.9,629.0,0,1,Not Cancelled,Normal,0,0,0,1,1,0,Not Cancelled
25101439B8SWAH,Selesai,2025-10-14 10:52:00,2025-10-14,2025-10-14 10:52:00,2025-10-14 23:59:00,2025-10-14 10:52:00,2025-10-18 17:52:00,0.0,0.0,103.0,787.0,0,1,Not Cancelled,Normal,0,0,0,1,1,0,Not Cancelled
25101439GX0UVN,Selesai,2025-10-14 10:55:00,2025-10-14,2025-10-14 10:55:00,2025-10-14 23:59:00,2025-10-14 15:07:00,2025-10-17 14:19:00,0.0,252.0,71.2,532.0,0,1,Not Cancelled,Normal,0,0,0,1,1,0,Not Cancelled
2510143BSPWYST,Selesai,2025-10-14 11:35:00,2025-10-14,2025-10-14 11:36:00,2025-10-14 23:59:00,2025-10-14 15:07:00,2025-10-20 18:47:00,1.0,212.0,147.66666666666666,532.0,0,1,Not Cancelled,Normal,0,0,0,1,1,0,Not Cancelled
2510143C44NN37,Selesai,2025-10-14 11:41:00,2025-10-14,2025-10-14 11:42:00,2025-10-14 23:59:00,2025-10-14 15:07:00,2025-10-17 15:54:00,1.0,206.0,72.78333333333333,532.0,0,1,Not Cancelled,Normal,0,0,0,1,1,0,Not Cancelled
2510143CVPG72W,Selesai,2025-10-14 11:55:00,2025-10-14,2025-10-14 11:58:00,2025-10-14 23:59:00,2025-10-14 18:41:00,2025-10-15 21:43:00,3.0,406.0,27.033333333333335,318.0,0,1,Not Cancelled,Normal,0,0,0,2,1,0,Not Cancelled
2510143DTK0QS8,Selesai,2025-10-14 12:12:00,2025-10-14,2025-10-14 12:12:00,2025-10-15 23:59:00,2025-10-14 13:30:00,2025-10-23 15:43:00,0.0,78.0,218.21666666666667,2069.0,0,1,Not Cancelled,Normal,0,0,0,1,1,0,Not Cancelled
2510143DVSN29K,Batal,2025-10-14 12:13:00,2025-10-14,,,,,,,,,1,0,Pre-Fulfillment,Not Processed,0,0,0,1,1,0,Unpaid Order
2510143EDJGB9Y,Selesai,2025-10-14 12:22:00,2025-10-14,2025-10-14 12:22:00,2025-10-15 23:59:00,2025-10-14 13:30:00,2025-10-20 11:02:00,0.0,68.0,141.53333333333333,2069.0,0,1,Not Cancelled,Normal,0,0,0,1,1,0,Not Cancelled
2510143EGKU3A4,Selesai,2025-10-14 12:24:00,2025-10-14,2025-10-14 12:24:00,2025-10-15 23:59:00,2025-10-14 13:30:00,2025-10-24 14:59:00,0.0,66.0,241.48333333333332,2069.0,0,1,Not Cancelled,Normal,0,0,0,2,2,0,Not Cancelled
2510143EYHKJGT,Selesai,2025-10-14 12:32:00,2025-10-14,2025-10-14 12:32:00,2025-10-15 23:59:00,2025-10-14 13:30:00,2025-10-30 20:16:00,0.0,58.0,390.76666666666665,2069.0,0,1,Not Cancelled,Normal,0,0,0,1,1,0,Not Cancelled
2510143F341MA7,Batal,2025-10-14 12:34:00,2025-10-14,,,,,,,,,1,0,Pre-Fulfillment,Not Processed,0,0,0,1,1,0,Unpaid Order
2510143FPRFVRG,Selesai,2025-10-14 12:45:00,2025-10-14,2025-10-14 12:46:00,2025-10-15 23:59:00,2025-10-14 13:30:00,2025-10-23 13:21:00,1.0,45.0,215.85,2069.0,0,1,Not Cancelled,Normal,0,0,0,1,1,0,Not Cancelled
2510143G4WGS7P,Batal,2025-10-14 12:53:00,2025-10-14,2025-10-14 12:53:00,2025-10-15 23:59:00,,,0.0,,,,1,0,Pre-Fulfillment,Not Processed,0,0,0,1,1,0,Change Order
2510143GY9HA4R,Selesai,2025-10-14 13:08:00,2025-10-14,2025-10-14 13:08:00,2025-10-15 23:59:00,2025-10-15 18:08:00,2025-10-29 00:35:00,0.0,1740.0,318.45,351.0,0,1,Not Cancelled,Normal,0,1,1,1,1,0,Not Cancelled
2510143H0809PE,Selesai,2025-10-14 13:09:00,2025-10-14,2025-10-14 13:10:00,2025-10-15 23:59:00,2025-10-15 15:51:00,2025-10-17 16:11:00,1.0,1602.0,48.333333333333336,488.0,0,1,Not Cancelled,Normal,0,0,0,1,1,0,Not Cancelled
2510143HAJ07NG,Batal,2025-10-14 13:14:00,2025-10-14,2025-10-14 13:14:00,2025-10-15 23:59:00,,,0.0,,,,1,0,Pre-Fulfillment,Not Processed,0,0,0,1,1,0,Other
2510143HE7A3JW,Selesai,2025-10-14 13:16:00,2025-10-14,2025-10-14 13:16:00,2025-10-15 23:59:00,2025-10-15 18:06:00,2025-10-17 20:30:00,0.0,1730.0,50.4,353.0,0,1,Not Cancelled,Normal,0,0,0,1,1,0,Not Cancelled
2510143HHXFAWH,Selesai,2025-10-14 13:18:00,2025-10-14,2025-10-14 13:19:00,2025-10-15 23:59:00,2025-10-14 13:19:00,2025-10-15 11:39:00,1.0,1.0,22.333333333333332,2080.0,0,1,Not Cancelled,Normal,0,0,0,1,1,0,Not Cancelled
2510143HNWBJJK,Selesai,2025-10-14 13:21:00,2025-10-14,2025-10-14 13:21:00,2025-10-15 23:59:00,2025-10-15 18:09:00,2025-10-25 19:13:00,0.0,1728.0,241.06666666666666,350.0,0,1,Not Cancelled,Normal,0,0,0,1,1,0,Not Cancelled
2510143HXSHD71,Selesai,2025-10-14 13:26:00,2025-10-14,2025-10-14 13:26:00,2025-10-15 23:59:00,2025-10-15 18:03:00,2025-10-17 13:37:00,0.0,1717.0,43.56666666666667,356.0,0,1,Not Cancelled,Normal,0,0,0,1,1,0,Not Cancelled
2510143J463VTR,Selesai,2025-10-14 13:29:00,2025-10-14,2025-10-14 13:29:00,2025-10-15 23:59:00,2025-10-15 18:05:00,2025-10-25 12:43:00,0.0,1716.0,234.63333333333333,354.0,0,1,Not Cancelled,Normal,0,0,0,1,1,0,Not Cancelled
2510143JVH984B,Selesai,2025-10-14 13:42:00,2025-10-14,2025-10-14 13:42:00,2025-10-15 23:59:00,2025-10-14 13:42:00,2025-10-22 12:20:00,0.0,0.0,190.63333333333333,2057.0,0,1,Not Cancelled,Normal,0,0,0,1,1,0,Not Cancelled
2510143K333EN6,Selesai,2025-10-14 13:46:00,2025-10-14,2025-10-14 18:16:00,2025-10-15 23:59:00,2025-10-15 18:06:00,2025-10-24 00:42:00,270.0,1700.0,198.6,353.0,0,1,Not Cancelled,Normal,0,0,0,3,1,0,Not Cancelled
2510143K41MYKW,Selesai,2025-10-14 13:46:00,2025-10-14,2025-10-14 13:46:00,2025-10-15 23:59:00,2025-10-15 18:08:00,2025-10-25 15:52:00,0.0,1702.0,237.73333333333332,351.0,0,1,Not Cancelled,Normal,0,0,0,1,1,0,Not Cancelled
2510143KYG0R4B,Selesai,2025-10-14 14:02:00,2025-10-14,2025-10-14 14:02:00,2025-10-15 23:59:00,2025-10-15 18:03:00,2025-10-21 07:48:00,0.0,1681.0,133.75,356.0,0,1,Not Cancelled,Normal,0,0,0,1,1,0,Not Cancelled
2510143M6MTG77,Batal,2025-10-14 14:06:00,2025-10-14,2025-10-14 14:06:00,2025-10-15 23:59:00,,,0.0,,,,1,0,Pre-Fulfillment,Not Processed,0,0,0,1,1,0,Other
2510143PK23KCM,Selesai,2025-10-14 14:49:00,2025-10-14,2025-10-14 14:49:00,2025-10-15 23:59:00,2025-10-15 18:08:00,2025-10-24 16:56:00,0.0,1639.0,214.8,351.0,0,1,Not Cancelled,Normal,0,0,0,1,1,0,Not Cancelled
2510143Q9H46DD,Selesai,2025-10-14 15:01:00,2025-10-14,2025-10-14 15:01:00,2025-10-15 23:59:00,2025-10-14 15:01:00,2025-10-16 20:01:00,0.0,0.0,53.0,1978.0,0,1,Not Cancelled,Normal,0,0,0,1,1,0,Not Cancelled
2510143UFEXYHE,Selesai,2025-10-14 16:16:00,2025-10-14,2025-10-14 16:16:00,2025-10-15 23:59:00,2025-10-15 18:08:00,2025-10-25 17:24:00,0.0,1552.0,239.26666666666668,351.0,0,1,Not Cancelled,Normal,0,0,0,1,1,0,Not Cancelled
2510143VHXCXKB,Batal,2025-10-14 16:35:00,2025-10-14,2025-10-14 16:35:00,2025-10-15 23:59:00,,,0.0,,,,1,0,Pre-Fulfillment,Not Processed,0,0,0,1,1,0,Change Order
2510143WSEWSQS,Selesai,2025-10-14 16:57:00,2025-10-14,2025-10-14 16:59:00,2025-10-15 23:59:00,2025-10-15 18:04:00,2025-10-25 17:50:00,2.0,1507.0,239.76666666666668,355.0,0,1,Not Cancelled,Normal,0,0,0,1,1,0,Not Cancelled
2510143XW2KQVE,Selesai,2025-10-14 17:17:00,2025-10-14,2025-10-14 17:18:00,2025-10-15 23:59:00,2025-10-15 18:07:00,2025-10-18 14:01:00,1.0,1490.0,67.9,352.0,0,1,Not Cancelled,Normal,0,0,0,2,2,0,Not Cancelled
2510143XYT92D3,Batal,2025-10-14 17:19:00,2025-10-14,2025-10-14 17:19:00,2025-10-15 23:59:00,,,0.0,,,,1,0,Pre-Fulfillment,Not Processed,0,0,0,1,1,0,Change Address
2510143YK2DVUE,Selesai,2025-10-14 17:30:00,2025-10-14,2025-10-14 17:30:00,2025-10-15 23:59:00,2025-10-15 18:03:00,2025-10-25 17:36:00,0.0,1473.0,239.55,356.0,0,1,Not Cancelled,Normal,0,0,0,1,1,0,Not Cancelled
251014411QT78J,Selesai,2025-10-14 17:56:00,2025-10-14,2025-10-14 17:56:00,2025-10-15 23:59:00,2025-10-15 18:04:00,2025-10-26 03:36:00,0.0,1448.0,249.53333333333333,355.0,0,1,Not Cancelled,Normal,0,0,0,1,1,0,Not Cancelled
25101442V41DTH,Selesai,2025-10-14 18:28:00,2025-10-14,2025-10-14 18:28:00,2025-10-15 23:59:00,2025-10-15 18:04:00,2025-10-26 22:38:00,0.0,1416.0,268.56666666666666,355.0,0,1,Not Cancelled,Normal,0,0,0,1,1,0,Not Cancelled
251014436F1MRC,Selesai,2025-10-14 18:34:00,2025-10-14,2025-10-14 18:37:00,2025-10-15 23:59:00,2025-10-15 18:04:00,2025-10-20 18:13:00,3.0,1410.0,120.15,355.0,0,1,Not Cancelled,Normal,0,0,0,1,1,0,Not Cancelled
25101443EGHF2H,Batal,2025-10-14 18:39:00,2025-10-14,2025-10-14 19:46:00,2025-10-15 23:59:00,,,67.0,,,,1,0,Pre-Fulfillment,Not Processed,0,0,0,20,1,0,Change Address
25101443NMCM6D,Selesai,2025-10-14 18:43:00,2025-10-14,2025-10-14 18:43:00,2025-10-15 23:59:00,2025-10-15 18:03:00,2025-10-18 14:05:00,0.0,1400.0,68.03333333333333,356.0,0,1,Not Cancelled,Normal,0,0,0,1,1,0,Not Cancelled
25101443PSMKSR,Selesai,2025-10-14 18:43:00,2025-10-14,2025-10-14 18:43:00,2025-10-15 23:59:00,2025-10-15 18:08:00,2025-10-20 19:57:00,0.0,1405.0,121.81666666666666,351.0,0,1,Not Cancelled,Normal,0,0,0,1,1,0,Not Cancelled
25101443PYA2U4,Batal,2025-10-14 18:43:00,2025-10-14,2025-10-14 18:43:00,2025-10-15 23:59:00,,,0.0,,,,1,0,Pre-Fulfillment,Not Processed,0,0,0,1,1,0,Other
25101443V75JAA,Selesai,2025-10-14 18:46:00,2025-10-14,2025-10-14 18:46:00,2025-10-15 23:59:00,2025-10-15 18:03:00,2025-10-29 09:52:00,0.0,1397.0,327.81666666666666,356.0,0,1,Not Cancelled,Normal,0,0,0,1,1,0,Not Cancelled
251014447GK7SG,Selesai,2025-10-14 18:53:00,2025-10-14,2025-10-14 18:53:00,2025-10-15 23:59:00,2025-10-15 18:04:00,2025-10-18 16:54:00,0.0,1391.0,70.83333333333333,355.0,0,1,Not Cancelled,Normal,0,0,0,1,1,0,Not Cancelled
25101444KX92SB,Selesai,2025-10-14 19:00:00,2025-10-14,2025-10-14 19:00:00,2025-10-15 23:59:00,2025-10-15 18:04:00,2025-10-29 21:35:00,0.0,1384.0,339.51666666666665,355.0,0,1,Not Cancelled,Normal,0,0,0,1,1,0,Not Cancelled
25101444WJC7RA,Selesai,2025-10-14 19:05:00,2025-10-14,2025-10-14 19:05:00,2025-10-15 23:59:00,2025-10-15 18:05:00,2025-10-23 16:49:00,0.0,1380.0,190.73333333333332,354.0,0,1,Not Cancelled,Normal,0,0,0,1,1,0,Not Cancelled
25101444YM44GS,Selesai,2025-10-14 19:06:00,2025-10-14,2025-10-14 19:06:00,2025-10-15 23:59:00,2025-10-15 18:03:00,2025-10-24 18:21:00,0.0,1377.0,216.3,356.0,0,1,Not Cancelled,Normal,0,0,0,1,1,0,Not Cancelled
251014459QEX0T,Batal,2025-10-14 19:12:00,2025-10-14,,,,,,,,,1,0,Pre-Fulfillment,Not Processed,0,0,0,1,1,0,Unpaid Order
25101445F6Y2T4,Batal,2025-10-14 19:15:00,2025-10-14,2025-10-14 19:15:00,2025-10-15 23:59:00,,,0.0,,,,1,0,Pre-Fulfillment,Not Processed,0,0,0,1,1,0,Change Address
25101445STDT3S,Selesai,2025-10-14 19:21:00,2025-10-14,2025-10-14 19:21:00,2025-10-15 23:59:00,2025-10-15 18:05:00,2025-10-17 12:02:00,0.0,1364.0,41.95,354.0,0,1,Not Cancelled,Normal,0,0,0,1,1,0,Not Cancelled
25101446FKH1GW,Selesai,2025-10-14 19:33:00,2025-10-14,2025-10-14 19:33:00,2025-10-15 23:59:00,2025-10-15 18:05:00,2025-10-27 18:05:00,0.0,1352.0,288.0,354.0,0,1,Not Cancelled,Normal,0,0,0,1,1,0,Not Cancelled
25101448F8N2QX,Selesai,2025-10-14 20:09:00,2025-10-14,2025-10-14 20:10:00,2025-10-15 23:59:00,2025-10-15 18:04:00,2025-10-24 12:28:00,1.0,1315.0,210.4,355.0,0,1,Not Cancelled,Normal,0,0,0,1,1,0,Not Cancelled
25101448H7K0UB,Selesai,2025-10-14 20:10:00,2025-10-14,2025-10-14 20:10:00,2025-10-15 23:59:00,2025-10-15 18:06:00,2025-10-18 13:46:00,0.0,1316.0,67.66666666666667,353.0,0,1,Not Cancelled,Normal,0,0,0,1,1,0,Not Cancelled
25101448J9VX9M,Batal,2025-10-14 20:10:00,2025-10-14,2025-10-14 20:10:00,2025-10-15 23:59:00,,,0.0,,,,1,0,Pre-Fulfillment,Not Processed,0,0,0,2,2,0,Change Address
25101449JGUNXJ,Selesai,2025-10-14 20:28:00,2025-10-14,2025-10-14 20:28:00,2025-10-15 23:59:00,2025-10-15 18:03:00,2025-10-18 12:37:00,0.0,1295.0,66.56666666666666,356.0,0,1,Not Cancelled,Normal,0,0,0,1,1,0,Not Cancelled
2510144AN9SNF0,Selesai,2025-10-14 20:48:00,2025-10-14,2025-10-14 20:48:00,2025-10-15 23:59:00,2025-10-15 18:04:00,2025-10-23 08:36:00,0.0,1276.0,182.53333333333333,355.0,0,1,Not Cancelled,Normal,0,0,0,1,1,0,Not Cancelled
2510144ASQV7PV,Selesai,2025-10-14 20:50:00,2025-10-14,2025-10-14 20:51:00,2025-10-15 23:59:00,2025-10-15 18:06:00,2025-10-25 16:17:00,1.0,1276.0,238.18333333333334,353.0,0,1,Not Cancelled,Normal,0,0,0,1,1,0,Not Cancelled
2510144AXM9SKF,Selesai,2025-10-14 20:53:00,2025-10-14,2025-10-14 20:53:00,2025-10-15 23:59:00,2025-10-14 20:53:00,2025-10-22 21:39:00,0.0,0.0,192.76666666666668,1626.0,0,1,Not Cancelled,Normal,0,0,0,1,1,0,Not Cancelled
2510144CA0U41X,Selesai,2025-10-14 21:17:00,2025-10-14,2025-10-14 21:17:00,2025-10-15 23:59:00,2025-10-15 18:05:00,2025-10-19 13:36:00,0.0,1248.0,91.51666666666667,354.0,0,1,Not Cancelled,Normal,0,0,0,1,1,0,Not Cancelled
2510144CAXBC3Q,Selesai,2025-10-14 21:18:00,2025-10-14,2025-10-14 21:19:00,2025-10-15 23:59:00,2025-10-15 18:03:00,2025-10-25 19:18:00,1.0,1245.0,241.25,356.0,0,1,Not Cancelled,Normal,0,0,0,1,1,0,Not Cancelled
2510144CQJQ29D,Selesai,2025-10-14 21:25:00,2025-10-14,2025-10-14 21:25:00,2025-10-15 23:59:00,2025-10-15 18:07:00,2025-10-18 17:34:00,0.0,1242.0,71.45,352.0,0,1,Not Cancelled,Normal,0,0,0,1,1,0,Not Cancelled
2510144EKHFDEM,Selesai,2025-10-14 21:58:00,2025-10-14,2025-10-14 21:59:00,2025-10-15 23:59:00,2025-10-15 18:06:00,2025-10-20 17:01:00,1.0,1208.0,118.91666666666667,353.0,0,1,Not Cancelled,Normal,0,0,0,1,1,0,Not Cancelled
2510144EVGM2NG,Selesai,2025-10-14 22:03:00,2025-10-14,2025-10-14 22:03:00,2025-10-15 23:59:00,2025-10-15 18:03:00,2025-10-24 11:18:00,0.0,1200.0,209.25,356.0,0,1,Not Cancelled,Normal,0,0,0,2,1,0,Not Cancelled
2510144FXBYP9J,Selesai,2025-10-14 22:22:00,2025-10-14,2025-10-14 22:24:00,2025-10-15 23:59:00,2025-10-15 18:04:00,2025-10-18 08:52:00,2.0,1182.0,62.8,355.0,0,1,Not Cancelled,Normal,0,0,0,1,1,0,Not Cancelled
2510144GAG48PX,Selesai,2025-10-14 22:29:00,2025-10-14,2025-10-14 22:30:00,2025-10-15 23:59:00,2025-10-15 18:04:00,2025-10-17 21:23:00,1.0,1175.0,51.31666666666667,355.0,0,1,Not Cancelled,Normal,0,0,0,1,1,0,Not Cancelled
2510144GR11JV2,Selesai,2025-10-14 22:37:00,2025-10-14,2025-10-14 22:38:00,2025-10-15 23:59:00,2025-10-15 18:05:00,2025-10-27 19:35:00,1.0,1168.0,289.5,354.0,0,1,Not Cancelled,Normal,0,0,0,1,1,0,Not Cancelled
2510144GU46XQA,Selesai,2025-10-14 22:38:00,2025-10-14,2025-10-14 22:39:00,2025-10-15 23:59:00,2025-10-15 18:03:00,2025-10-23 12:24:00,1.0,1165.0,186.35,356.0,0,1,Not Cancelled,Normal,0,0,0,1,1,0,Not Cancelled
2510144HMJP2G2,Selesai,2025-10-14 22:53:00,2025-10-14,2025-10-14 22:53:00,2025-10-15 23:59:00,2025-10-15 18:03:00,2025-10-24 02:23:00,0.0,1150.0,200.33333333333334,356.0,0,1,Not Cancelled,Normal,0,0,0,1,1,0,Not Cancelled
2510144HNN1YJ5,Selesai,2025-10-14 22:53:00,2025-10-14,2025-10-14 22:53:00,2025-10-15 23:59:00,2025-10-15 18:04:00,2025-10-25 11:17:00,0.0,1151.0,233.21666666666667,355.0,0,1,Not Cancelled,Normal,0,0,0,1,1,0,Not Cancelled
2510154K5EPYKS,Selesai,2025-10-14 23:20:00,2025-10-14,2025-10-14 23:20:00,2025-10-15 23:59:00,2025-10-15 18:07:00,2025-10-25 16:48:00,0.0,1127.0,238.68333333333334,352.0,0,1,Not Cancelled,Normal,0,0,0,1,1,0,Not Cancelled
2510154NFQA268,Selesai,2025-10-15 00:01:00,2025-10-15,2025-10-15 00:02:00,2025-10-15 23:59:00,2025-10-15 18:03:00,2025-10-16 20:21:00,1.0,1082.0,26.3,356.0,0,1,Not Cancelled,Normal,0,0,0,1,1,0,Not Cancelled
2510154TAX0SW8,Selesai,2025-10-15 01:28:00,2025-10-15,2025-10-15 01:28:00,2025-10-15 23:59:00,2025-10-15 18:03:00,2025-10-24 15:10:00,0.0,995.0,213.11666666666667,356.0,0,1,Not Cancelled,Normal,0,0,0,1,1,0,Not Cancelled
2510154U2J7S01,Batal,2025-10-15 01:41:00,2025-10-15,2025-10-15 01:41:00,2025-10-15 23:59:00,,,0.0,,,,1,0,Pre-Fulfillment,Not Processed,0,0,0,1,1,0,Change Order
2510154V5NN4F6,Selesai,2025-10-15 02:01:00,2025-10-15,2025-10-15 02:01:00,2025-10-15 23:59:00,2025-10-15 18:05:00,2025-10-20 01:39:00,0.0,964.0,103.56666666666666,354.0,0,1,Not Cancelled,Normal,0,0,0,1,1,0,Not Cancelled
2510154X2H20XT,Selesai,2025-10-15 02:35:00,2025-10-15,2025-10-15 02:35:00,2025-10-15 23:59:00,2025-10-15 18:05:00,2025-10-22 14:10:00,0.0,930.0,164.08333333333334,354.0,0,1,Not Cancelled,Normal,0,0,0,1,1,0,Not Cancelled
25101550NWF62P,Selesai,2025-10-15 03:22:00,2025-10-15,2025-10-15 03:22:00,2025-10-15 23:59:00,2025-10-15 18:05:00,2025-10-17 13:40:00,0.0,883.0,43.583333333333336,354.0,0,1,Not Cancelled,Normal,0,0,0,1,1,0,Not Cancelled
251015512EWYQJ,Selesai,2025-10-15 03:29:00,2025-10-15,2025-10-15 03:29:00,2025-10-15 23:59:00,2025-10-15 03:29:00,2025-10-24 17:13:00,0.0,0.0,229.73333333333332,1230.0,0,1,Not Cancelled,Normal,0,0,0,1,1,0,Not Cancelled
251015518CS4GP,Batal,2025-10-15 03:32:00,2025-10-15,2025-10-15 03:32:00,2025-10-15 23:59:00,,,0.0,,,,1,0,Pre-Fulfillment,Not Processed,0,0,0,1,1,0,Change Address
25101554UW72PB,Selesai,2025-10-15 04:37:00,2025-10-15,2025-10-15 04:37:00,2025-10-15 23:59:00,2025-10-15 18:03:00,2025-10-23 20:34:00,0.0,806.0,194.51666666666668,356.0,0,1,Not Cancelled,Normal,0,0,0,1,1,0,Not Cancelled
251015595FCFPA,Selesai,2025-10-15 05:54:00,2025-10-15,2025-10-15 05:54:00,2025-10-15 23:59:00,2025-10-15 18:04:00,2025-10-16 17:10:00,0.0,730.0,23.1,355.0,0,1,Not Cancelled,Normal,0,0,0,1,1,0,Not Cancelled
25101559UYDPHE,Selesai,2025-10-15 06:06:00,2025-10-15,2025-10-15 06:06:00,2025-10-15 23:59:00,2025-10-15 18:06:00,2025-10-20 09:19:00,0.0,720.0,111.21666666666667,353.0,0,1,Not Cancelled,Normal,0,0,0,1,1,0,Not Cancelled
2510155A4KYXX0,Selesai,2025-10-15 06:11:00,2025-10-15,2025-10-15 06:11:00,2025-10-15 23:59:00,2025-10-15 18:04:00,2025-10-25 20:25:00,0.0,713.0,242.35,355.0,0,1,Not Cancelled,Normal,0,0,0,1,1,0,Not Cancelled
2510155BE3DN9B,Selesai,2025-10-15 06:34:00,2025-10-15,2025-10-15 06:34:00,2025-10-15 23:59:00,2025-10-15 18:05:00,2025-10-29 11:16:00,0.0,691.0,329.18333333333334,354.0,0,1,Not Cancelled,Normal,0,0,0,1,1,0,Not Cancelled
2510155BKACVDU,Selesai,2025-10-15 06:37:00,2025-10-15,2025-10-15 06:38:00,2025-10-15 23:59:00,2025-10-15 15:51:00,2025-10-24 14:48:00,1.0,554.0,214.95,488.0,0,1,Not Cancelled,Normal,0,0,0,1,1,0,Not Cancelled
2510155C447CWR,Selesai,2025-10-15 06:47:00,2025-10-15,2025-10-15 06:47:00,2025-10-15 23:59:00,2025-10-15 18:04:00,2025-10-24 20:49:00,0.0,677.0,218.75,355.0,0,1,Not Cancelled,Normal,0,0,0,1,1,0,Not Cancelled
2510155D36VM0X,Selesai,2025-10-15 07:04:00,2025-10-15,2025-10-15 07:04:00,2025-10-15 23:59:00,2025-10-15 18:03:00,2025-10-20 17:50:00,0.0,659.0,119.78333333333333,356.0,0,1,Not Cancelled,Normal,0,0,0,1,1,0,Not Cancelled
2510155DBRM3GQ,Selesai,2025-10-15 07:09:00,2025-10-15,2025-10-15 07:09:00,2025-10-15 23:59:00,2025-10-15 18:04:00,2025-10-24 15:48:00,0.0,655.0,213.73333333333332,355.0,0,1,Not Cancelled,Normal,0,0,0,1,1,0,Not Cancelled
2510155F67R2S7,Selesai,2025-10-15 07:41:00,2025-10-15,2025-10-15 07:42:00,2025-10-15 23:59:00,2025-10-15 18:03:00,2025-10-24 17:10:00,1.0,622.0,215.11666666666667,356.0,0,1,Not Cancelled,Normal,0,0,0,1,1,0,Not Cancelled
2510155FCSFR5N,Selesai,2025-10-15 07:45:00,2025-10-15,2025-10-15 07:46:00,2025-10-15 23:59:00,2025-10-15 07:46:00,2025-10-17 07:18:00,1.0,1.0,47.53333333333333,973.0,0,1,Not Cancelled,Normal,0,0,0,1,1,0,Not Cancelled
2510155J9Q45SU,Selesai,2025-10-15 08:37:00,2025-10-15,2025-10-15 08:40:00,2025-10-15 23:59:00,2025-10-15 18:03:00,2025-10-23 16:52:00,3.0,566.0,190.81666666666666,356.0,0,1,Not Cancelled,Normal,0,0,0,1,1,0,Not Cancelled
2510155KUEQNQH,Selesai,2025-10-15 09:05:00,2025-10-15,2025-10-15 09:05:00,2025-10-15 23:59:00,2025-10-15 18:05:00,2025-10-16 23:21:00,0.0,540.0,29.266666666666666,354.0,0,1,Not Cancelled,Normal,0,0,0,1,1,0,Not Cancelled
2510155KUT87BW,Selesai,2025-10-15 09:05:00,2025-10-15,2025-10-15 09:05:00,2025-10-15 23:59:00,2025-10-15 18:05:00,2025-10-25 10:48:00,0.0,540.0,232.71666666666667,354.0,0,1,Not Cancelled,Normal,0,0,0,1,1,0,Not Cancelled
2510155NETWCRG,Batal,2025-10-15 09:34:00,2025-10-15,2025-10-15 09:34:00,2025-10-15 23:59:00,,,0.0,,,,1,0,Pre-Fulfillment,Not Processed,0,0,0,1,1,0,Change Address
2510155RATWQFD,Batal,2025-10-15 10:25:00,2025-10-15,2025-10-15 10:25:00,2025-10-15 23:59:00,,,0.0,,,,1,0,Pre-Fulfillment,Not Processed,0,0,0,1,1,0,Change Address
2510155RRX0QBR,Selesai,2025-10-15 10:33:00,2025-10-15,2025-10-15 10:33:00,2025-10-15 23:59:00,2025-10-15 18:05:00,2025-10-28 14:18:00,0.0,452.0,308.21666666666664,354.0,0,1,Not Cancelled,Normal,0,0,0,1,1,0,Not Cancelled
2510155S4B6F78,Selesai,2025-10-15 10:39:00,2025-10-15,2025-10-15 10:39:00,2025-10-15 23:59:00,2025-10-15 18:03:00,2025-10-23 12:48:00,0.0,444.0,186.75,356.0,0,1,Not Cancelled,Normal,0,0,0,2,2,0,Not Cancelled
2510155SBUJH3N,Selesai,2025-10-15 10:44:00,2025-10-15,2025-10-15 10:44:00,2025-10-15 23:59:00,2025-10-15 18:05:00,2025-10-24 18:44:00,0.0,441.0,216.65,354.0,0,1,Not Cancelled,Normal,0,0,0,1,1,0,Not Cancelled
2510155SG5TM32,Selesai,2025-10-15 10:46:00,2025-10-15,2025-10-15 10:46:00,2025-10-15 23:59:00,2025-10-15 18:04:00,2025-10-18 05:41:00,0.0,438.0,59.61666666666667,355.0,0,1,Not Cancelled,Normal,0,0,0,1,1,0,Not Cancelled
2510155TD3TWNW,Selesai,2025-10-15 11:02:00,2025-10-15,2025-10-15 11:02:00,2025-10-15 23:59:00,2025-10-15 18:06:00,2025-10-18 13:45:00,0.0,424.0,67.65,353.0,0,1,Not Cancelled,Normal,0,0,0,1,1,0,Not Cancelled
2510155TJ9UGQ7,Selesai,2025-10-15 11:05:00,2025-10-15,2025-10-15 11:06:00,2025-10-15 23:59:00,2025-10-15 18:04:00,2025-10-17 22:01:00,1.0,419.0,51.95,355.0,0,1,Not Cancelled,Normal,0,0,0,1,1,0,Not Cancelled
2510155UB9WKCJ,Selesai,2025-10-15 11:19:00,2025-10-15,2025-10-15 11:19:00,2025-10-15 23:59:00,2025-10-15 18:06:00,2025-10-23 14:23:00,0.0,407.0,188.28333333333333,353.0,0,1,Not Cancelled,Normal,0,0,0,1,1,0,Not Cancelled
2510155UUNHC2T,Selesai,2025-10-15 11:28:00,2025-10-15,2025-10-15 11:28:00,2025-10-15 23:59:00,2025-10-15 11:28:00,2025-10-24 21:06:00,0.0,0.0,225.63333333333333,751.0,0,1,Not Cancelled,Normal,0,0,0,1,1,0,Not Cancelled
2510155V44CUFP,Selesai,2025-10-15 11:33:00,2025-10-15,2025-10-15 11:33:00,2025-10-15 23:59:00,2025-10-15 18:03:00,2025-10-18 09:59:00,0.0,390.0,63.93333333333333,356.0,0,1,Not Cancelled,Normal,0,0,0,1,1,0,Not Cancelled
2510155W5AR165,Selesai,2025-10-15 11:51:00,2025-10-15,2025-10-15 11:52:00,2025-10-15 23:59:00,2025-10-15 18:06:00,2025-10-17 23:38:00,1.0,375.0,53.53333333333333,353.0,0,1,Not Cancelled,Normal,0,0,0,1,1,0,Not Cancelled
2510155WB0VN7N,Selesai,2025-10-15 11:55:00,2025-10-15,2025-10-15 11:55:00,2025-10-15 23:59:00,2025-10-15 18:05:00,2025-10-24 18:38:00,0.0,370.0,216.55,354.0,0,1,Not Cancelled,Normal,0,0,0,1,1,0,Not Cancelled
2510155WHW5URW,Selesai,2025-10-15 11:58:00,2025-10-15,2025-10-15 11:59:00,2025-10-15 23:59:00,2025-10-15 18:05:00,2025-10-23 07:53:00,1.0,367.0,181.8,354.0,0,1,Not Cancelled,Normal,0,0,0,1,1,0,Not Cancelled
2510155WK4A4Y7,Selesai,2025-10-15 11:59:00,2025-10-15,2025-10-15 11:59:00,2025-10-15 23:59:00,2025-10-15 18:03:00,2025-10-23 10:27:00,0.0,364.0,184.4,356.0,0,1,Not Cancelled,Normal,0,0,0,1,1,0,Not Cancelled
2510155WQ44DA3,Selesai,2025-10-15 12:01:00,2025-10-15,2025-10-15 12:03:00,2025-10-16 23:59:00,2025-10-15 18:06:00,2025-10-22 00:25:00,2.0,365.0,150.31666666666666,1793.0,0,1,Not Cancelled,Normal,0,1,1,1,1,0,Not Cancelled
2510155XDQWJ8M,Selesai,2025-10-15 12:14:00,2025-10-15,2025-10-15 12:14:00,2025-10-16 23:59:00,2025-10-15 18:08:00,2025-10-29 16:47:00,0.0,354.0,334.65,1791.0,0,1,Not Cancelled,Normal,0,0,0,1,1,0,Not Cancelled
2510155XFXEXJU,Selesai,2025-10-15 12:15:00,2025-10-15,2025-10-15 12:15:00,2025-10-16 23:59:00,2025-10-15 18:05:00,2025-10-17 19:42:00,0.0,350.0,49.61666666666667,1794.0,0,1,Not Cancelled,Normal,0,0,0,1,1,0,Not Cancelled
2510155XWXPQEK,Selesai,2025-10-15 12:23:00,2025-10-15,2025-10-15 12:23:00,2025-10-16 23:59:00,2025-10-15 18:04:00,2025-10-25 14:11:00,0.0,341.0,236.11666666666667,1795.0,0,1,Not Cancelled,Normal,0,0,0,1,1,0,Not Cancelled
2510155XXV99G9,Selesai,2025-10-15 12:24:00,2025-10-15,2025-10-15 12:24:00,2025-10-16 23:59:00,2025-10-15 18:05:00,2025-10-20 14:27:00,0.0,341.0,116.36666666666666,1794.0,0,1,Not Cancelled,Normal,0,0,0,1,1,0,Not Cancelled
2510155YUPHAUD,Selesai,2025-10-15 12:40:00,2025-10-15,2025-10-15 12:40:00,2025-10-16 23:59:00,2025-10-15 18:05:00,2025-10-18 10:29:00,0.0,325.0,64.4,1794.0,0,1,Not Cancelled,Normal,0,0,0,1,1,0,Not Cancelled
2510156009BKKV,Selesai,2025-10-15 12:42:00,2025-10-15,2025-10-15 12:42:00,2025-10-16 23:59:00,2025-10-15 18:08:00,2025-10-23 14:55:00,0.0,326.0,188.78333333333333,1791.0,0,1,Not Cancelled,Normal,0,0,0,1,1,0,Not Cancelled
251015602UD29A,Selesai,2025-10-15 12:44:00,2025-10-15,2025-10-15 12:44:00,2025-10-16 23:59:00,2025-10-15 12:44:00,2025-10-24 16:50:00,0.0,0.0,220.1,2115.0,0,1,Not Cancelled,Normal,0,0,0,1,1,0,Not Cancelled
25101560AU01CE,Selesai,2025-10-15 12:48:00,2025-10-15,2025-10-15 12:52:00,2025-10-16 23:59:00,2025-10-15 15:51:00,2025-10-27 17:43:00,4.0,183.0,289.8666666666667,1928.0,0,1,Not Cancelled,Normal,0,0,0,1,1,0,Not Cancelled
25101560X4Y2J6,Selesai,2025-10-15 12:59:00,2025-10-15,2025-10-15 12:59:00,2025-10-16 23:59:00,2025-10-15 18:04:00,2025-10-25 07:04:00,0.0,305.0,229.0,1795.0,0,1,Not Cancelled,Normal,0,0,0,1,1,0,Not Cancelled
251015615BRP89,Selesai,2025-10-15 13:03:00,2025-10-15,2025-10-15 13:03:00,2025-10-16 23:59:00,2025-10-15 18:07:00,2025-10-23 14:13:00,0.0,304.0,188.1,1792.0,0,1,Not Cancelled,Normal,0,0,0,1,1,0,Not Cancelled
25101562NHS2QY,Selesai,2025-10-15 13:30:00,2025-10-15,2025-10-15 13:30:00,2025-10-16 23:59:00,2025-10-16 13:46:00,2025-10-19 17:13:00,0.0,1456.0,75.45,613.0,0,1,Not Cancelled,Normal,0,0,0,1,1,0,Not Cancelled
2510156371MAFC,Selesai,2025-10-15 13:40:00,2025-10-15,2025-10-15 13:40:00,2025-10-16 23:59:00,2025-10-16 19:51:00,2025-10-21 06:52:00,0.0,1811.0,107.01666666666667,248.0,0,1,Not Cancelled,Normal,0,0,0,1,1,0,Not Cancelled
25101563BS8BN6,Selesai,2025-10-15 13:42:00,2025-10-15,2025-10-15 13:42:00,2025-10-16 23:59:00,2025-10-16 13:46:00,2025-10-22 07:22:00,0.0,1444.0,137.6,613.0,0,1,Not Cancelled,Normal,0,0,0,1,1,0,Not Cancelled
25101563D7XVPR,Batal,2025-10-15 13:43:00,2025-10-15,2025-10-15 13:43:00,2025-10-16 23:59:00,,,0.0,,,,1,0,Pre-Fulfillment,Not Processed,0,0,0,1,1,0,Other
25101563ESJ2PY,Batal,2025-10-15 13:44:00,2025-10-15,,,,,,,,,1,0,Pre-Fulfillment,Not Processed,0,0,0,1,1,0,Unpaid Order
25101563H4V9T8,Selesai,2025-10-15 13:45:00,2025-10-15,2025-10-15 13:46:00,2025-10-16 23:59:00,2025-10-16 15:30:00,2025-10-19 16:23:00,1.0,1545.0,72.88333333333334,509.0,0,1,Not Cancelled,Normal,0,0,0,1,1,0,Not Cancelled
25101564FNGY3C,Selesai,2025-10-15 14:02:00,2025-10-15,2025-10-15 14:03:00,2025-10-16 23:59:00,2025-10-15 14:03:00,2025-10-23 16:33:00,1.0,1.0,194.5,2036.0,0,1,Not Cancelled,Normal,0,0,0,1,1,0,Not Cancelled
25101564GE9CUF,Selesai,2025-10-15 14:03:00,2025-10-15,2025-10-15 14:03:00,2025-10-16 23:59:00,2025-10-16 13:47:00,2025-10-27 22:53:00,0.0,1424.0,273.1,612.0,0,1,Not Cancelled,Normal,0,0,0,1,1,0,Not Cancelled
25101564K25KPY,Selesai,2025-10-15 14:04:00,2025-10-15,2025-10-15 14:04:00,2025-10-16 23:59:00,2025-10-16 13:45:00,2025-10-29 20:19:00,0.0,1421.0,318.56666666666666,614.0,0,1,Not Cancelled,Normal,0,0,0,1,1,0,Not Cancelled
25101564KYRE9W,Selesai,2025-10-15 14:05:00,2025-10-15,2025-10-15 14:05:00,2025-10-16 23:59:00,2025-10-16 13:45:00,2025-10-28 16:45:00,0.0,1420.0,291.0,614.0,0,1,Not Cancelled,Normal,0,0,0,1,1,0,Not Cancelled
25101564TAWVAJ,Batal,2025-10-15 14:08:00,2025-10-15,2025-10-15 14:09:00,2025-10-16 23:59:00,2025-10-16 13:47:00,,1.0,1419.0,,612.0,1,1,Post-Fulfillment Initiation,Normal,0,0,0,1,1,0,Delivery Failed
25101564UD928N,Batal,2025-10-15 14:09:00,2025-10-15,2025-10-15 14:09:00,2025-10-16 23:59:00,2025-10-16 19:51:00,,0.0,1782.0,,248.0,1,1,Post-Fulfillment Initiation,Normal,0,0,0,1,1,0,Delivery Failed
25101565U3W2FA,Selesai,2025-10-15 14:27:00,2025-10-15,2025-10-15 16:16:00,2025-10-16 23:59:00,2025-10-16 13:46:00,2025-10-18 08:28:00,109.0,1399.0,42.7,613.0,0,1,Not Cancelled,Normal,0,0,0,2,1,0,Not Cancelled
25101565WBGMK2,Selesai,2025-10-15 14:28:00,2025-10-15,2025-10-15 14:28:00,2025-10-16 23:59:00,2025-10-16 13:46:00,2025-10-26 18:17:00,0.0,1398.0,244.51666666666668,613.0,0,1,Not Cancelled,Normal,0,0,0,1,1,0,Not Cancelled
25101566QU7WBK,Selesai,2025-10-15 14:43:00,2025-10-15,2025-10-15 14:43:00,2025-10-16 23:59:00,2025-10-16 13:45:00,2025-10-26 21:59:00,0.0,1382.0,248.23333333333332,614.0,0,1,Not Cancelled,Normal,0,0,0,1,1,0,Not Cancelled
251015680UH79F,Batal,2025-10-15 15:06:00,2025-10-15,2025-10-15 15:06:00,2025-10-16 23:59:00,2025-10-16 13:47:00,,0.0,1361.0,,612.0,1,1,Post-Fulfillment Initiation,Normal,0,0,0,1,1,0,Delivery Failed
251015684D0A7V,Selesai,2025-10-15 15:08:00,2025-10-15,2025-10-15 15:08:00,2025-10-16 23:59:00,2025-10-16 13:46:00,2025-10-29 18:56:00,0.0,1358.0,317.1666666666667,613.0,0,1,Not Cancelled,Normal,0,0,0,1,1,0,Not Cancelled
25101568T9YEM9,Batal,2025-10-15 15:20:00,2025-10-15,2025-10-15 15:20:00,2025-10-16 23:59:00,,,0.0,,,,1,0,Pre-Fulfillment,Not Processed,0,0,0,1,1,0,Change Order
25101569B8M0BJ,Selesai,2025-10-15 15:30:00,2025-10-15,2025-10-15 15:30:00,2025-10-16 23:59:00,2025-10-16 13:45:00,2025-10-18 23:03:00,0.0,1335.0,57.3,614.0,0,1,Not Cancelled,Normal,0,0,0,2,1,0,Not Cancelled
2510156A1VE3GX,Selesai,2025-10-15 15:42:00,2025-10-15,2025-10-15 15:42:00,2025-10-16 23:59:00,2025-10-16 19:52:00,2025-11-03 16:15:00,0.0,1690.0,428.3833333333333,247.0,0,1,Not Cancelled,Normal,0,0,0,2,2,0,Not Cancelled
2510156AG3BV4K,Selesai,2025-10-15 15:50:00,2025-10-15,2025-10-15 15:51:00,2025-10-16 23:59:00,2025-10-15 18:06:00,2025-10-21 09:43:00,1.0,136.0,135.61666666666667,1793.0,0,1,Not Cancelled,Normal,0,0,0,1,1,0,Not Cancelled
2510156B8BMW0A,Selesai,2025-10-15 16:04:00,2025-10-15,2025-10-15 16:06:00,2025-10-16 23:59:00,2025-10-16 19:51:00,2025-10-27 18:51:00,2.0,1667.0,263.0,248.0,0,1,Not Cancelled,Normal,0,0,0,3,1,0,Not Cancelled
2510156C1Q8SP8,Batal,2025-10-15 16:18:00,2025-10-15,2025-10-15 16:20:00,2025-10-16 23:59:00,,,2.0,,,,1,0,Pre-Fulfillment,Not Processed,0,0,0,1,1,0,Change Order
2510156C22PN4Q,Batal,2025-10-15 16:18:00,2025-10-15,2025-10-15 16:20:00,2025-10-16 23:59:00,2025-10-16 13:46:00,,2.0,1288.0,,613.0,1,1,Post-Fulfillment Initiation,Normal,0,0,0,1,1,0,Delivery Failed
2510156CBF1B02,Selesai,2025-10-15 16:23:00,2025-10-15,2025-10-15 16:24:00,2025-10-16 23:59:00,2025-10-16 13:46:00,2025-10-28 17:05:00,1.0,1283.0,291.31666666666666,613.0,0,1,Not Cancelled,Normal,0,0,0,1,1,0,Not Cancelled
2510156CH0DVFS,Selesai,2025-10-15 16:26:00,2025-10-15,2025-10-15 16:27:00,2025-10-16 23:59:00,2025-10-16 13:46:00,2025-10-20 08:47:00,1.0,1280.0,91.01666666666667,613.0,0,1,Not Cancelled,Normal,0,0,0,1,1,0,Not Cancelled
2510156CSJ5HN4,Selesai,2025-10-15 16:31:00,2025-10-15,2025-10-15 16:35:00,2025-10-16 23:59:00,2025-10-16 19:52:00,2025-10-21 06:57:00,4.0,1641.0,107.08333333333333,247.0,0,1,Not Cancelled,Normal,0,0,0,2,2,0,Not Cancelled
2510156DJ05HM7,Batal,2025-10-15 16:45:00,2025-10-15,,,,,,,,,1,0,Pre-Fulfillment,Not Processed,0,0,0,1,1,0,Unpaid Order
2510156DJGCCKX,Selesai,2025-10-15 16:45:00,2025-10-15,2025-10-15 16:48:00,2025-10-16 23:59:00,2025-10-16 19:51:00,2025-10-22 15:05:00,3.0,1626.0,139.23333333333332,248.0,0,1,Not Cancelled,Normal,0,0,0,1,1,0,Not Cancelled
2510156DVEWD8V,Selesai,2025-10-15 16:51:00,2025-10-15,2025-10-15 16:53:00,2025-10-16 23:59:00,2025-10-16 13:46:00,2025-10-24 07:01:00,2.0,1255.0,185.25,613.0,0,1,Not Cancelled,Normal,0,0,0,1,1,0,Not Cancelled
2510156ENQMHY8,Selesai,2025-10-15 17:05:00,2025-10-15,2025-10-15 17:07:00,2025-10-16 23:59:00,2025-10-16 13:47:00,2025-10-29 17:53:00,2.0,1242.0,316.1,612.0,0,1,Not Cancelled,Normal,0,0,0,1,1,0,Not Cancelled
2510156F40ENU4,Selesai,2025-10-15 17:13:00,2025-10-15,2025-10-15 17:16:00,2025-10-16 23:59:00,2025-10-16 15:30:00,2025-10-24 23:27:00,3.0,1337.0,199.95,509.0,0,1,Not Cancelled,Normal,0,0,0,1,1,0,Not Cancelled
2510156FKM5RWD,Selesai,2025-10-15 17:22:00,2025-10-15,2025-10-15 17:24:00,2025-10-16 23:59:00,2025-10-16 13:45:00,2025-10-17 12:05:00,2.0,1223.0,22.333333333333332,614.0,0,1,Not Cancelled,Normal,0,0,0,1,1,0,Not Cancelled
2510156G05PCK2,Selesai,2025-10-15 17:29:00,2025-10-15,2025-10-15 17:32:00,2025-10-16 23:59:00,2025-10-16 13:46:00,2025-10-24 14:24:00,3.0,1217.0,192.63333333333333,613.0,0,1,Not Cancelled,Normal,0,0,0,1,1,0,Not Cancelled
2510156G90034T,Selesai,2025-10-15 17:34:00,2025-10-15,2025-10-15 17:36:00,2025-10-16 23:59:00,2025-10-16 13:46:00,2025-10-25 09:52:00,2.0,1212.0,212.1,613.0,0,1,Not Cancelled,Normal,0,0,0,1,1,0,Not Cancelled
2510156HGCPJQ4,Selesai,2025-10-15 17:56:00,2025-10-15,2025-10-15 17:58:00,2025-10-16 23:59:00,2025-10-16 13:45:00,2025-11-01 16:01:00,2.0,1189.0,386.26666666666665,614.0,0,1,Not Cancelled,Normal,0,0,0,1,1,0,Not Cancelled
2510156HU7VCDP,Batal,2025-10-15 18:02:00,2025-10-15,2025-10-15 18:02:00,,,,0.0,,,,1,0,Pre-Fulfillment,Not Processed,0,0,0,2,1,0,Other
2510156J056VGR,Selesai,2025-10-15 18:04:00,2025-10-15,2025-10-15 18:07:00,2025-10-16 23:59:00,2025-10-16 13:46:00,2025-10-25 14:19:00,3.0,1182.0,216.55,613.0,0,1,Not Cancelled,Normal,0,0,0,1,1,0,Not Cancelled
2510156J39A6TF,Selesai,2025-10-15 18:06:00,2025-10-15,2025-10-15 18:09:00,2025-10-16 23:59:00,2025-10-16 13:47:00,2025-10-22 14:09:00,3.0,1181.0,144.36666666666667,612.0,0,1,Not Cancelled,Normal,0,0,0,1,1,0,Not Cancelled
2510156JHRSK8U,Selesai,2025-10-15 18:14:00,2025-10-15,2025-10-15 18:16:00,2025-10-16 23:59:00,2025-10-16 13:46:00,2025-10-25 11:31:00,2.0,1172.0,213.75,613.0,0,1,Not Cancelled,Normal,0,0,0,1,1,0,Not Cancelled
2510156JTUPUK9,Selesai,2025-10-15 18:19:00,2025-10-15,2025-10-15 18:21:00,2025-10-16 23:59:00,2025-10-16 13:46:00,2025-10-26 16:13:00,2.0,1167.0,242.45,613.0,0,1,Not Cancelled,Normal,0,0,0,1,1,0,Not Cancelled
2510156K6NBH35,Selesai,2025-10-15 18:26:00,2025-10-15,2025-10-15 18:28:00,2025-10-16 23:59:00,2025-10-16 13:46:00,2025-10-17 21:12:00,2.0,1160.0,31.433333333333334,613.0,0,1,Not Cancelled,Normal,0,0,0,1,1,0,Not Cancelled
2510156K8WUP0X,Selesai,2025-10-15 18:27:00,2025-10-15,2025-10-15 18:27:00,2025-10-16 23:59:00,2025-10-15 18:27:00,2025-10-16 10:42:00,0.0,0.0,16.25,1772.0,0,1,Not Cancelled,Normal,0,0,0,1,1,0,Not Cancelled
2510156K9NMCJY,Selesai,2025-10-15 18:28:00,2025-10-15,2025-10-15 18:29:00,2025-10-16 23:59:00,2025-10-16 13:47:00,2025-10-18 21:01:00,1.0,1159.0,55.233333333333334,612.0,0,1,Not Cancelled,Normal,0,0,0,1,1,0,Not Cancelled
2510156KTKCVFS,Batal,2025-10-15 18:37:00,2025-10-15,2025-10-15 18:38:00,2025-10-16 23:59:00,,,1.0,,,,1,0,Pre-Fulfillment,Not Processed,0,0,0,1,1,0,Change Order
2510156KWX4N6F,Selesai,2025-10-15 18:39:00,2025-10-15,2025-10-15 18:40:00,2025-10-16 23:59:00,2025-10-16 13:46:00,2025-10-25 18:51:00,1.0,1147.0,221.08333333333334,613.0,0,1,Not Cancelled,Normal,0,0,0,1,1,0,Not Cancelled
2510156MSJ7NNG,Selesai,2025-10-15 18:54:00,2025-10-15,2025-10-15 18:54:00,2025-10-16 23:59:00,2025-10-16 13:47:00,2025-10-19 07:03:00,0.0,1133.0,65.26666666666667,612.0,0,1,Not Cancelled,Normal,0,0,0,1,1,0,Not Cancelled
2510156MXFKD6M,Selesai,2025-10-15 18:57:00,2025-10-15,2025-10-15 18:59:00,2025-10-16 23:59:00,2025-10-16 19:52:00,2025-10-25 15:49:00,2.0,1495.0,211.95,247.0,0,1,Not Cancelled,Normal,0,0,0,1,1,0,Not Cancelled
2510156NF0VP4P,Selesai,2025-10-15 19:06:00,2025-10-15,2025-10-15 19:06:00,2025-10-16 23:59:00,2025-10-15 19:06:00,2025-10-22 13:36:00,0.0,0.0,162.5,1733.0,0,1,Not Cancelled,Normal,0,0,0,1,1,0,Not Cancelled
2510156PK2U9RH,Selesai,2025-10-15 19:27:00,2025-10-15,2025-10-15 19:27:00,2025-10-16 23:59:00,2025-10-16 13:46:00,2025-10-21 18:10:00,0.0,1099.0,124.4,613.0,0,1,Not Cancelled,Normal,0,0,0,1,1,0,Not Cancelled
2510156QGWEYA8,Batal,2025-10-15 19:43:00,2025-10-15,2025-10-15 19:43:00,2025-10-16 23:59:00,2025-10-16 19:52:00,,0.0,1449.0,,247.0,1,1,Post-Fulfillment Initiation,Normal,0,0,0,1,1,0,Delivery Failed
2510156R1CT5RK,Selesai,2025-10-15 19:52:00,2025-10-15,2025-10-15 19:53:00,2025-10-16 23:59:00,2025-10-15 19:53:00,2025-10-21 10:17:00,1.0,1.0,134.4,1686.0,0,1,Not Cancelled,Normal,0,0,0,1,1,0,Not Cancelled
2510156RNKESAX,Batal,2025-10-15 20:04:00,2025-10-15,2025-10-15 20:04:00,2025-10-16 23:59:00,,,0.0,,,,1,0,Pre-Fulfillment,Not Processed,0,0,0,1,1,0,Other
2510156RRHUJ5B,Batal,2025-10-15 20:05:00,2025-10-15,2025-10-15 20:05:00,2025-10-16 23:59:00,,,0.0,,,,1,0,Pre-Fulfillment,Not Processed,0,0,0,1,1,0,Other
2510156SB8Q9PB,Selesai,2025-10-15 20:16:00,2025-10-15,2025-10-15 20:16:00,2025-10-16 23:59:00,2025-10-16 19:53:00,2025-10-31 17:16:00,0.0,1417.0,357.3833333333333,246.0,0,1,Not Cancelled,Normal,0,0,0,1,1,0,Not Cancelled
2510156SBYK6SA,Batal,2025-10-15 20:16:00,2025-10-15,2025-10-15 20:16:00,2025-10-16 23:59:00,,,0.0,,,,1,0,Pre-Fulfillment,Not Processed,0,0,0,1,1,0,Change Address
2510156SP7QAT1,Batal,2025-10-15 20:22:00,2025-10-15,2025-10-15 20:22:00,2025-10-16 23:59:00,,,0.0,,,,1,0,Pre-Fulfillment,Not Processed,0,0,0,1,1,0,Other
2510156SPBG2FR,Selesai,2025-10-15 20:22:00,2025-10-15,2025-10-15 20:22:00,2025-10-16 23:59:00,2025-10-16 19:52:00,2025-10-21 21:03:00,0.0,1410.0,121.18333333333334,247.0,0,1,Not Cancelled,Normal,0,0,0,1,1,0,Not Cancelled
2510156SWCJRUQ,Selesai,2025-10-15 20:26:00,2025-10-15,2025-10-15 20:26:00,2025-10-16 23:59:00,2025-10-16 13:46:00,2025-10-23 11:09:00,0.0,1040.0,165.38333333333333,613.0,0,1,Not Cancelled,Normal,0,0,0,2,2,0,Not Cancelled
2510156T2WXNQ9,Selesai,2025-10-15 20:29:00,2025-10-15,2025-10-15 20:29:00,2025-10-16 23:59:00,2025-10-16 19:51:00,2025-10-18 14:59:00,0.0,1402.0,43.13333333333333,248.0,0,1,Not Cancelled,Normal,0,0,0,1,1,0,Not Cancelled
2510156TB0EB52,Batal,2025-10-15 20:34:00,2025-10-15,2025-10-15 20:34:00,2025-10-16 23:59:00,,,0.0,,,,1,0,Pre-Fulfillment,Not Processed,0,0,0,1,1,0,Other
2510156TQB76JR,Batal,2025-10-15 20:41:00,2025-10-15,2025-10-15 20:41:00,2025-10-16 23:59:00,,,0.0,,,,1,0,Pre-Fulfillment,Not Processed,0,0,0,1,1,0,Change Order
2510156TX0UB4T,Selesai,2025-10-15 20:44:00,2025-10-15,2025-10-15 20:44:00,2025-10-16 23:59:00,2025-10-16 19:51:00,2025-11-02 15:47:00,0.0,1387.0,403.93333333333334,248.0,0,1,Not Cancelled,Normal,0,0,0,1,1,0,Not Cancelled
2510156U9H0JRY,Batal,2025-10-15 20:51:00,2025-10-15,2025-10-15 20:51:00,2025-10-16 23:59:00,,,0.0,,,,1,0,Pre-Fulfillment,Not Processed,0,0,0,1,1,0,Other
2510156UNP19SD,Selesai,2025-10-15 20:57:00,2025-10-15,2025-10-15 20:58:00,2025-10-16 23:59:00,2025-10-16 19:51:00,2025-10-18 21:29:00,1.0,1374.0,49.63333333333333,248.0,0,1,Not Cancelled,Normal,0,0,0,1,1,0,Not Cancelled
2510156US1V2EY,Selesai,2025-10-15 20:59:00,2025-10-15,2025-10-15 20:59:00,2025-10-16 23:59:00,2025-10-16 19:52:00,2025-10-21 22:04:00,0.0,1373.0,122.2,247.0,0,1,Not Cancelled,Normal,0,0,0,1,1,0,Not Cancelled
2510156V730WPR,Selesai,2025-10-15 21:07:00,2025-10-15,2025-10-15 21:07:00,2025-10-16 23:59:00,2025-10-16 13:45:00,2025-10-21 19:34:00,0.0,998.0,125.81666666666666,614.0,0,1,Not Cancelled,Normal,0,0,0,1,1,0,Not Cancelled
2510156VBRPD2V,Batal,2025-10-15 21:10:00,2025-10-15,2025-10-15 21:10:00,2025-10-16 23:59:00,,,0.0,,,,1,0,Pre-Fulfillment,Not Processed,0,0,0,1,1,0,Change Address
2510156VM4QV3J,Selesai,2025-10-15 21:15:00,2025-10-15,2025-10-15 21:16:00,2025-10-16 23:59:00,2025-10-16 13:45:00,2025-10-23 16:28:00,1.0,990.0,170.71666666666667,614.0,0,1,Not Cancelled,Normal,0,0,0,1,1,0,Not Cancelled
2510156VTMK5H3,Selesai,2025-10-15 21:18:00,2025-10-15,2025-10-15 21:20:00,2025-10-16 23:59:00,2025-10-16 13:47:00,2025-10-21 10:56:00,2.0,989.0,117.15,612.0,0,1,Not Cancelled,Normal,0,0,0,1,1,0,Not Cancelled
2510156W2XQ23K,Selesai,2025-10-15 21:23:00,2025-10-15,2025-10-15 21:23:00,2025-10-16 23:59:00,2025-10-16 19:52:00,2025-10-19 12:19:00,0.0,1349.0,64.45,247.0,0,1,Not Cancelled,Normal,0,0,0,4,4,0,Not Cancelled
2510156WRYFJ22,Selesai,2025-10-15 21:35:00,2025-10-15,2025-10-15 21:35:00,2025-10-16 23:59:00,2025-10-16 13:46:00,2025-10-17 13:34:00,0.0,971.0,23.8,613.0,0,1,Not Cancelled,Normal,0,0,0,1,1,0,Not Cancelled
2510156XYWX6CE,Selesai,2025-10-15 21:57:00,2025-10-15,2025-10-15 21:58:00,2025-10-16 23:59:00,2025-10-16 13:46:00,2025-10-26 17:55:00,1.0,949.0,244.15,613.0,0,1,Not Cancelled,Normal,0,0,0,1,1,0,Not Cancelled
25101570QFHS2T,Selesai,2025-10-15 22:28:00,2025-10-15,2025-10-15 22:30:00,2025-10-16 23:59:00,2025-10-16 13:46:00,2025-11-01 11:35:00,2.0,918.0,381.81666666666666,613.0,0,1,Not Cancelled,Normal,0,0,0,1,1,0,Not Cancelled
251016737BE7E5,Selesai,2025-10-15 23:13:00,2025-10-15,2025-10-15 23:14:00,2025-10-16 23:59:00,2025-10-16 13:47:00,2025-10-18 21:16:00,1.0,874.0,55.483333333333334,612.0,0,1,Not Cancelled,Normal,0,0,0,1,1,0,Not Cancelled
25101673MRJVDA,Selesai,2025-10-15 23:20:00,2025-10-15,2025-10-15 23:20:00,2025-10-16 23:59:00,2025-10-16 13:46:00,2025-10-17 11:22:00,0.0,866.0,21.6,613.0,0,1,Not Cancelled,Normal,0,0,0,1,1,0,Not Cancelled
251016743833UE,Selesai,2025-10-15 23:28:00,2025-10-15,2025-10-15 23:28:00,2025-10-16 23:59:00,2025-10-16 19:51:00,2025-10-19 18:30:00,0.0,1223.0,70.65,248.0,0,1,Not Cancelled,Normal,0,0,0,1,1,0,Not Cancelled
251016753W8SGW,Selesai,2025-10-15 23:46:00,2025-10-15,2025-10-15 23:47:00,2025-10-16 23:59:00,2025-10-16 19:51:00,2025-10-22 09:16:00,1.0,1205.0,133.41666666666666,248.0,0,1,Not Cancelled,Normal,0,0,0,1,1,0,Not Cancelled
2510167HSBYWBD,Selesai,2025-10-16 03:33:00,2025-10-16,2025-10-16 03:33:00,2025-10-16 23:59:00,2025-10-16 03:33:00,2025-10-18 21:33:00,0.0,0.0,66.0,1226.0,0,1,Not Cancelled,Normal,0,0,0,1,1,0,Not Cancelled
2510167J7H0KPC,Selesai,2025-10-16 03:41:00,2025-10-16,2025-10-16 03:42:00,2025-10-16 23:59:00,2025-10-16 13:46:00,2025-10-20 10:07:00,1.0,605.0,92.35,613.0,0,1,Not Cancelled,Normal,0,0,0,1,1,0,Not Cancelled
2510167NYGFGMC,Batal,2025-10-16 04:48:00,2025-10-16,2025-10-16 04:48:00,2025-10-16 23:59:00,2025-10-16 19:51:00,,0.0,903.0,,248.0,1,1,Post-Fulfillment Initiation,Normal,0,0,0,1,1,0,Package Lost
2510167PM1KSNT,Selesai,2025-10-16 05:00:00,2025-10-16,2025-10-16 05:00:00,2025-10-16 23:59:00,2025-10-16 13:45:00,2025-10-21 17:22:00,0.0,525.0,123.61666666666666,614.0,0,1,Not Cancelled,Normal,0,0,0,1,1,0,Not Cancelled
2510167YT5C7RC,Selesai,2025-10-16 07:44:00,2025-10-16,2025-10-16 07:44:00,2025-10-16 23:59:00,2025-10-16 13:46:00,2025-10-24 11:35:00,0.0,362.0,189.81666666666666,613.0,0,1,Not Cancelled,Normal,0,0,0,1,1,0,Not Cancelled
25101681XRS2Q6,Selesai,2025-10-16 08:23:00,2025-10-16,2025-10-16 08:23:00,2025-10-16 23:59:00,2025-10-16 13:46:00,2025-10-29 11:17:00,0.0,323.0,309.51666666666665,613.0,0,1,Not Cancelled,Normal,0,0,0,1,1,0,Not Cancelled
25101682AJCDRQ,Selesai,2025-10-16 08:29:00,2025-10-16,2025-10-16 08:29:00,2025-10-16 23:59:00,2025-10-16 19:51:00,2025-10-21 01:09:00,0.0,682.0,101.3,248.0,0,1,Not Cancelled,Normal,0,0,0,1,1,0,Not Cancelled
25101682JE76QX,Selesai,2025-10-16 08:34:00,2025-10-16,2025-10-16 08:34:00,2025-10-16 23:59:00,2025-10-16 13:47:00,2025-10-26 15:27:00,0.0,313.0,241.66666666666666,612.0,0,1,Not Cancelled,Normal,0,0,0,1,1,0,Not Cancelled
25101682N5VKY7,Selesai,2025-10-16 08:35:00,2025-10-16,2025-10-16 08:35:00,2025-10-16 23:59:00,2025-10-16 15:30:00,2025-10-20 19:38:00,0.0,415.0,100.13333333333334,509.0,0,1,Not Cancelled,Normal,0,0,0,3,1,0,Not Cancelled
25101683GVT063,Selesai,2025-10-16 08:51:00,2025-10-16,2025-10-16 08:51:00,2025-10-16 23:59:00,2025-10-16 13:46:00,2025-10-22 08:08:00,0.0,295.0,138.36666666666667,613.0,0,1,Not Cancelled,Normal,0,0,0,1,1,0,Not Cancelled
25101683WFA2RQ,Selesai,2025-10-16 08:58:00,2025-10-16,2025-10-16 08:58:00,2025-10-16 12:00:00,2025-10-16 10:32:00,2025-10-23 12:45:00,0.0,94.0,170.21666666666667,88.0,0,1,Not Cancelled,Normal,0,0,0,5,1,1,Not Cancelled
25101684DM5P7G,Selesai,2025-10-16 09:07:00,2025-10-16,2025-10-16 09:07:00,2025-10-16 23:59:00,2025-10-16 13:46:00,2025-10-22 17:47:00,0.0,279.0,148.01666666666668,613.0,0,1,Not Cancelled,Normal,0,0,0,1,1,0,Not Cancelled
25101685NRR7TC,Selesai,2025-10-16 09:29:00,2025-10-16,2025-10-16 09:30:00,2025-10-16 23:59:00,2025-10-16 19:51:00,2025-10-28 14:47:00,1.0,622.0,282.93333333333334,248.0,0,1,Not Cancelled,Normal,0,0,0,4,1,0,Not Cancelled
2510168681BJT7,Selesai,2025-10-16 09:39:00,2025-10-16,2025-10-16 09:40:00,2025-10-16 23:59:00,2025-10-16 19:51:00,2025-10-19 18:54:00,1.0,612.0,71.05,248.0,0,1,Not Cancelled,Normal,0,0,0,1,1,0,Not Cancelled
251016872QTQY8,Batal,2025-10-16 09:54:00,2025-10-16,,,,,,,,,1,0,Pre-Fulfillment,Not Processed,0,0,0,1,1,0,Unpaid Order
251016881KW7CY,Selesai,2025-10-16 10:12:00,2025-10-16,2025-10-16 10:12:00,2025-10-16 23:59:00,2025-10-16 19:51:00,2025-10-20 12:42:00,0.0,579.0,88.85,248.0,0,1,Not Cancelled,Normal,0,0,0,1,1,0,Not Cancelled
25101688586VEB,Selesai,2025-10-16 10:14:00,2025-10-16,2025-10-16 10:14:00,2025-10-16 23:59:00,2025-10-16 19:52:00,2025-10-22 12:58:00,0.0,578.0,137.1,247.0,0,1,Not Cancelled,Normal,0,0,0,2,1,0,Not Cancelled
251016887AXCPG,Selesai,2025-10-16 10:15:00,2025-10-16,2025-10-16 10:15:00,2025-10-16 23:59:00,2025-10-16 13:45:00,2025-10-21 14:27:00,0.0,210.0,120.7,614.0,0,1,Not Cancelled,Normal,0,0,0,1,1,0,Not Cancelled
251016888K12XF,Selesai,2025-10-16 10:15:00,2025-10-16,2025-10-16 10:15:00,2025-10-16 23:59:00,2025-10-16 19:51:00,2025-10-29 11:38:00,0.0,576.0,303.78333333333336,248.0,0,1,Not Cancelled,Normal,0,0,0,1,1,0,Not Cancelled
25101688NPMWMG,Selesai,2025-10-16 10:23:00,2025-10-16,2025-10-16 10:23:00,2025-10-16 23:59:00,2025-10-16 19:52:00,2025-10-22 17:02:00,0.0,569.0,141.16666666666666,247.0,0,1,Not Cancelled,Normal,0,0,0,1,1,0,Not Cancelled
25101689RR5PUY,Selesai,2025-10-16 10:42:00,2025-10-16,2025-10-16 10:43:00,2025-10-16 23:59:00,2025-10-16 19:52:00,2025-10-28 15:13:00,1.0,550.0,283.35,247.0,0,1,Not Cancelled,Normal,0,0,0,1,1,0,Not Cancelled
25101689XDB3YB,Selesai,2025-10-16 10:46:00,2025-10-16,2025-10-16 10:46:00,2025-10-16 23:59:00,2025-10-16 13:45:00,2025-10-17 22:01:00,0.0,179.0,32.266666666666666,614.0,0,1,Not Cancelled,Normal,0,0,0,1,1,0,Not Cancelled
2510168ACJB67G,Selesai,2025-10-16 10:53:00,2025-10-16,2025-10-16 10:54:00,2025-10-16 23:59:00,2025-10-16 13:45:00,2025-10-28 17:21:00,1.0,172.0,291.6,614.0,0,1,Not Cancelled,Normal,0,0,0,1,1,0,Not Cancelled
2510168B7YQ9W1,Selesai,2025-10-16 11:09:00,2025-10-16,2025-10-16 11:09:00,2025-10-16 23:59:00,2025-10-16 19:52:00,2025-10-25 23:28:00,0.0,523.0,219.6,247.0,0,1,Not Cancelled,Normal,0,0,0,1,1,0,Not Cancelled
2510168BE39A80,Selesai,2025-10-16 11:12:00,2025-10-16,2025-10-16 11:12:00,2025-10-16 23:59:00,2025-10-16 19:51:00,2025-10-29 20:12:00,0.0,519.0,312.35,248.0,0,1,Not Cancelled,Normal,0,0,0,1,1,0,Not Cancelled
2510168BHPNPVR,Selesai,2025-10-16 11:14:00,2025-10-16,2025-10-16 12:01:00,2025-10-17 23:59:00,2025-10-16 13:45:00,2025-10-20 09:47:00,47.0,151.0,92.03333333333333,2054.0,0,1,Not Cancelled,Normal,0,0,0,1,1,0,Not Cancelled
2510168C4J9T7R,Selesai,2025-10-16 11:25:00,2025-10-16,2025-10-16 11:28:00,2025-10-16 23:59:00,2025-10-16 19:52:00,2025-10-17 23:47:00,3.0,507.0,27.916666666666668,247.0,0,1,Not Cancelled,Normal,0,0,0,1,1,0,Not Cancelled
2510168CDEFGAW,Selesai,2025-10-16 11:30:00,2025-10-16,2025-10-16 11:30:00,2025-10-16 23:59:00,2025-10-16 19:52:00,2025-10-19 12:18:00,0.0,502.0,64.43333333333334,247.0,0,1,Not Cancelled,Normal,0,0,0,1,1,0,Not Cancelled
2510168CWNA8AF,Batal,2025-10-16 11:39:00,2025-10-16,2025-10-16 11:39:00,2025-10-16 14:39:00,,,0.0,,,,1,0,Pre-Fulfillment,Not Processed,0,0,0,2,1,0,Change Address
2510168D2B2PB4,Selesai,2025-10-16 11:41:00,2025-10-16,2025-10-16 11:42:00,2025-10-16 23:59:00,2025-10-16 19:51:00,2025-10-27 18:42:00,1.0,490.0,262.85,248.0,0,1,Not Cancelled,Normal,0,0,0,1,1,0,Not Cancelled
2510168DQUMV3P,Selesai,2025-10-16 11:53:00,2025-10-16,2025-10-16 11:54:00,2025-10-16 14:54:00,2025-10-16 13:52:00,2025-10-16 19:52:00,1.0,119.0,6.0,62.0,0,1,Not Cancelled,Normal,0,0,0,2,1,1,Not Cancelled
2510168E6X4S3Y,Selesai,2025-10-16 12:02:00,2025-10-16,2025-10-16 12:02:00,2025-10-17 23:59:00,2025-10-16 13:45:00,2025-10-26 11:40:00,0.0,103.0,237.91666666666666,2054.0,0,1,Not Cancelled,Normal,0,0,0,1,1,0,Not Cancelled
2510168FSJE0TC,Selesai,2025-10-16 12:30:00,2025-10-16,2025-10-16 12:30:00,2025-10-17 23:59:00,2025-10-16 19:51:00,2025-10-23 23:27:00,0.0,441.0,171.6,1688.0,0,1,Not Cancelled,Normal,0,0,0,1,1,0,Not Cancelled
2510168GC9D3NX,Selesai,2025-10-16 12:41:00,2025-10-16,2025-10-16 12:41:00,2025-10-17 23:59:00,2025-10-16 19:52:00,2025-10-22 08:47:00,0.0,431.0,132.91666666666666,1687.0,0,1,Not Cancelled,Normal,0,0,0,1,1,0,Not Cancelled
2510168GH113RB,Selesai,2025-10-16 12:43:00,2025-10-16,2025-10-16 12:43:00,2025-10-17 23:59:00,2025-10-16 19:52:00,2025-10-26 21:20:00,0.0,429.0,241.46666666666667,1687.0,0,1,Not Cancelled,Normal,0,0,0,1,1,0,Not Cancelled
2510168GJ1CFSY,Selesai,2025-10-16 12:44:00,2025-10-16,2025-10-16 12:44:00,2025-10-17 23:59:00,2025-10-16 19:51:00,2025-10-18 19:31:00,0.0,427.0,47.666666666666664,1688.0,0,1,Not Cancelled,Normal,0,0,0,1,1,0,Not Cancelled
2510168GTJ5USC,Selesai,2025-10-16 12:49:00,2025-10-16,2025-10-16 12:49:00,2025-10-17 23:59:00,2025-10-16 19:52:00,2025-10-25 00:50:00,0.0,423.0,196.96666666666667,1687.0,0,1,Not Cancelled,Normal,0,0,0,1,1,0,Not Cancelled
2510168GTVMW8B,Selesai,2025-10-16 12:49:00,2025-10-16,2025-10-16 12:49:00,2025-10-17 23:59:00,2025-10-16 19:51:00,2025-10-26 15:08:00,0.0,422.0,235.28333333333333,1688.0,0,1,Not Cancelled,Normal,0,0,0,1,1,0,Not Cancelled
2510168H9EY5CJ,Selesai,2025-10-16 12:57:00,2025-10-16,2025-10-16 12:57:00,2025-10-17 23:59:00,2025-10-16 19:51:00,2025-10-28 11:48:00,0.0,414.0,279.95,1688.0,0,1,Not Cancelled,Normal,0,0,0,3,1,0,Not Cancelled
2510168HJB7NTS,Selesai,2025-10-16 13:02:00,2025-10-16,2025-10-16 13:02:00,2025-10-17 23:59:00,2025-10-16 19:51:00,2025-10-19 16:44:00,0.0,409.0,68.88333333333334,1688.0,0,1,Not Cancelled,Normal,0,0,0,1,1,0,Not Cancelled
2510168JCFKVHA,Selesai,2025-10-16 13:17:00,2025-10-16,2025-10-16 13:17:00,2025-10-17 23:59:00,2025-10-17 15:04:00,2025-10-23 21:23:00,0.0,1547.0,150.31666666666666,535.0,0,1,Not Cancelled,Normal,0,0,0,1,1,0,Not Cancelled
2510168KJVTQ11,Selesai,2025-10-16 13:38:00,2025-10-16,2025-10-16 13:38:00,2025-10-17 23:59:00,2025-10-17 19:46:00,2025-10-28 08:51:00,0.0,1808.0,253.08333333333334,253.0,0,1,Not Cancelled,Normal,0,0,0,2,2,0,Not Cancelled
2510168ME8B2WA,Selesai,2025-10-16 13:53:00,2025-10-16,2025-10-16 13:53:00,2025-10-17 23:59:00,2025-10-17 13:26:00,2025-10-30 19:16:00,0.0,1413.0,317.8333333333333,633.0,0,1,Not Cancelled,Normal,0,0,0,1,1,0,Not Cancelled
2510168MN0U0JP,Selesai,2025-10-16 13:57:00,2025-10-16,2025-10-16 13:57:00,2025-10-17 23:59:00,2025-10-17 13:23:00,2025-11-01 14:03:00,0.0,1406.0,360.6666666666667,636.0,0,1,Not Cancelled,Normal,0,0,0,1,1,0,Not Cancelled
2510168NAXPSPN,Selesai,2025-10-16 14:09:00,2025-10-16,2025-10-16 14:10:00,2025-10-17 23:59:00,2025-10-17 13:25:00,2025-10-27 22:53:00,1.0,1396.0,249.46666666666667,634.0,0,1,Not Cancelled,Normal,0,0,0,1,1,0,Not Cancelled
2510168NVT05GT,Selesai,2025-10-16 14:19:00,2025-10-16,2025-10-16 14:22:00,2025-10-17 23:59:00,2025-10-17 13:23:00,2025-10-22 05:53:00,3.0,1384.0,112.5,636.0,0,1,Not Cancelled,Normal,0,1,1,1,1,0,Not Cancelled
2510168PRD3360,Batal,2025-10-16 14:35:00,2025-10-16,,,,,,,,,1,0,Pre-Fulfillment,Not Processed,0,0,0,1,1,0,Unpaid Order
2510168Q9JCPD9,Selesai,2025-10-16 14:44:00,2025-10-16,2025-10-16 14:49:00,2025-10-17 23:59:00,2025-10-17 13:26:00,2025-10-25 22:27:00,5.0,1362.0,201.01666666666668,633.0,0,1,Not Cancelled,Normal,0,0,0,1,1,0,Not Cancelled
2510168Q9UXK9S,Selesai,2025-10-16 14:45:00,2025-10-16,2025-10-16 14:45:00,2025-10-17 23:59:00,2025-10-17 13:19:00,2025-11-02 12:28:00,0.0,1354.0,383.15,640.0,0,1,Not Cancelled,Normal,0,0,0,1,1,0,Not Cancelled
2510168QFE84HP,Selesai,2025-10-16 14:48:00,2025-10-16,2025-10-16 14:49:00,2025-10-17 23:59:00,2025-10-17 19:45:00,2025-10-26 22:31:00,1.0,1737.0,218.76666666666668,254.0,0,1,Not Cancelled,Normal,0,0,0,1,1,0,Not Cancelled
2510168U3DXM2T,Selesai,2025-10-16 15:53:00,2025-10-16,2025-10-16 15:53:00,2025-10-17 23:59:00,2025-10-17 13:23:00,2025-10-30 20:16:00,0.0,1290.0,318.8833333333333,636.0,0,1,Not Cancelled,Normal,0,0,0,1,1,0,Not Cancelled
2510168U9R4JVG,Selesai,2025-10-16 15:56:00,2025-10-16,2025-10-16 15:56:00,2025-10-17 23:59:00,2025-10-17 13:26:00,2025-10-31 23:29:00,0.0,1290.0,346.05,633.0,0,1,Not Cancelled,Normal,0,0,0,1,1,0,Not Cancelled
2510168UTNTCTB,Selesai,2025-10-16 16:06:00,2025-10-16,2025-10-16 16:10:00,2025-10-17 23:59:00,2025-10-17 13:26:00,2025-10-25 19:29:00,4.0,1280.0,198.05,633.0,0,1,Not Cancelled,Normal,0,0,0,2,1,0,Not Cancelled
2510168W9JVC1D,Batal,2025-10-16 16:32:00,2025-10-16,2025-10-16 16:32:00,2025-10-17 23:59:00,,,0.0,,,,1,0,Pre-Fulfillment,Not Processed,0,0,0,1,1,0,Change Order
2510168X13AHX6,Selesai,2025-10-16 16:45:00,2025-10-16,2025-10-16 16:45:00,2025-10-17 23:59:00,2025-10-17 19:46:00,2025-10-23 16:14:00,0.0,1621.0,140.46666666666667,253.0,0,1,Not Cancelled,Normal,0,0,0,1,1,0,Not Cancelled
2510168XU6TRDY,Selesai,2025-10-16 17:00:00,2025-10-16,2025-10-16 17:00:00,2025-10-17 23:59:00,2025-10-17 13:24:00,2025-10-27 21:31:00,0.0,1224.0,248.11666666666667,635.0,0,1,Not Cancelled,Normal,0,0,0,1,1,0,Not Cancelled
2510168XXS7JFB,Selesai,2025-10-16 17:02:00,2025-10-16,2025-10-16 17:02:00,2025-10-17 23:59:00,2025-10-17 19:46:00,2025-10-27 12:34:00,0.0,1604.0,232.8,253.0,0,1,Not Cancelled,Normal,0,0,0,1,1,0,Not Cancelled
25101690SY661S,Batal,2025-10-16 17:35:00,2025-10-16,,,,,,,,,1,0,Pre-Fulfillment,Not Processed,0,0,0,1,1,0,Unpaid Order
25101690UDWVQ1,Selesai,2025-10-16 17:35:00,2025-10-16,2025-10-16 17:37:00,2025-10-17 23:59:00,2025-10-17 13:24:00,2025-10-19 12:21:00,2.0,1189.0,46.95,635.0,0,1,Not Cancelled,Normal,0,0,0,1,1,0,Not Cancelled
25101690VVPF2G,Batal,2025-10-16 17:36:00,2025-10-16,2025-10-16 17:36:00,2025-10-17 23:59:00,2025-10-17 13:25:00,,0.0,1189.0,,634.0,1,1,Post-Fulfillment Initiation,Normal,0,0,0,1,1,0,Delivery Failed
2510169116Y1PQ,Selesai,2025-10-16 17:39:00,2025-10-16,2025-10-16 17:39:00,2025-10-17 23:59:00,2025-10-17 13:24:00,2025-10-30 20:08:00,0.0,1185.0,318.73333333333335,635.0,0,1,Not Cancelled,Normal,0,0,0,1,1,0,Not Cancelled
25101691FRAPH5,Selesai,2025-10-16 17:47:00,2025-10-16,2025-10-16 17:47:00,2025-10-17 23:59:00,2025-10-17 13:25:00,2025-10-27 19:33:00,0.0,1178.0,246.13333333333333,634.0,0,1,Not Cancelled,Normal,0,0,0,1,1,0,Not Cancelled
25101692W4SQ4S,Selesai,2025-10-16 18:12:00,2025-10-16,2025-10-16 18:13:00,2025-10-17 23:59:00,2025-10-17 13:26:00,2025-10-23 21:27:00,1.0,1154.0,152.01666666666668,633.0,0,1,Not Cancelled,Normal,0,0,0,2,1,0,Not Cancelled
25101693XTE3CX,Selesai,2025-10-16 18:31:00,2025-10-16,2025-10-16 18:32:00,2025-10-17 23:59:00,2025-10-17 19:45:00,2025-11-06 10:57:00,1.0,1514.0,471.2,254.0,0,1,Not Cancelled,Normal,0,0,0,1,1,0,Not Cancelled
25101695P6B5B7,Selesai,2025-10-16 19:02:00,2025-10-16,2025-10-16 19:02:00,2025-10-17 23:59:00,2025-10-17 19:46:00,2025-10-19 18:47:00,0.0,1484.0,47.016666666666666,253.0,0,1,Not Cancelled,Normal,0,0,0,1,1,0,Not Cancelled
251016969GBXBU,Selesai,2025-10-16 19:13:00,2025-10-16,2025-10-16 19:15:00,2025-10-17 23:59:00,2025-10-17 13:25:00,2025-10-31 19:57:00,2.0,1092.0,342.53333333333336,634.0,0,1,Not Cancelled,Normal,0,0,0,1,1,0,Not Cancelled
25101696FKVR12,Selesai,2025-10-16 19:16:00,2025-10-16,2025-10-16 19:18:00,2025-10-17 23:59:00,2025-10-17 13:23:00,2025-10-25 17:41:00,2.0,1087.0,196.3,636.0,0,1,Not Cancelled,Normal,0,0,0,1,1,0,Not Cancelled
25101696UN4DSB,Selesai,2025-10-16 19:23:00,2025-10-16,2025-10-16 19:25:00,2025-10-17 23:59:00,2025-10-17 13:23:00,2025-10-29 15:04:00,2.0,1080.0,289.68333333333334,636.0,0,1,Not Cancelled,Normal,0,0,0,1,1,0,Not Cancelled
25101697EFW3FY,Selesai,2025-10-16 19:34:00,2025-10-16,2025-10-16 19:34:00,2025-10-17 23:59:00,2025-10-17 15:04:00,2025-10-23 15:50:00,0.0,1170.0,144.76666666666668,535.0,0,1,Not Cancelled,Normal,0,0,0,1,1,0,Not Cancelled
251016982U6R8Q,Batal,2025-10-16 19:45:00,2025-10-16,2025-10-16 19:45:00,2025-10-17 23:59:00,2025-10-17 13:25:00,,0.0,1060.0,,634.0,1,1,Post-Fulfillment Initiation,Normal,0,0,0,1,1,0,Delivery Failed
251016989D1C6F,Selesai,2025-10-16 19:49:00,2025-10-16,2025-10-16 19:49:00,2025-10-17 23:59:00,2025-10-17 13:25:00,2025-10-30 12:36:00,0.0,1056.0,311.18333333333334,634.0,0,1,Not Cancelled,Normal,0,0,0,1,1,0,Not Cancelled
25101698UGW407,Selesai,2025-10-16 19:59:00,2025-10-16,2025-10-16 19:59:00,2025-10-17 23:59:00,2025-10-17 13:24:00,2025-10-23 22:15:00,0.0,1045.0,152.85,635.0,0,1,Not Cancelled,Normal,0,0,0,2,2,0,Not Cancelled
251016994GVW7B,Selesai,2025-10-16 20:04:00,2025-10-16,2025-10-16 20:04:00,2025-10-17 23:59:00,2025-10-17 13:23:00,2025-10-27 14:57:00,0.0,1039.0,241.56666666666666,636.0,0,1,Not Cancelled,Normal,0,0,0,1,1,0,Not Cancelled
2510169ABCFT1J,Selesai,2025-10-16 20:25:00,2025-10-16,2025-10-16 20:26:00,2025-10-17 23:59:00,2025-10-17 13:25:00,2025-10-20 08:28:00,1.0,1020.0,67.05,634.0,0,1,Not Cancelled,Normal,0,0,0,1,1,0,Not Cancelled
2510169B7Y31TE,Selesai,2025-10-16 20:41:00,2025-10-16,2025-10-16 20:41:00,2025-10-17 23:59:00,2025-10-17 13:24:00,2025-11-03 07:13:00,0.0,1003.0,401.81666666666666,635.0,0,1,Not Cancelled,Normal,0,0,0,1,1,0,Not Cancelled
2510169BQ2JHFJ,Selesai,2025-10-16 20:50:00,2025-10-16,2025-10-16 20:50:00,2025-10-17 23:59:00,2025-10-17 13:24:00,2025-10-28 12:09:00,0.0,994.0,262.75,635.0,0,1,Not Cancelled,Normal,0,0,0,1,1,0,Not Cancelled
2510169BR9PM95,Selesai,2025-10-16 20:51:00,2025-10-16,2025-10-16 20:51:00,2025-10-17 23:59:00,2025-10-17 13:24:00,2025-10-23 09:51:00,0.0,993.0,140.45,635.0,0,1,Not Cancelled,Normal,0,0,0,1,1,0,Not Cancelled
2510169CE0X0KB,Selesai,2025-10-16 21:03:00,2025-10-16,2025-10-16 21:03:00,2025-10-17 23:59:00,2025-10-17 13:24:00,2025-11-01 21:55:00,0.0,981.0,368.51666666666665,635.0,0,1,Not Cancelled,Normal,0,0,0,1,1,0,Not Cancelled
2510169DW3QW50,Selesai,2025-10-16 21:29:00,2025-10-16,2025-10-16 21:29:00,2025-10-17 23:59:00,2025-10-17 19:45:00,2025-10-19 18:55:00,0.0,1336.0,47.166666666666664,254.0,0,1,Not Cancelled,Normal,0,0,0,1,1,0,Not Cancelled
2510169EDRR9UQ,Selesai,2025-10-16 21:38:00,2025-10-16,2025-10-16 21:39:00,2025-10-17 23:59:00,2025-10-17 19:45:00,2025-10-28 09:35:00,1.0,1327.0,253.83333333333334,254.0,0,1,Not Cancelled,Normal,0,0,0,1,1,0,Not Cancelled
2510169G2C2C16,Selesai,2025-10-16 22:08:00,2025-10-16,2025-10-16 22:14:00,2025-10-17 23:59:00,2025-10-17 13:25:00,2025-10-21 21:35:00,6.0,917.0,104.16666666666667,634.0,0,1,Not Cancelled,Normal,0,0,0,1,1,0,Not Cancelled
2510169G8JE9U3,Selesai,2025-10-16 22:11:00,2025-10-16,2025-10-16 22:12:00,2025-10-17 23:59:00,2025-10-17 13:24:00,2025-10-19 01:14:00,1.0,913.0,35.833333333333336,635.0,0,1,Not Cancelled,Normal,0,0,0,1,1,0,Not Cancelled
2510169GW96TTR,Selesai,2025-10-16 22:23:00,2025-10-16,2025-10-16 22:23:00,2025-10-17 23:59:00,2025-10-17 13:25:00,2025-10-27 10:56:00,0.0,902.0,237.51666666666668,634.0,0,1,Not Cancelled,Normal,0,0,0,1,1,0,Not Cancelled
2510169GWNJSAU,Selesai,2025-10-16 22:23:00,2025-10-16,2025-10-16 22:25:00,2025-10-17 23:59:00,2025-10-17 13:25:00,2025-10-18 13:11:00,2.0,902.0,23.766666666666666,634.0,0,1,Not Cancelled,Normal,0,0,0,1,1,0,Not Cancelled
2510169H4NP6VA,Selesai,2025-10-16 22:27:00,2025-10-16,2025-10-16 22:28:00,2025-10-17 23:59:00,2025-10-17 13:25:00,2025-10-25 11:21:00,1.0,898.0,189.93333333333334,634.0,0,1,Not Cancelled,Normal,0,0,0,1,1,0,Not Cancelled
2510169JT7FTSN,Selesai,2025-10-16 22:57:00,2025-10-16,2025-10-16 22:57:00,2025-10-17 23:59:00,2025-10-17 19:45:00,2025-10-20 14:24:00,0.0,1248.0,66.65,254.0,0,1,Not Cancelled,Normal,0,0,0,1,1,0,Not Cancelled
2510179K6UUKSN,Selesai,2025-10-16 23:04:00,2025-10-16,2025-10-16 23:04:00,2025-10-17 23:59:00,2025-10-17 13:19:00,2025-10-19 15:16:00,0.0,855.0,49.95,640.0,0,1,Not Cancelled,Normal,0,0,0,2,1,0,Not Cancelled
2510179KM9VRD2,Selesai,2025-10-16 23:11:00,2025-10-16,2025-10-16 23:12:00,2025-10-17 23:59:00,2025-10-17 13:26:00,2025-10-22 18:08:00,1.0,855.0,124.7,633.0,0,1,Not Cancelled,Normal,0,0,0,1,1,0,Not Cancelled
2510179KYEKNKY,Selesai,2025-10-16 23:18:00,2025-10-16,2025-10-16 23:18:00,2025-10-17 23:59:00,2025-10-17 19:46:00,2025-10-25 21:59:00,0.0,1228.0,194.21666666666667,253.0,0,1,Not Cancelled,Normal,0,0,0,1,1,0,Not Cancelled
2510179NY4MR8E,Selesai,2025-10-16 23:53:00,2025-10-16,2025-10-16 23:53:00,2025-10-17 23:59:00,2025-10-17 15:04:00,2025-10-25 19:26:00,0.0,911.0,196.36666666666667,535.0,0,1,Not Cancelled,Normal,0,0,0,1,1,0,Not Cancelled
2510179PFAFDY0,Selesai,2025-10-17 00:02:00,2025-10-17,2025-10-17 00:03:00,2025-10-17 23:59:00,2025-10-17 13:24:00,2025-10-19 16:59:00,1.0,802.0,51.583333333333336,635.0,0,1,Not Cancelled,Normal,0,0,0,1,1,0,Not Cancelled
2510179PH3N6MF,Selesai,2025-10-17 00:03:00,2025-10-17,2025-10-17 00:03:00,2025-10-17 23:59:00,2025-10-17 13:24:00,2025-10-25 17:28:00,0.0,801.0,196.06666666666666,635.0,0,1,Not Cancelled,Normal,0,0,0,1,1,0,Not Cancelled
2510179PN78EPM,Selesai,2025-10-17 00:06:00,2025-10-17,2025-10-17 00:06:00,2025-10-17 23:59:00,2025-10-17 13:19:00,2025-10-25 23:30:00,0.0,793.0,202.18333333333334,640.0,0,1,Not Cancelled,Normal,0,0,0,1,1,0,Not Cancelled
2510179QEPP4SU,Selesai,2025-10-17 00:20:00,2025-10-17,2025-10-17 00:21:00,2025-10-17 23:59:00,2025-10-17 19:45:00,2025-10-25 11:46:00,1.0,1165.0,184.01666666666668,254.0,0,1,Not Cancelled,Normal,0,0,0,6,1,0,Not Cancelled
2510179QN2QQ39,Selesai,2025-10-17 00:24:00,2025-10-17,2025-10-17 00:24:00,2025-10-17 23:59:00,2025-10-17 13:26:00,2025-10-21 12:27:00,0.0,782.0,95.01666666666667,633.0,0,1,Not Cancelled,Normal,0,0,0,1,1,0,Not Cancelled
2510179RA7VV13,Selesai,2025-10-17 00:35:00,2025-10-17,2025-10-17 00:35:00,2025-10-17 23:59:00,2025-10-17 13:23:00,2025-10-21 23:45:00,0.0,768.0,106.36666666666666,636.0,0,1,Not Cancelled,Normal,0,0,0,1,1,0,Not Cancelled
251017A6UBUP1N,Selesai,2025-10-17 04:55:00,2025-10-17,2025-10-17 04:56:00,2025-10-17 23:59:00,2025-10-17 13:24:00,2025-11-02 18:38:00,1.0,509.0,389.23333333333335,635.0,0,1,Not Cancelled,Normal,0,0,0,1,1,0,Not Cancelled
251017A7TYQDRG,Selesai,2025-10-17 05:13:00,2025-10-17,2025-10-17 05:13:00,2025-10-17 23:59:00,2025-10-17 13:25:00,2025-10-26 16:43:00,0.0,492.0,219.3,634.0,0,1,Not Cancelled,Normal,0,0,0,1,1,0,Not Cancelled
251017A8HKJ6FT,Selesai,2025-10-17 05:26:00,2025-10-17,2025-10-17 05:26:00,2025-10-17 23:59:00,2025-10-17 13:19:00,2025-10-29 19:54:00,0.0,473.0,294.5833333333333,640.0,0,1,Not Cancelled,Normal,0,0,0,1,1,0,Not Cancelled
251017A9C49XGU,Selesai,2025-10-17 05:41:00,2025-10-17,2025-10-17 05:42:00,2025-10-17 23:59:00,2025-10-17 13:24:00,2025-10-26 17:48:00,1.0,463.0,220.4,635.0,0,1,Not Cancelled,Normal,0,0,0,1,1,0,Not Cancelled
251017AAJA01TN,Selesai,2025-10-17 06:02:00,2025-10-17,2025-10-17 06:02:00,2025-10-17 23:59:00,2025-10-17 13:23:00,2025-10-27 12:58:00,0.0,441.0,239.58333333333334,636.0,0,1,Not Cancelled,Normal,0,0,0,1,1,0,Not Cancelled
251017AAQ6B0SE,Selesai,2025-10-17 06:05:00,2025-10-17,2025-10-17 06:05:00,2025-10-17 23:59:00,2025-10-17 13:23:00,2025-10-21 17:27:00,0.0,438.0,100.06666666666666,636.0,0,1,Not Cancelled,Normal,0,0,0,1,1,0,Not Cancelled
251017ABV8QKR8,Selesai,2025-10-17 06:25:00,2025-10-17,2025-10-17 06:26:00,2025-10-17 23:59:00,2025-10-17 13:25:00,2025-10-23 01:03:00,1.0,420.0,131.63333333333333,634.0,0,1,Not Cancelled,Normal,0,0,0,1,1,0,Not Cancelled
251017ACX44WEY,Selesai,2025-10-17 06:44:00,2025-10-17,2025-10-17 06:45:00,2025-10-17 23:59:00,2025-10-17 13:25:00,2025-10-25 14:00:00,1.0,401.0,192.58333333333334,634.0,0,1,Not Cancelled,Normal,0,0,0,1,1,0,Not Cancelled
251017AE0DRYA5,Selesai,2025-10-17 07:04:00,2025-10-17,2025-10-17 07:05:00,2025-10-17 23:59:00,2025-10-17 13:26:00,2025-10-20 18:59:00,1.0,382.0,77.55,633.0,0,1,Not Cancelled,Normal,0,0,0,1,1,0,Not Cancelled
251017AE0FPEB1,Selesai,2025-10-17 07:04:00,2025-10-17,2025-10-17 07:04:00,2025-10-17 23:59:00,2025-10-17 13:26:00,2025-10-27 22:06:00,0.0,382.0,248.66666666666666,633.0,0,1,Not Cancelled,Normal,0,0,0,1,1,0,Not Cancelled
251017AEKJYBKJ,Selesai,2025-10-17 07:14:00,2025-10-17,2025-10-17 07:16:00,2025-10-17 23:59:00,2025-10-17 13:25:00,2025-10-19 10:45:00,2.0,371.0,45.333333333333336,634.0,0,1,Not Cancelled,Normal,0,0,0,1,1,0,Not Cancelled
251017AFC7NBAD,Selesai,2025-10-17 07:28:00,2025-10-17,2025-10-17 07:28:00,2025-10-17 23:59:00,2025-10-17 13:24:00,2025-10-23 15:35:00,0.0,356.0,146.18333333333334,635.0,0,1,Not Cancelled,Normal,0,0,0,1,1,0,Not Cancelled
251017AFGRNWPV,Selesai,2025-10-17 07:31:00,2025-10-17,2025-10-17 07:31:00,2025-10-17 23:59:00,2025-10-17 13:23:00,2025-10-26 16:05:00,0.0,352.0,218.7,636.0,0,1,Not Cancelled,Normal,0,0,0,1,1,0,Not Cancelled
251017AGUVNC0U,Selesai,2025-10-17 07:55:00,2025-10-17,2025-10-17 07:55:00,2025-10-17 23:59:00,2025-10-17 13:23:00,2025-10-27 19:38:00,0.0,328.0,246.25,636.0,0,1,Not Cancelled,Normal,0,0,0,1,1,0,Not Cancelled
251017AJMHKQCR,Selesai,2025-10-17 08:26:00,2025-10-17,2025-10-17 08:26:00,2025-10-17 23:59:00,2025-10-17 13:25:00,2025-10-28 12:13:00,0.0,299.0,262.8,634.0,0,1,Not Cancelled,Normal,0,0,0,1,1,0,Not Cancelled
251017AJNHXN06,Selesai,2025-10-17 08:27:00,2025-10-17,2025-10-17 08:27:00,2025-10-17 23:59:00,2025-10-17 08:27:00,2025-10-25 10:41:00,0.0,0.0,194.23333333333332,932.0,0,1,Not Cancelled,Normal,0,0,0,1,1,0,Not Cancelled
251017AN6DB2X3,Selesai,2025-10-17 09:12:00,2025-10-17,2025-10-17 09:13:00,2025-10-17 23:59:00,2025-10-17 13:26:00,2025-10-26 15:41:00,1.0,254.0,218.25,633.0,0,1,Not Cancelled,Normal,0,0,0,1,1,0,Not Cancelled
251017ANT2RHVM,Selesai,2025-10-17 09:23:00,2025-10-17,2025-10-17 09:23:00,2025-10-17 23:59:00,2025-10-17 19:45:00,2025-10-20 13:14:00,0.0,622.0,65.48333333333333,254.0,0,1,Not Cancelled,Normal,0,0,0,1,1,0,Not Cancelled
251017ANYBJB64,Batal,2025-10-17 09:26:00,2025-10-17,2025-10-17 09:27:00,2025-10-17 23:59:00,,,1.0,,,,1,0,Pre-Fulfillment,Not Processed,0,0,0,1,1,0,Change Order
251017AP7GUXVE,Selesai,2025-10-17 09:31:00,2025-10-17,2025-10-17 09:31:00,2025-10-17 23:59:00,2025-10-17 19:45:00,2025-10-23 11:11:00,0.0,614.0,135.43333333333334,254.0,0,1,Not Cancelled,Normal,0,0,0,1,1,0,Not Cancelled
251017AQJ4HRT9,Selesai,2025-10-17 09:55:00,2025-10-17,2025-10-17 09:55:00,2025-10-17 23:59:00,2025-10-17 19:45:00,2025-10-20 17:11:00,0.0,590.0,69.43333333333334,254.0,0,1,Not Cancelled,Normal,0,0,0,1,1,0,Not Cancelled
251017ARCDQY8N,Selesai,2025-10-17 10:09:00,2025-10-17,2025-10-17 10:09:00,2025-10-17 23:59:00,2025-10-17 19:45:00,2025-10-25 15:52:00,0.0,576.0,188.11666666666667,254.0,0,1,Not Cancelled,Normal,0,0,0,1,1,0,Not Cancelled
251017AS1G164F,Selesai,2025-10-17 10:21:00,2025-10-17,2025-10-17 10:21:00,2025-10-17 23:59:00,2025-10-17 19:45:00,2025-11-03 19:05:00,0.0,564.0,407.3333333333333,254.0,0,1,Not Cancelled,Normal,0,0,0,1,1,0,Not Cancelled
251017AS25020T,Selesai,2025-10-17 10:21:00,2025-10-17,2025-10-17 10:22:00,2025-10-17 23:59:00,2025-10-17 15:04:00,2025-10-18 12:06:00,1.0,283.0,21.033333333333335,535.0,0,1,Not Cancelled,Normal,0,0,0,1,1,0,Not Cancelled
251017AS45TAT9,Selesai,2025-10-17 10:23:00,2025-10-17,2025-10-17 10:23:00,2025-10-17 23:59:00,2025-10-17 19:45:00,2025-10-28 20:04:00,0.0,562.0,264.31666666666666,254.0,0,1,Not Cancelled,Normal,0,0,0,1,1,0,Not Cancelled
251017ATU4BKYM,Selesai,2025-10-17 10:53:00,2025-10-17,2025-10-17 10:53:00,2025-10-17 23:59:00,2025-10-17 19:45:00,2025-10-21 12:30:00,0.0,532.0,88.75,254.0,0,1,Not Cancelled,Normal,0,0,0,1,1,0,Not Cancelled
251017AUT648N6,Selesai,2025-10-17 11:11:00,2025-10-17,2025-10-17 11:13:00,2025-10-17 23:59:00,2025-10-17 19:45:00,2025-10-26 15:00:00,2.0,514.0,211.25,254.0,0,1,Not Cancelled,Normal,0,0,0,1,1,0,Not Cancelled
251017AVA76NTH,Batal,2025-10-17 11:20:00,2025-10-17,,,,,,,,,1,0,Pre-Fulfillment,Not Processed,0,0,0,1,1,0,Unpaid Order
251017AXBNE0U3,Selesai,2025-10-17 11:56:00,2025-10-17,2025-10-17 11:56:00,2025-10-17 23:59:00,2025-10-17 19:45:00,2025-10-18 18:33:00,0.0,469.0,22.8,254.0,0,1,Not Cancelled,Normal,0,0,0,1,1,0,Not Cancelled
251017AY9ACPJQ,Batal,2025-10-17 12:13:00,2025-10-17,,,,,,,,,1,0,Pre-Fulfillment,Not Processed,0,0,0,1,1,0,Change Address
251017AYE5TF2D,Selesai,2025-10-17 12:15:00,2025-10-17,2025-10-17 12:16:00,2025-10-20 23:59:00,2025-10-17 15:04:00,2025-10-21 09:56:00,1.0,169.0,90.86666666666666,4855.0,0,1,Not Cancelled,Normal,0,0,0,1,1,0,Not Cancelled
251017AYG8M4QC,Selesai,2025-10-17 12:17:00,2025-10-17,2025-10-17 12:17:00,2025-10-20 23:59:00,2025-10-17 19:45:00,2025-10-21 17:24:00,0.0,448.0,93.65,4574.0,0,1,Not Cancelled,Normal,0,0,0,1,1,0,Not Cancelled
251017B0ASAEJU,Batal,2025-10-17 12:31:00,2025-10-17,2025-10-17 12:32:00,2025-10-20 23:59:00,,,1.0,,,,1,0,Pre-Fulfillment,Not Processed,0,0,0,1,1,0,Change Order
251017B0GYR326,Selesai,2025-10-17 12:35:00,2025-10-17,2025-10-17 12:35:00,2025-10-20 23:59:00,2025-10-17 19:45:00,2025-10-27 13:15:00,0.0,430.0,233.5,4574.0,0,1,Not Cancelled,Normal,0,0,0,1,1,0,Not Cancelled
251017B198X34H,Selesai,2025-10-17 12:49:00,2025-10-17,2025-10-17 12:49:00,2025-10-20 23:59:00,2025-10-17 19:45:00,2025-10-23 12:29:00,0.0,416.0,136.73333333333332,4574.0,0,1,Not Cancelled,Normal,0,0,0,1,1,0,Not Cancelled
251017B2QAAY0A,Selesai,2025-10-17 13:14:00,2025-10-17,2025-10-17 13:14:00,2025-10-20 23:59:00,2025-10-17 19:45:00,2025-10-26 17:04:00,0.0,391.0,213.31666666666666,4574.0,0,1,Not Cancelled,Normal,0,0,0,1,1,0,Not Cancelled
251017B32NRJHD,Selesai,2025-10-17 13:21:00,2025-10-17,2025-10-17 13:21:00,2025-10-20 23:59:00,2025-10-17 19:45:00,2025-10-28 12:40:00,0.0,384.0,256.9166666666667,4574.0,0,1,Not Cancelled,Normal,0,0,0,1,1,0,Not Cancelled
251017B43DSX07,Selesai,2025-10-17 13:39:00,2025-10-17,2025-10-17 13:39:00,2025-10-20 23:59:00,2025-10-18 13:10:00,2025-10-25 13:43:00,0.0,1411.0,168.55,3529.0,0,1,Not Cancelled,Normal,0,0,0,1,1,0,Not Cancelled
251017B4AGRGG2,Selesai,2025-10-17 13:43:00,2025-10-17,2025-10-17 13:43:00,2025-10-20 23:59:00,2025-10-18 18:35:00,2025-10-27 16:17:00,0.0,1732.0,213.7,3204.0,0,1,Not Cancelled,Normal,0,0,0,1,1,0,Not Cancelled
251017B5U29B6F,Batal,2025-10-17 14:10:00,2025-10-17,,,,,,,,,1,0,Pre-Fulfillment,Not Processed,0,0,0,1,1,0,Change Order
251017B6U5DHA1,Selesai,2025-10-17 14:28:00,2025-10-17,2025-10-17 14:28:00,2025-10-20 23:59:00,2025-10-18 13:07:00,2025-10-25 14:24:00,0.0,1359.0,169.28333333333333,3532.0,0,1,Not Cancelled,Normal,0,0,0,1,1,0,Not Cancelled
251017B7JF5JC9,Selesai,2025-10-17 14:41:00,2025-10-17,2025-10-17 14:42:00,2025-10-20 23:59:00,2025-10-18 18:36:00,2025-10-26 16:43:00,1.0,1675.0,190.11666666666667,3203.0,0,1,Not Cancelled,Normal,0,0,0,1,1,0,Not Cancelled
251017B7NXTPG5,Selesai,2025-10-17 14:43:00,2025-10-17,2025-10-17 14:43:00,2025-10-20 23:59:00,2025-10-18 13:08:00,2025-10-26 03:16:00,0.0,1345.0,182.13333333333333,3531.0,0,1,Not Cancelled,Normal,0,0,0,1,1,0,Not Cancelled
251017B9D7TCHM,Selesai,2025-10-17 15:14:00,2025-10-17,2025-10-17 15:14:00,2025-10-20 23:59:00,2025-10-18 13:10:00,2025-10-20 13:22:00,0.0,1316.0,48.2,3529.0,0,1,Not Cancelled,Normal,0,0,0,1,1,0,Not Cancelled
251017BCFE7B6R,Selesai,2025-10-17 16:09:00,2025-10-17,2025-10-17 16:09:00,2025-10-20 23:59:00,2025-10-18 13:07:00,2025-10-27 21:55:00,0.0,1258.0,224.8,3532.0,0,1,Not Cancelled,Normal,0,0,0,1,1,0,Not Cancelled
251017BDAD80BE,Selesai,2025-10-17 16:24:00,2025-10-17,2025-10-17 16:24:00,2025-10-20 23:59:00,2025-10-18 18:36:00,2025-10-27 07:24:00,0.0,1572.0,204.8,3203.0,0,1,Not Cancelled,Normal,0,0,0,1,1,0,Not Cancelled
251017BGDTPX2V,Selesai,2025-10-17 17:20:00,2025-10-17,2025-10-17 17:22:00,2025-10-20 23:59:00,2025-10-18 13:08:00,2025-10-20 20:55:00,2.0,1188.0,55.78333333333333,3531.0,0,1,Not Cancelled,Normal,0,0,0,1,1,0,Not Cancelled
251017BJ95GPXJ,Selesai,2025-10-17 17:53:00,2025-10-17,2025-10-17 17:53:00,2025-10-20 23:59:00,2025-10-18 13:10:00,2025-10-27 01:12:00,0.0,1157.0,204.03333333333333,3529.0,0,1,Not Cancelled,Normal,0,0,0,1,1,0,Not Cancelled
251017BKR6DYVF,Selesai,2025-10-17 18:19:00,2025-10-17,2025-10-17 18:19:00,2025-10-20 23:59:00,2025-10-18 18:35:00,2025-10-20 19:27:00,0.0,1456.0,48.86666666666667,3204.0,0,1,Not Cancelled,Normal,0,0,0,1,1,0,Not Cancelled
251017BRG1CMFW,Selesai,2025-10-17 19:44:00,2025-10-17,2025-10-17 19:44:00,2025-10-20 23:59:00,2025-10-18 13:09:00,2025-10-30 19:14:00,0.0,1045.0,294.0833333333333,3530.0,0,1,Not Cancelled,Normal,0,0,0,1,1,0,Not Cancelled
251017BRX7B4VC,Selesai,2025-10-17 19:52:00,2025-10-17,2025-10-17 19:53:00,2025-10-20 23:59:00,2025-10-18 13:08:00,2025-10-31 15:01:00,1.0,1036.0,313.8833333333333,3531.0,0,1,Not Cancelled,Normal,0,0,0,1,1,0,Not Cancelled
251017BS1CD1M3,Selesai,2025-10-17 19:54:00,2025-10-17,2025-10-17 19:54:00,2025-10-20 23:59:00,2025-10-18 18:35:00,2025-10-22 18:19:00,0.0,1361.0,95.73333333333333,3204.0,0,1,Not Cancelled,Normal,0,0,0,1,1,0,Not Cancelled
251017BS1CDWA0,Selesai,2025-10-17 19:54:00,2025-10-17,2025-10-17 20:12:00,2025-10-20 23:59:00,2025-10-18 13:09:00,2025-10-20 19:42:00,18.0,1035.0,54.55,3530.0,0,1,Not Cancelled,Normal,0,0,0,1,1,0,Not Cancelled
251017BSENSKJX,Batal,2025-10-17 20:01:00,2025-10-17,2025-10-17 20:01:00,2025-10-20 23:59:00,,,0.0,,,,1,0,Pre-Fulfillment,Not Processed,0,0,0,1,1,0,Change Address
251017BSGC2J2E,Selesai,2025-10-17 20:02:00,2025-10-17,2025-10-17 20:02:00,2025-10-20 23:59:00,2025-10-18 18:35:00,2025-10-28 13:55:00,0.0,1353.0,235.33333333333334,3204.0,0,1,Not Cancelled,Normal,0,0,0,1,1,0,Not Cancelled
251017BTPX5VRG,Selesai,2025-10-17 20:24:00,2025-10-17,2025-10-17 20:24:00,2025-10-20 23:59:00,2025-10-18 13:08:00,2025-10-27 20:42:00,0.0,1004.0,223.56666666666666,3531.0,0,1,Not Cancelled,Normal,0,0,0,1,1,0,Not Cancelled
251017BVN7CBM4,Batal,2025-10-17 20:58:00,2025-10-17,2025-10-17 20:58:00,2025-10-20 23:59:00,,,0.0,,,,1,0,Pre-Fulfillment,Not Processed,0,0,0,1,1,0,Change Order
251017BVQQDRP4,Batal,2025-10-17 21:00:00,2025-10-17,2025-10-17 21:00:00,2025-10-20 23:59:00,,,0.0,,,,1,0,Pre-Fulfillment,Not Processed,0,0,0,1,1,0,Change Order
251017BVVWBK2K,Selesai,2025-10-17 21:03:00,2025-10-17,2025-10-17 21:03:00,2025-10-20 23:59:00,2025-10-18 13:08:00,2025-10-27 17:55:00,0.0,965.0,220.78333333333333,3531.0,0,1,Not Cancelled,Normal,0,0,0,1,1,0,Not Cancelled
251017BWB1D2CX,Selesai,2025-10-17 21:11:00,2025-10-17,2025-10-17 21:11:00,2025-10-20 23:59:00,2025-10-18 13:07:00,2025-10-22 18:17:00,0.0,956.0,101.16666666666667,3532.0,0,1,Not Cancelled,Normal,0,0,0,1,1,0,Not Cancelled
251017BWKSUAKC,Selesai,2025-10-17 21:16:00,2025-10-17,2025-10-17 21:16:00,2025-10-20 23:59:00,2025-10-18 13:08:00,2025-10-23 08:23:00,0.0,952.0,115.25,3531.0,0,1,Not Cancelled,Normal,0,0,0,1,1,0,Not Cancelled
251017BWT15AQD,Batal,2025-10-17 21:19:00,2025-10-17,2025-10-17 21:19:00,2025-10-20 23:59:00,,,0.0,,,,1,0,Pre-Fulfillment,Not Processed,0,0,0,1,1,0,Change Order
251017BX1FJXQ4,Selesai,2025-10-17 21:23:00,2025-10-17,2025-10-17 21:23:00,2025-10-20 23:59:00,2025-10-18 13:10:00,2025-10-21 07:42:00,0.0,947.0,66.53333333333333,3529.0,0,1,Not Cancelled,Normal,0,0,0,1,1,0,Not Cancelled
251017BXJHYPWC,Batal,2025-10-17 21:33:00,2025-10-17,2025-10-17 21:33:00,2025-10-20 23:59:00,,,0.0,,,,1,0,Pre-Fulfillment,Not Processed,0,0,0,1,1,0,Change Address
251017BXU7HHR2,Selesai,2025-10-17 21:38:00,2025-10-17,2025-10-17 21:38:00,2025-10-20 23:59:00,2025-10-18 13:08:00,2025-10-24 21:06:00,0.0,930.0,151.96666666666667,3531.0,0,1,Not Cancelled,Normal,0,0,0,1,1,0,Not Cancelled
251017BYPSNWRD,Selesai,2025-10-17 21:53:00,2025-10-17,2025-10-17 21:53:00,2025-10-20 23:59:00,2025-10-18 18:36:00,2025-10-27 14:53:00,0.0,1243.0,212.28333333333333,3203.0,0,1,Not Cancelled,Normal,0,0,0,1,1,0,Not Cancelled
251017C1N8JH40,Selesai,2025-10-17 22:28:00,2025-10-17,2025-10-17 22:28:00,2025-10-20 23:59:00,2025-10-18 18:35:00,2025-10-20 15:11:00,0.0,1207.0,44.6,3204.0,0,1,Not Cancelled,Normal,0,1,1,1,1,0,Not Cancelled
251017C1VEDN4K,Selesai,2025-10-17 22:32:00,2025-10-17,2025-10-18 17:21:00,2025-10-20 23:59:00,2025-10-20 13:27:00,2025-10-28 11:51:00,1129.0,3775.0,190.4,632.0,0,1,Not Cancelled,Critical,0,0,0,1,1,0,Not Cancelled
251018C4UJJAT0,Selesai,2025-10-17 23:25:00,2025-10-17,2025-10-17 23:25:00,2025-10-20 23:59:00,2025-10-18 13:08:00,2025-10-29 08:20:00,0.0,823.0,259.2,3531.0,0,1,Not Cancelled,Normal,0,0,0,1,1,0,Not Cancelled
251018C5FMBAXK,Selesai,2025-10-17 23:36:00,2025-10-17,2025-10-17 23:36:00,2025-10-20 23:59:00,2025-10-18 13:10:00,2025-10-24 16:28:00,0.0,814.0,147.3,3529.0,0,1,Not Cancelled,Normal,0,0,0,1,1,0,Not Cancelled
251018C9UA6DB3,Selesai,2025-10-18 00:54:00,2025-10-18,2025-10-18 00:55:00,2025-10-20 23:59:00,2025-10-18 13:08:00,2025-10-25 11:52:00,1.0,734.0,166.73333333333332,3531.0,0,1,Not Cancelled,Normal,0,0,0,1,1,0,Not Cancelled
251018CEWTMBXJ,Selesai,2025-10-18 02:25:00,2025-10-18,2025-10-18 02:25:00,2025-10-20 23:59:00,2025-10-18 18:35:00,2025-10-26 00:24:00,0.0,970.0,173.81666666666666,3204.0,0,1,Not Cancelled,Normal,0,0,0,1,1,0,Not Cancelled
251018CFGXWMW9,Selesai,2025-10-18 02:36:00,2025-10-18,2025-10-18 02:36:00,2025-10-20 23:59:00,2025-10-20 18:06:00,2025-10-23 09:44:00,0.0,3810.0,63.63333333333333,353.0,0,1,Not Cancelled,Critical,0,0,0,1,1,0,Not Cancelled
251018CFR7HYUK,Selesai,2025-10-18 02:40:00,2025-10-18,2025-10-18 02:41:00,2025-10-20 23:59:00,2025-10-18 13:09:00,2025-10-27 12:00:00,1.0,629.0,214.85,3530.0,0,1,Not Cancelled,Normal,0,0,0,1,1,0,Not Cancelled
251018CMMPBJ5C,Selesai,2025-10-18 04:08:00,2025-10-18,2025-10-18 04:08:00,2025-10-20 23:59:00,2025-10-18 18:35:00,2025-10-28 15:01:00,0.0,867.0,236.43333333333334,3204.0,0,1,Not Cancelled,Normal,0,0,0,1,1,0,Not Cancelled
251018CR6JCY5J,Batal,2025-10-18 05:11:00,2025-10-18,,,,,,,,,1,0,Pre-Fulfillment,Not Processed,0,0,0,1,1,0,Unpaid Order
251018CWX6VXGC,Selesai,2025-10-18 06:54:00,2025-10-18,2025-10-18 06:54:00,2025-10-20 23:59:00,2025-10-18 13:08:00,2025-10-20 15:37:00,0.0,374.0,50.483333333333334,3531.0,0,1,Not Cancelled,Normal,0,0,0,3,3,0,Not Cancelled
251018CX0N4Y0V,Batal,2025-10-18 06:55:00,2025-10-18,2025-10-18 06:55:00,2025-10-20 23:59:00,2025-10-18 06:55:00,,0.0,0.0,,3904.0,1,1,Post-Fulfillment Initiation,Normal,0,0,0,1,1,0,Delivery Failed
251018CY2AR1P3,Selesai,2025-10-18 07:14:00,2025-10-18,2025-10-18 07:14:00,2025-10-20 23:59:00,2025-10-18 13:08:00,2025-10-26 11:45:00,0.0,354.0,190.61666666666667,3531.0,0,1,Not Cancelled,Normal,0,0,0,1,1,0,Not Cancelled
251018CYE0M7JB,Selesai,2025-10-18 07:21:00,2025-10-18,2025-10-18 07:21:00,2025-10-20 23:59:00,2025-10-18 18:35:00,2025-10-27 18:34:00,0.0,674.0,215.98333333333332,3204.0,0,1,Not Cancelled,Normal,0,0,0,1,1,0,Not Cancelled
251018D203X4FD,Selesai,2025-10-18 08:07:00,2025-10-18,2025-10-18 08:07:00,2025-10-20 23:59:00,2025-10-18 18:35:00,2025-10-27 16:19:00,0.0,628.0,213.73333333333332,3204.0,0,1,Not Cancelled,Normal,0,0,0,1,1,0,Not Cancelled
251018D2FTHDDG,Selesai,2025-10-18 08:15:00,2025-10-18,2025-10-18 14:21:00,2025-10-20 23:59:00,2025-10-20 18:08:00,2025-10-28 20:06:00,366.0,3473.0,193.96666666666667,351.0,0,1,Not Cancelled,Critical,0,0,0,1,1,0,Not Cancelled
251018D2W4UXTK,Selesai,2025-10-18 08:23:00,2025-10-18,2025-10-18 08:23:00,2025-10-20 23:59:00,2025-10-18 18:35:00,2025-10-21 17:38:00,0.0,612.0,71.05,3204.0,0,1,Not Cancelled,Normal,0,0,0,1,1,0,Not Cancelled
251018D3DP5YK8,Selesai,2025-10-18 08:32:00,2025-10-18,2025-10-18 08:36:00,2025-10-20 23:59:00,2025-10-18 13:10:00,2025-10-20 18:23:00,4.0,278.0,53.21666666666667,3529.0,0,1,Not Cancelled,Normal,0,0,0,1,1,0,Not Cancelled
251018D4MQESJS,Selesai,2025-10-18 08:54:00,2025-10-18,2025-10-18 08:55:00,2025-10-20 23:59:00,2025-10-18 18:36:00,2025-10-19 22:34:00,1.0,582.0,27.966666666666665,3203.0,0,1,Not Cancelled,Normal,0,0,0,1,1,0,Not Cancelled
251018D5P8B762,Selesai,2025-10-18 09:13:00,2025-10-18,2025-10-18 09:13:00,2025-10-20 23:59:00,2025-10-18 13:06:00,2025-10-26 21:42:00,0.0,233.0,200.6,3533.0,0,1,Not Cancelled,Normal,0,0,0,1,1,0,Not Cancelled
251018D7ENNW3C,Batal,2025-10-18 09:44:00,2025-10-18,,,,,,,,,1,0,Pre-Fulfillment,Not Processed,0,0,0,1,1,0,Unpaid Order
251018D7FDG12S,Batal,2025-10-18 09:45:00,2025-10-18,2025-10-18 09:45:00,2025-10-20 23:59:00,,,0.0,,,,1,0,Pre-Fulfillment,Not Processed,0,0,0,1,1,0,Change Address
251018DAFMVX3T,Batal,2025-10-18 10:39:00,2025-10-18,2025-10-18 10:39:00,2025-10-18 13:39:00,,,0.0,,,,1,0,Pre-Fulfillment,Not Processed,0,0,0,3,1,0,Other
251018DARQQ90S,Selesai,2025-10-18 10:44:00,2025-10-18,2025-10-18 10:44:00,2025-10-20 23:59:00,2025-10-18 18:36:00,2025-10-21 10:59:00,0.0,472.0,64.38333333333334,3203.0,0,1,Not Cancelled,Normal,0,0,0,1,1,0,Not Cancelled
251018DAVX7M4M,Selesai,2025-10-18 10:46:00,2025-10-18,2025-10-18 10:46:00,2025-10-20 23:59:00,2025-10-18 18:35:00,2025-11-01 15:49:00,0.0,469.0,333.23333333333335,3204.0,0,1,Not Cancelled,Normal,0,0,0,1,1,0,Not Cancelled
251018DBE3HA2W,Selesai,2025-10-18 10:56:00,2025-10-18,2025-10-18 10:56:00,2025-10-20 23:59:00,2025-10-18 18:35:00,2025-10-27 10:34:00,0.0,459.0,207.98333333333332,3204.0,0,1,Not Cancelled,Normal,0,0,0,1,1,0,Not Cancelled
251018DBFM591H,Batal,2025-10-18 10:56:00,2025-10-18,2025-10-18 10:56:00,2025-10-20 23:59:00,,,0.0,,,,1,0,Pre-Fulfillment,Not Processed,0,0,0,1,1,0,Change Address
251018DBNTK9QH,Selesai,2025-10-18 11:00:00,2025-10-18,2025-10-18 11:03:00,2025-10-20 23:59:00,2025-10-18 18:35:00,2025-10-26 20:55:00,3.0,455.0,194.33333333333334,3204.0,0,1,Not Cancelled,Normal,0,0,0,2,2,0,Not Cancelled
251018DBW37PUR,Batal,2025-10-18 11:04:00,2025-10-18,,,,,,,,,1,0,Pre-Fulfillment,Not Processed,0,0,0,1,1,0,Unpaid Order
251018DEVY7V7Q,Selesai,2025-10-18 11:58:00,2025-10-18,2025-10-18 11:58:00,2025-10-20 23:59:00,2025-10-18 18:36:00,2025-10-29 17:18:00,0.0,398.0,262.7,3203.0,0,1,Not Cancelled,Normal,0,0,0,1,1,0,Not Cancelled
251018DF6VS2PW,Selesai,2025-10-18 12:03:00,2025-10-18,2025-10-18 12:03:00,2025-10-20 23:59:00,2025-10-18 18:36:00,2025-10-27 13:27:00,0.0,393.0,210.85,3203.0,0,1,Not Cancelled,Normal,0,0,0,1,1,0,Not Cancelled
251018DGHP8XYA,Selesai,2025-10-18 12:27:00,2025-10-18,2025-10-18 12:27:00,2025-10-20 23:59:00,2025-10-18 18:36:00,2025-10-21 20:25:00,0.0,369.0,73.81666666666666,3203.0,0,1,Not Cancelled,Normal,0,0,0,1,1,0,Not Cancelled
251018DHEUV4K1,Selesai,2025-10-18 12:43:00,2025-10-18,2025-10-18 12:43:00,2025-10-20 23:59:00,2025-10-18 18:36:00,2025-10-27 14:41:00,0.0,353.0,212.08333333333334,3203.0,0,1,Not Cancelled,Normal,0,0,0,1,1,0,Not Cancelled
251018DJY03CR7,Selesai,2025-10-18 13:10:00,2025-10-18,2025-10-18 13:10:00,2025-10-20 23:59:00,2025-10-20 18:06:00,2025-11-02 20:45:00,0.0,3176.0,314.65,353.0,0,1,Not Cancelled,Critical,0,0,0,2,1,0,Not Cancelled
251018DKYS62H7,Selesai,2025-10-18 13:29:00,2025-10-18,2025-10-18 13:29:00,2025-10-20 23:59:00,2025-10-20 13:26:00,2025-10-22 14:18:00,0.0,2877.0,48.86666666666667,633.0,0,1,Not Cancelled,Slow,0,0,0,1,1,0,Not Cancelled
251018DMG5MBTT,Selesai,2025-10-18 13:38:00,2025-10-18,2025-10-18 13:38:00,2025-10-20 23:59:00,2025-10-20 13:25:00,2025-10-23 11:35:00,0.0,2867.0,70.16666666666667,634.0,0,1,Not Cancelled,Slow,0,0,0,1,1,0,Not Cancelled
251018DMWUCNWQ,Selesai,2025-10-18 13:45:00,2025-10-18,2025-10-18 13:46:00,2025-10-20 23:59:00,2025-10-20 15:48:00,2025-10-29 15:13:00,1.0,3003.0,215.41666666666666,491.0,0,1,Not Cancelled,Slow,0,0,0,1,1,0,Not Cancelled
251018DNMKYDU5,Selesai,2025-10-18 13:58:00,2025-10-18,2025-10-18 13:58:00,2025-10-20 23:59:00,2025-10-20 13:29:00,2025-10-25 17:50:00,0.0,2851.0,124.35,630.0,0,1,Not Cancelled,Slow,0,0,0,1,1,0,Not Cancelled
251018DNPE5HYH,Selesai,2025-10-18 13:59:00,2025-10-18,2025-10-18 14:00:00,2025-10-20 23:59:00,2025-10-20 13:27:00,2025-10-29 13:08:00,1.0,2848.0,215.68333333333334,632.0,0,1,Not Cancelled,Slow,0,0,0,1,1,0,Not Cancelled
251018DP64SUT1,Selesai,2025-10-18 14:08:00,2025-10-18,2025-10-18 14:08:00,2025-10-20 23:59:00,2025-10-20 18:06:00,2025-10-30 17:24:00,0.0,3118.0,239.3,353.0,0,1,Not Cancelled,Slow,0,0,0,1,1,0,Not Cancelled
251018DPFBE2TK,Selesai,2025-10-18 14:13:00,2025-10-18,2025-10-18 14:14:00,2025-10-20 23:59:00,2025-10-18 18:35:00,2025-10-19 20:15:00,1.0,262.0,25.666666666666668,3204.0,0,1,Not Cancelled,Normal,0,0,0,1,1,0,Not Cancelled
251018DQRR41MF,Selesai,2025-10-18 14:36:00,2025-10-18,2025-10-18 14:36:00,2025-10-20 23:59:00,2025-10-20 13:29:00,2025-10-30 11:42:00,0.0,2813.0,238.21666666666667,630.0,0,1,Not Cancelled,Slow,0,0,0,1,1,0,Not Cancelled
251018DR29AGNV,Batal,2025-10-18 14:42:00,2025-10-18,2025-10-18 14:42:00,2025-10-20 23:59:00,2025-10-20 13:27:00,,0.0,2805.0,,632.0,1,1,Post-Fulfillment Initiation,Slow,0,0,0,1,1,0,Delivery Failed
251018DSF1PQNA,Selesai,2025-10-18 15:07:00,2025-10-18,2025-10-18 15:07:00,2025-10-20 23:59:00,2025-10-20 13:29:00,2025-10-28 19:24:00,0.0,2782.0,197.91666666666666,630.0,0,1,Not Cancelled,Slow,0,0,0,2,1,0,Not Cancelled
251018DSMTRFH2,Selesai,2025-10-18 15:10:00,2025-10-18,2025-10-18 15:10:00,2025-10-20 23:59:00,2025-10-20 18:07:00,2025-10-29 12:03:00,0.0,3057.0,209.93333333333334,352.0,0,1,Not Cancelled,Slow,0,0,0,1,1,0,Not Cancelled
251018DTBUVNBE,Selesai,2025-10-18 15:23:00,2025-10-18,2025-10-18 15:32:00,2025-10-20 23:59:00,2025-10-20 13:24:00,2025-10-22 10:33:00,9.0,2761.0,45.15,635.0,0,1,Not Cancelled,Slow,0,0,0,1,1,0,Not Cancelled
251018DVJG4MV0,Batal,2025-10-18 16:02:00,2025-10-18,,,,,,,,,1,0,Pre-Fulfillment,Not Processed,0,0,0,1,1,0,Unpaid Order
251018E0B5G5M1,Selesai,2025-10-18 17:10:00,2025-10-18,2025-10-18 17:10:00,2025-10-20 23:59:00,2025-10-20 13:24:00,2025-10-29 13:56:00,0.0,2654.0,216.53333333333333,635.0,0,1,Not Cancelled,Attention,0,0,0,1,1,0,Not Cancelled
251018E0JUMD40,Selesai,2025-10-18 17:14:00,2025-10-18,2025-10-18 17:14:00,2025-10-20 23:59:00,2025-10-20 13:30:00,2025-10-25 17:56:00,0.0,2656.0,124.43333333333334,629.0,0,1,Not Cancelled,Attention,0,0,0,1,1,0,Not Cancelled
251018E0TCVV02,Selesai,2025-10-18 17:18:00,2025-10-18,2025-10-18 17:18:00,2025-10-20 23:59:00,2025-10-20 18:05:00,2025-11-03 13:04:00,0.0,2927.0,330.98333333333335,354.0,0,1,Not Cancelled,Slow,0,0,0,1,1,0,Not Cancelled
251018E3AYM1E4,Batal,2025-10-18 18:03:00,2025-10-18,2025-10-18 18:03:00,2025-10-20 23:59:00,,,0.0,,,,1,0,Pre-Fulfillment,Not Processed,0,0,0,1,1,0,Other
251018E3RFKX3X,Selesai,2025-10-18 18:11:00,2025-10-18,2025-10-18 18:11:00,2025-10-20 23:59:00,2025-10-20 13:27:00,2025-10-22 10:22:00,0.0,2596.0,44.916666666666664,632.0,0,1,Not Cancelled,Attention,0,0,0,1,1,0,Not Cancelled
251018E3RXVA13,Selesai,2025-10-18 18:11:00,2025-10-18,2025-10-18 18:12:00,2025-10-20 23:59:00,2025-10-20 13:30:00,2025-10-22 20:08:00,1.0,2599.0,54.63333333333333,629.0,0,1,Not Cancelled,Attention,0,0,0,1,1,0,Not Cancelled
251018E5QKH5RX,Selesai,2025-10-18 18:46:00,2025-10-18,2025-10-18 18:46:00,2025-10-20 23:59:00,2025-10-20 15:48:00,2025-10-24 10:10:00,0.0,2702.0,90.36666666666666,491.0,0,1,Not Cancelled,Slow,0,0,0,1,1,0,Not Cancelled
251018E6SB1JN5,Selesai,2025-10-18 19:05:00,2025-10-18,2025-10-18 19:05:00,2025-10-20 23:59:00,2025-10-18 19:05:00,2025-10-20 09:11:00,0.0,0.0,38.1,3174.0,0,1,Not Cancelled,Normal,0,0,0,1,1,0,Not Cancelled
251018E7T7XVR8,Batal,2025-10-18 19:23:00,2025-10-18,2025-10-18 19:23:00,2025-10-20 23:59:00,,,0.0,,,,1,0,Pre-Fulfillment,Not Processed,0,0,0,1,1,0,Change Address
251018E80J3T0N,Selesai,2025-10-18 19:27:00,2025-10-18,2025-10-18 19:27:00,2025-10-20 23:59:00,2025-10-20 13:28:00,2025-10-29 15:04:00,0.0,2521.0,217.6,631.0,0,1,Not Cancelled,Attention,0,0,0,1,1,0,Not Cancelled
251018E8A0C6S5,Selesai,2025-10-18 19:32:00,2025-10-18,2025-10-18 19:32:00,2025-10-20 23:59:00,2025-10-20 13:28:00,2025-10-25 18:46:00,0.0,2516.0,125.3,631.0,0,1,Not Cancelled,Attention,0,0,0,1,1,0,Not Cancelled
251018E92GC0WF,Selesai,2025-10-18 19:46:00,2025-10-18,2025-10-18 19:46:00,2025-10-20 23:59:00,2025-10-20 13:26:00,2025-10-30 15:57:00,0.0,2500.0,242.51666666666668,633.0,0,1,Not Cancelled,Attention,0,0,0,1,1,0,Not Cancelled
251018EA6M5173,Selesai,2025-10-18 20:06:00,2025-10-18,2025-10-18 20:06:00,2025-10-20 23:59:00,2025-10-20 13:26:00,2025-10-24 19:27:00,0.0,2480.0,102.01666666666667,633.0,0,1,Not Cancelled,Attention,0,0,0,1,1,0,Not Cancelled
251018EARR1HBG,Selesai,2025-10-18 20:16:00,2025-10-18,2025-10-18 20:17:00,2025-10-20 23:59:00,2025-10-20 18:06:00,2025-10-24 05:45:00,1.0,2750.0,83.65,353.0,0,1,Not Cancelled,Slow,0,0,0,1,1,0,Not Cancelled
251018EBS0V74E,Selesai,2025-10-18 20:34:00,2025-10-18,2025-10-18 20:34:00,2025-10-20 23:59:00,2025-10-20 18:06:00,2025-10-30 09:37:00,0.0,2732.0,231.51666666666668,353.0,0,1,Not Cancelled,Slow,0,0,0,1,1,0,Not Cancelled
251018EC07MMX5,Selesai,2025-10-18 20:38:00,2025-10-18,2025-10-18 20:38:00,2025-10-20 23:59:00,2025-10-18 20:39:00,2025-10-27 18:44:00,0.0,1.0,214.08333333333334,3080.0,0,1,Not Cancelled,Normal,0,0,0,1,1,0,Not Cancelled
251018EC181EU5,Selesai,2025-10-18 20:39:00,2025-10-18,2025-10-18 20:39:00,2025-10-20 23:59:00,2025-10-20 13:26:00,2025-10-31 16:46:00,0.0,2447.0,267.3333333333333,633.0,0,1,Not Cancelled,Attention,0,0,0,1,1,0,Not Cancelled
251018EC6VACAC,Selesai,2025-10-18 20:42:00,2025-10-18,2025-10-18 20:42:00,2025-10-20 23:59:00,2025-10-20 13:26:00,2025-10-22 18:30:00,0.0,2444.0,53.06666666666667,633.0,0,1,Not Cancelled,Attention,0,1,1,1,1,0,Not Cancelled
251018ECVYVHYP,Batal,2025-10-18 20:54:00,2025-10-18,2025-10-18 20:54:00,2025-10-20 23:59:00,,,0.0,,,,1,0,Pre-Fulfillment,Not Processed,0,0,0,1,1,0,Change Order
251018EDAGV0RG,Batal,2025-10-18 21:02:00,2025-10-18,2025-10-18 21:02:00,2025-10-20 23:59:00,,,0.0,,,,1,0,Pre-Fulfillment,Not Processed,0,0,0,1,1,0,Change Order
251018EDD8KP4D,Selesai,2025-10-18 21:04:00,2025-10-18,2025-10-18 21:04:00,2025-10-20 23:59:00,2025-10-20 13:27:00,2025-10-29 20:49:00,0.0,2423.0,223.36666666666667,632.0,0,1,Not Cancelled,Attention,0,0,0,1,1,0,Not Cancelled
251018EDTTHF58,Batal,2025-10-18 21:11:00,2025-10-18,,,,,,,,,1,0,Pre-Fulfillment,Not Processed,0,0,0,1,1,0,Change Address
251018EDVC4DQH,Selesai,2025-10-18 21:12:00,2025-10-18,2025-10-18 21:12:00,2025-10-20 23:59:00,2025-10-20 13:25:00,2025-10-24 13:04:00,0.0,2413.0,95.65,634.0,0,1,Not Cancelled,Attention,0,0,0,1,1,0,Not Cancelled
251018EF4T80AG,Selesai,2025-10-18 21:35:00,2025-10-18,2025-10-18 21:35:00,2025-10-20 23:59:00,2025-10-20 18:04:00,2025-11-01 20:45:00,0.0,2669.0,290.68333333333334,355.0,0,1,Not Cancelled,Attention,0,0,0,1,1,0,Not Cancelled
251018EF8U0XV8,Selesai,2025-10-18 21:37:00,2025-10-18,2025-10-18 21:37:00,2025-10-20 23:59:00,2025-10-20 13:27:00,2025-11-06 15:41:00,0.0,2390.0,410.23333333333335,632.0,0,1,Not Cancelled,Attention,0,0,0,1,1,0,Not Cancelled
251018EH0R59TF,Batal,2025-10-18 22:08:00,2025-10-18,2025-10-18 22:08:00,2025-10-20 23:59:00,,,0.0,,,,1,0,Pre-Fulfillment,Not Processed,0,0,0,1,1,0,Change Order
251018EHE3C0SR,Selesai,2025-10-18 22:16:00,2025-10-18,2025-10-18 22:16:00,2025-10-20 23:59:00,2025-10-20 13:25:00,2025-10-30 22:42:00,0.0,2349.0,249.28333333333333,634.0,0,1,Not Cancelled,Attention,0,0,0,1,1,0,Not Cancelled
251018EHSYWYX8,Batal,2025-10-18 22:22:00,2025-10-18,2025-10-18 22:22:00,2025-10-20 23:59:00,,,0.0,,,,1,0,Pre-Fulfillment,Not Processed,0,0,0,1,1,0,Other
251018EHVD5BYP,Selesai,2025-10-18 22:24:00,2025-10-18,2025-10-18 22:24:00,2025-10-20 23:59:00,2025-10-20 18:04:00,2025-10-28 15:06:00,0.0,2620.0,189.03333333333333,355.0,0,1,Not Cancelled,Attention,0,0,0,1,1,0,Not Cancelled
251018EJU5BCT9,Selesai,2025-10-18 22:41:00,2025-10-18,2025-10-18 22:41:00,2025-10-20 23:59:00,2025-10-18 22:41:00,2025-10-27 11:50:00,0.0,0.0,205.15,2958.0,0,1,Not Cancelled,Normal,0,0,0,1,1,0,Not Cancelled
251019EN2XPPAJ,Batal,2025-10-18 23:21:00,2025-10-18,,,,,,,,,1,0,Pre-Fulfillment,Not Processed,0,0,0,1,1,0,Unpaid Order
251019EN45SFBB,Selesai,2025-10-18 23:22:00,2025-10-18,2025-10-18 23:22:00,2025-10-20 23:59:00,2025-10-20 13:28:00,2025-11-01 20:20:00,0.0,2286.0,294.8666666666667,631.0,0,1,Not Cancelled,Attention,0,0,0,1,1,0,Not Cancelled
251019ENXX70WR,Selesai,2025-10-18 23:37:00,2025-10-18,2025-10-18 23:37:00,2025-10-20 23:59:00,2025-10-18 23:37:00,2025-10-27 21:29:00,0.0,0.0,213.86666666666667,2902.0,0,1,Not Cancelled,Normal,0,0,0,1,1,0,Not Cancelled
251019ER0BHQAC,Selesai,2025-10-19 00:13:00,2025-10-19,2025-10-19 00:13:00,2025-10-20 23:59:00,2025-10-20 13:29:00,2025-10-30 18:49:00,0.0,2236.0,245.33333333333334,630.0,0,1,Not Cancelled,Attention,0,0,0,1,1,0,Not Cancelled
251019ER7FF1B6,Selesai,2025-10-19 00:17:00,2025-10-19,2025-10-19 00:17:00,2025-10-20 23:59:00,2025-10-20 13:24:00,2025-10-29 18:21:00,0.0,2227.0,220.95,635.0,0,1,Not Cancelled,Attention,0,0,0,1,1,0,Not Cancelled
251019ER9QY8A5,Selesai,2025-10-19 00:18:00,2025-10-19,2025-10-19 00:18:00,2025-10-20 23:59:00,2025-10-20 13:24:00,2025-10-27 10:20:00,0.0,2226.0,164.93333333333334,635.0,0,1,Not Cancelled,Attention,0,0,0,1,1,0,Not Cancelled
251019ERE8V154,Selesai,2025-10-19 00:21:00,2025-10-19,2025-10-19 00:21:00,2025-10-20 23:59:00,2025-10-20 13:26:00,2025-10-24 14:10:00,0.0,2225.0,96.73333333333333,633.0,0,1,Not Cancelled,Attention,0,0,0,1,1,0,Not Cancelled
251019EUP4G2PD,Selesai,2025-10-19 01:19:00,2025-10-19,2025-10-19 01:19:00,2025-10-20 23:59:00,2025-10-20 18:04:00,2025-10-27 19:59:00,0.0,2445.0,169.91666666666666,355.0,0,1,Not Cancelled,Attention,0,0,0,1,1,0,Not Cancelled
251019EUX9S7RH,Selesai,2025-10-19 01:24:00,2025-10-19,2025-10-19 01:24:00,2025-10-20 23:59:00,2025-10-20 18:05:00,2025-10-31 09:27:00,0.0,2441.0,255.36666666666667,354.0,0,1,Not Cancelled,Attention,0,0,0,1,1,0,Not Cancelled
251019EXYS81F8,Selesai,2025-10-19 02:18:00,2025-10-19,2025-10-19 02:18:00,2025-10-20 23:59:00,2025-10-20 13:26:00,2025-10-28 17:26:00,0.0,2108.0,196.0,633.0,0,1,Not Cancelled,Attention,0,0,0,1,1,0,Not Cancelled
251019F08UD5AQ,Selesai,2025-10-19 02:41:00,2025-10-19,2025-10-19 02:41:00,2025-10-20 23:59:00,2025-10-20 13:27:00,2025-11-03 00:12:00,0.0,2086.0,322.75,632.0,0,1,Not Cancelled,Attention,0,0,0,1,1,0,Not Cancelled
251019F3NKCPPG,Selesai,2025-10-19 03:42:00,2025-10-19,2025-10-19 03:42:00,2025-10-20 23:59:00,2025-10-19 03:42:00,2025-10-21 01:11:00,0.0,0.0,45.483333333333334,2657.0,0,1,Not Cancelled,Normal,0,0,0,1,1,0,Not Cancelled
251019F9X8EG8N,Selesai,2025-10-19 05:34:00,2025-10-19,2025-10-19 05:34:00,2025-10-20 23:59:00,2025-10-20 18:06:00,2025-10-22 14:59:00,0.0,2192.0,44.88333333333333,353.0,0,1,Not Cancelled,Attention,0,0,0,1,1,0,Not Cancelled
251019FCFWFW9B,Selesai,2025-10-19 06:20:00,2025-10-19,2025-10-19 06:20:00,2025-10-20 23:59:00,2025-10-20 18:06:00,2025-10-27 15:01:00,0.0,2146.0,164.91666666666666,353.0,0,1,Not Cancelled,Attention,0,0,0,1,1,0,Not Cancelled
251019FCV6E26W,Batal,2025-10-19 06:27:00,2025-10-19,,,,,,,,,1,0,Pre-Fulfillment,Not Processed,0,0,0,1,1,0,Voucher Issue
251019FFUQXD53,Selesai,2025-10-19 07:20:00,2025-10-19,2025-10-19 07:20:00,2025-10-20 23:59:00,2025-10-20 13:30:00,2025-10-28 14:20:00,0.0,1810.0,192.83333333333334,629.0,0,1,Not Cancelled,Normal,0,0,0,1,1,0,Not Cancelled
251019FGW7SKUW,Selesai,2025-10-19 07:39:00,2025-10-19,2025-10-19 07:39:00,2025-10-20 23:59:00,2025-10-20 13:27:00,2025-11-01 19:14:00,0.0,1788.0,293.78333333333336,632.0,0,1,Not Cancelled,Normal,0,0,0,1,1,0,Not Cancelled
251019FJ313RX6,Selesai,2025-10-19 08:00:00,2025-10-19,2025-10-19 08:02:00,2025-10-20 23:59:00,2025-10-20 13:24:00,2025-10-30 19:13:00,2.0,1764.0,245.81666666666666,635.0,0,1,Not Cancelled,Normal,0,0,0,1,1,0,Not Cancelled
251019FKCXXPKD,Selesai,2025-10-19 08:23:00,2025-10-19,2025-10-19 08:23:00,2025-10-20 23:59:00,2025-10-20 18:06:00,2025-10-29 20:09:00,0.0,2023.0,218.05,353.0,0,1,Not Cancelled,Attention,0,0,0,1,1,0,Not Cancelled
251019FKX1B71C,Selesai,2025-10-19 08:33:00,2025-10-19,2025-10-19 08:34:00,2025-10-20 23:59:00,2025-10-20 18:05:00,2025-10-25 05:18:00,1.0,2012.0,107.21666666666667,354.0,0,1,Not Cancelled,Attention,0,0,0,1,1,0,Not Cancelled
251019FM3VA3SA,Batal,2025-10-19 08:36:00,2025-10-19,2025-10-19 08:39:00,2025-10-20 23:59:00,,,3.0,,,,1,0,Pre-Fulfillment,Not Processed,0,0,0,1,1,0,Change Order
251019FMMVSY90,Selesai,2025-10-19 08:46:00,2025-10-19,2025-10-19 08:46:00,2025-10-20 23:59:00,2025-10-20 18:07:00,2025-10-26 15:23:00,0.0,2001.0,141.26666666666668,352.0,0,1,Not Cancelled,Attention,0,0,0,1,1,0,Not Cancelled
251019FMNA52DN,Selesai,2025-10-19 08:46:00,2025-10-19,2025-10-19 08:46:00,2025-10-20 23:59:00,2025-10-20 13:30:00,2025-10-28 18:54:00,0.0,1724.0,197.4,629.0,0,1,Not Cancelled,Normal,0,0,0,1,1,0,Not Cancelled
251019FMST64M6,Selesai,2025-10-19 08:48:00,2025-10-19,2025-10-19 08:49:00,2025-10-20 23:59:00,2025-10-19 08:49:00,2025-10-20 14:12:00,1.0,1.0,29.383333333333333,2350.0,0,1,Not Cancelled,Normal,0,0,0,1,1,0,Not Cancelled
251019FN7SFGYY,Selesai,2025-10-19 08:56:00,2025-10-19,2025-10-19 08:56:00,2025-10-20 23:59:00,2025-10-20 18:06:00,2025-10-23 21:04:00,0.0,1990.0,74.96666666666667,353.0,0,1,Not Cancelled,Attention,0,0,0,1,1,0,Not Cancelled
251019FN8YKKUK,Selesai,2025-10-19 08:57:00,2025-10-19,2025-10-19 08:57:00,2025-10-20 23:59:00,2025-10-20 13:24:00,2025-10-23 15:29:00,0.0,1707.0,74.08333333333333,635.0,0,1,Not Cancelled,Normal,0,0,0,1,1,0,Not Cancelled
251019FQNHM4GA,Selesai,2025-10-19 09:40:00,2025-10-19,2025-10-19 09:40:00,2025-10-20 23:59:00,2025-10-20 13:30:00,2025-10-28 10:24:00,0.0,1670.0,188.9,629.0,0,1,Not Cancelled,Normal,0,0,0,1,1,0,Not Cancelled
251019FRP05735,Selesai,2025-10-19 09:58:00,2025-10-19,2025-10-19 10:03:00,2025-10-20 23:59:00,2025-10-20 13:26:00,2025-10-24 05:57:00,5.0,1648.0,88.51666666666667,633.0,0,1,Not Cancelled,Normal,0,0,0,1,1,0,Not Cancelled
251019FRQ787NK,Batal,2025-10-19 09:59:00,2025-10-19,2025-10-19 09:59:00,,,,0.0,,,,1,0,Pre-Fulfillment,Not Processed,0,0,0,1,1,0,Change Order
251019FRTF6JAS,Selesai,2025-10-19 10:00:00,2025-10-19,2025-10-19 10:05:00,2025-10-20 23:59:00,2025-10-20 13:27:00,2025-10-30 12:45:00,5.0,1647.0,239.3,632.0,0,1,Not Cancelled,Normal,0,0,0,1,1,0,Not Cancelled
251019FT7SSFAU,Selesai,2025-10-19 10:26:00,2025-10-19,2025-10-19 10:27:00,2025-10-20 23:59:00,2025-10-20 15:48:00,2025-10-23 16:29:00,1.0,1762.0,72.68333333333334,491.0,0,1,Not Cancelled,Normal,0,0,0,1,1,0,Not Cancelled
251019FTS002EV,Selesai,2025-10-19 10:35:00,2025-10-19,2025-10-19 10:36:00,2025-10-20 23:59:00,2025-10-20 13:29:00,2025-10-28 11:15:00,1.0,1614.0,189.76666666666668,630.0,0,1,Not Cancelled,Normal,0,0,0,2,2,0,Not Cancelled
251019FU381BGJ,Selesai,2025-10-19 10:41:00,2025-10-19,2025-10-19 10:41:00,2025-10-20 23:59:00,2025-10-20 18:04:00,2025-11-01 20:12:00,0.0,1883.0,290.1333333333333,355.0,0,1,Not Cancelled,Normal,0,0,0,1,1,0,Not Cancelled
251019FUYTNPAB,Selesai,2025-10-19 10:57:00,2025-10-19,2025-10-19 10:57:00,2025-10-20 23:59:00,2025-10-20 18:06:00,2025-11-04 13:34:00,0.0,1869.0,355.46666666666664,353.0,0,1,Not Cancelled,Normal,0,0,0,1,1,0,Not Cancelled
251019G0PGE3BB,Selesai,2025-10-19 12:21:00,2025-10-19,2025-10-19 12:21:00,2025-10-20 23:59:00,2025-10-20 13:30:00,2025-10-23 11:35:00,0.0,1509.0,70.08333333333333,629.0,0,1,Not Cancelled,Normal,0,0,0,1,1,0,Not Cancelled
251019G3DSQ84P,Selesai,2025-10-19 13:10:00,2025-10-19,2025-10-19 13:10:00,2025-10-20 23:59:00,2025-10-20 13:26:00,2025-10-29 21:46:00,0.0,1456.0,224.33333333333334,633.0,0,1,Not Cancelled,Normal,0,0,0,1,1,0,Not Cancelled
251019G3XBXHT1,Selesai,2025-10-19 13:19:00,2025-10-19,2025-10-19 13:20:00,2025-10-20 23:59:00,2025-10-20 18:07:00,2025-10-27 21:24:00,1.0,1728.0,171.28333333333333,352.0,0,1,Not Cancelled,Normal,0,0,0,1,1,0,Not Cancelled
251019G480XSTK,Selesai,2025-10-19 13:25:00,2025-10-19,2025-10-19 13:25:00,2025-10-20 23:59:00,2025-10-20 18:05:00,2025-10-29 07:18:00,0.0,1720.0,205.21666666666667,354.0,0,1,Not Cancelled,Normal,0,0,0,1,1,0,Not Cancelled
251019G5PGPMFS,Batal,2025-10-19 13:51:00,2025-10-19,2025-10-19 13:51:00,2025-10-20 23:59:00,,,0.0,,,,1,0,Pre-Fulfillment,Not Processed,0,0,0,1,1,0,Other
251019G5RDPVW9,Selesai,2025-10-19 13:52:00,2025-10-19,2025-10-19 13:52:00,2025-10-20 23:59:00,2025-10-20 18:04:00,2025-11-03 15:29:00,0.0,1692.0,333.4166666666667,355.0,0,1,Not Cancelled,Normal,0,0,0,1,1,0,Not Cancelled
251019G5WMMBAV,Selesai,2025-10-19 13:55:00,2025-10-19,2025-10-19 13:55:00,2025-10-20 23:59:00,2025-10-20 13:27:00,2025-10-30 09:33:00,0.0,1412.0,236.1,632.0,0,1,Not Cancelled,Normal,0,0,0,1,1,0,Not Cancelled
251019G85C3KQU,Selesai,2025-10-19 14:35:00,2025-10-19,2025-10-19 14:35:00,2025-10-20 23:59:00,2025-10-20 20:22:00,2025-10-22 12:20:00,0.0,1787.0,39.96666666666667,217.0,0,1,Not Cancelled,Normal,0,0,0,1,1,0,Not Cancelled
251019G8B807A1,Selesai,2025-10-19 14:38:00,2025-10-19,2025-10-19 14:39:00,2025-10-20 23:59:00,2025-10-20 18:04:00,2025-10-29 11:43:00,1.0,1646.0,209.65,355.0,0,1,Not Cancelled,Normal,0,0,0,1,1,0,Not Cancelled
251019GAN53BHY,Selesai,2025-10-19 15:20:00,2025-10-19,2025-10-19 15:20:00,2025-10-20 23:59:00,2025-10-20 13:30:00,2025-10-23 11:17:00,0.0,1330.0,69.78333333333333,629.0,0,1,Not Cancelled,Normal,0,0,0,1,1,0,Not Cancelled
251019GB2N5YKQ,Selesai,2025-10-19 15:27:00,2025-10-19,2025-10-19 15:27:00,2025-10-20 23:59:00,2025-10-20 13:30:00,2025-11-04 19:51:00,0.0,1323.0,366.35,629.0,0,1,Not Cancelled,Normal,0,0,0,1,1,0,Not Cancelled
251019GB6K25E1,Selesai,2025-10-19 15:29:00,2025-10-19,2025-10-19 15:30:00,2025-10-20 23:59:00,2025-10-20 15:48:00,2025-10-26 05:27:00,1.0,1459.0,133.65,491.0,0,1,Not Cancelled,Normal,0,0,0,1,1,0,Not Cancelled
251019GBVF02DY,Selesai,2025-10-19 15:42:00,2025-10-19,2025-10-19 15:42:00,2025-10-20 23:59:00,2025-10-19 15:42:00,2025-10-20 20:58:00,0.0,0.0,29.266666666666666,1937.0,0,1,Not Cancelled,Normal,0,0,0,1,1,0,Not Cancelled
251019GDD689BC,Batal,2025-10-19 16:09:00,2025-10-19,,,,,,,,,1,0,Pre-Fulfillment,Not Processed,0,0,0,2,1,0,Other
251019GDQ1021T,Selesai,2025-10-19 16:14:00,2025-10-19,2025-10-19 16:15:00,2025-10-20 23:59:00,2025-10-20 13:30:00,2025-10-26 11:15:00,1.0,1276.0,141.75,629.0,0,1,Not Cancelled,Normal,0,0,0,1,1,0,Not Cancelled
251019GDQVNA2P,Selesai,2025-10-19 16:15:00,2025-10-19,2025-10-19 17:19:00,2025-10-20 23:59:00,2025-10-20 18:06:00,2025-10-26 09:17:00,64.0,1551.0,135.18333333333334,353.0,0,1,Not Cancelled,Normal,0,0,0,2,1,0,Not Cancelled
251019GE4MS27W,Batal,2025-10-19 16:22:00,2025-10-19,2025-10-19 16:22:00,2025-10-20 23:59:00,,,0.0,,,,1,0,Pre-Fulfillment,Not Processed,0,0,0,1,1,0,Change Order
251019GEAJJWVH,Selesai,2025-10-19 16:25:00,2025-10-19,2025-10-19 16:25:00,2025-10-20 23:59:00,2025-10-20 18:04:00,2025-11-03 00:27:00,0.0,1539.0,318.3833333333333,355.0,0,1,Not Cancelled,Normal,0,0,0,1,1,0,Not Cancelled
251019GEAY1GFW,Selesai,2025-10-19 16:25:00,2025-10-19,2025-10-19 16:26:00,2025-10-20 23:59:00,2025-10-19 16:26:00,2025-10-20 23:18:00,1.0,1.0,30.866666666666667,1893.0,0,1,Not Cancelled,Normal,0,0,0,1,1,0,Not Cancelled
251019GEHDWQ29,Batal,2025-10-19 16:29:00,2025-10-19,2025-10-19 16:29:00,2025-10-20 23:59:00,2025-10-19 16:29:00,,0.0,0.0,,1890.0,1,1,Post-Fulfillment Initiation,Normal,0,0,0,1,1,0,Delivery Failed
251019GF66M59K,Selesai,2025-10-19 16:41:00,2025-10-19,2025-10-19 16:41:00,2025-10-20 23:59:00,2025-10-20 13:29:00,2025-11-01 17:13:00,0.0,1248.0,291.73333333333335,630.0,0,1,Not Cancelled,Normal,0,0,0,1,1,0,Not Cancelled
251019GFDEC9XH,Selesai,2025-10-19 16:45:00,2025-10-19,2025-10-19 16:45:00,2025-10-20 23:59:00,2025-10-20 18:05:00,2025-10-28 13:47:00,0.0,1520.0,187.7,354.0,0,1,Not Cancelled,Normal,0,0,0,1,1,0,Not Cancelled
251019GFQV5GSH,Selesai,2025-10-19 16:51:00,2025-10-19,2025-10-19 16:51:00,2025-10-20 23:59:00,2025-10-19 16:51:00,2025-10-28 16:45:00,0.0,0.0,215.9,1868.0,0,1,Not Cancelled,Normal,0,0,0,1,1,0,Not Cancelled
251019GFYFBRJ9,Selesai,2025-10-19 16:55:00,2025-10-19,2025-10-19 16:55:00,2025-10-20 23:59:00,2025-10-20 13:27:00,2025-10-28 16:09:00,0.0,1232.0,194.7,632.0,0,1,Not Cancelled,Normal,0,0,0,1,1,0,Not Cancelled
251019GG0PDNVV,Selesai,2025-10-19 16:55:00,2025-10-19,2025-10-19 16:56:00,2025-10-20 23:59:00,2025-10-20 18:04:00,2025-11-02 13:55:00,1.0,1509.0,307.85,355.0,0,1,Not Cancelled,Normal,0,0,0,1,1,0,Not Cancelled
251019GGFUWEMT,Selesai,2025-10-19 17:04:00,2025-10-19,2025-10-19 17:04:00,2025-10-20 23:59:00,2025-10-20 13:29:00,2025-10-27 16:18:00,0.0,1225.0,170.81666666666666,630.0,0,1,Not Cancelled,Normal,0,0,0,1,1,0,Not Cancelled
251019GH03P2KB,Selesai,2025-10-19 17:13:00,2025-10-19,2025-10-19 17:15:00,2025-10-20 23:59:00,2025-10-20 18:05:00,2025-10-29 14:05:00,2.0,1492.0,212.0,354.0,0,1,Not Cancelled,Normal,0,0,0,1,1,0,Not Cancelled
251019GH59M2FE,Selesai,2025-10-19 17:16:00,2025-10-19,2025-10-19 17:16:00,2025-10-20 23:59:00,2025-10-20 18:04:00,2025-10-21 23:09:00,0.0,1488.0,29.083333333333332,355.0,0,1,Not Cancelled,Normal,0,0,0,1,1,0,Not Cancelled
251019GHJD5NKK,Selesai,2025-10-19 17:23:00,2025-10-19,2025-10-19 17:23:00,2025-10-20 23:59:00,2025-10-20 13:26:00,2025-10-29 21:44:00,0.0,1203.0,224.3,633.0,0,1,Not Cancelled,Normal,0,0,0,1,1,0,Not Cancelled
251019GJM1W2M1,Selesai,2025-10-19 17:42:00,2025-10-19,2025-10-19 17:42:00,2025-10-20 23:59:00,2025-10-20 18:06:00,2025-10-30 17:45:00,0.0,1464.0,239.65,353.0,0,1,Not Cancelled,Normal,0,0,0,3,1,0,Not Cancelled
251019GM7PM4XB,Selesai,2025-10-19 18:11:00,2025-10-19,2025-10-19 18:11:00,2025-10-20 23:59:00,2025-10-20 18:06:00,2025-10-21 20:11:00,0.0,1435.0,26.083333333333332,353.0,0,1,Not Cancelled,Normal,0,0,0,1,1,0,Not Cancelled
251019GN63CAX3,Selesai,2025-10-19 18:28:00,2025-10-19,2025-10-19 18:28:00,2025-10-20 23:59:00,2025-10-20 18:04:00,2025-10-25 14:39:00,0.0,1416.0,116.58333333333333,355.0,0,1,Not Cancelled,Normal,0,0,0,1,1,0,Not Cancelled
251019GN9E60VK,Selesai,2025-10-19 18:30:00,2025-10-19,2025-10-19 18:30:00,2025-10-20 23:59:00,2025-10-20 13:25:00,2025-10-23 16:05:00,0.0,1135.0,74.66666666666667,634.0,0,1,Not Cancelled,Normal,0,0,0,1,1,0,Not Cancelled
251019GNCEFKQG,Batal,2025-10-19 18:32:00,2025-10-19,2025-10-19 18:32:00,2025-10-20 23:59:00,,,0.0,,,,1,0,Pre-Fulfillment,Not Processed,0,0,0,1,1,0,Change Order
251019GNQ5U0TV,Selesai,2025-10-19 18:38:00,2025-10-19,2025-10-19 18:38:00,2025-10-20 23:59:00,2025-10-19 18:38:00,2025-10-21 12:04:00,0.0,0.0,41.43333333333333,1761.0,0,1,Not Cancelled,Normal,0,1,1,1,1,0,Not Cancelled
251019GNVFK6DN,Selesai,2025-10-19 18:41:00,2025-10-19,2025-10-20 16:37:00,2025-10-21 23:59:00,2025-10-21 18:12:00,2025-10-30 14:05:00,1316.0,2851.0,211.88333333333333,347.0,0,1,Not Cancelled,Slow,0,0,0,1,1,0,Not Cancelled
251019GP3A0AVF,Selesai,2025-10-19 18:44:00,2025-10-19,2025-10-19 18:45:00,2025-10-20 23:59:00,2025-10-20 18:06:00,2025-10-28 17:33:00,1.0,1402.0,191.45,353.0,0,1,Not Cancelled,Normal,0,0,0,1,1,0,Not Cancelled
251019GPRAA7C4,Selesai,2025-10-19 18:56:00,2025-10-19,2025-10-19 18:56:00,2025-10-20 23:59:00,2025-10-20 13:27:00,2025-11-10 14:08:00,0.0,1111.0,504.68333333333334,632.0,0,1,Not Cancelled,Normal,0,0,0,1,1,0,Not Cancelled
251019GQA3N4JY,Batal,2025-10-19 19:06:00,2025-10-19,2025-10-19 19:06:00,2025-10-20 23:59:00,2025-10-20 18:05:00,,0.0,1379.0,,354.0,1,1,Post-Fulfillment Initiation,Normal,0,0,0,1,1,0,Delivery Failed
251019GQHRPD9X,Selesai,2025-10-19 19:10:00,2025-10-19,2025-10-19 19:11:00,2025-10-20 23:59:00,2025-10-20 13:29:00,2025-10-22 19:38:00,1.0,1099.0,54.15,630.0,0,1,Not Cancelled,Normal,0,0,0,1,1,0,Not Cancelled
251019GQXY6Q47,Selesai,2025-10-19 19:18:00,2025-10-19,2025-10-19 19:19:00,2025-10-20 23:59:00,2025-10-19 19:19:00,2025-10-22 22:13:00,1.0,1.0,74.9,1720.0,0,1,Not Cancelled,Normal,0,0,0,1,1,0,Not Cancelled
251019GR5G2UXY,Selesai,2025-10-19 19:21:00,2025-10-19,2025-10-19 19:21:00,2025-10-20 23:59:00,2025-10-20 13:25:00,2025-10-29 15:13:00,0.0,1084.0,217.8,634.0,0,1,Not Cancelled,Normal,0,0,0,1,1,0,Not Cancelled
251019GRUD0A4X,Selesai,2025-10-19 19:34:00,2025-10-19,2025-10-19 19:34:00,2025-10-20 23:59:00,2025-10-20 13:25:00,2025-10-29 15:11:00,0.0,1071.0,217.76666666666668,634.0,0,1,Not Cancelled,Normal,0,0,0,1,1,0,Not Cancelled
251019GS4EWV7U,Selesai,2025-10-19 19:39:00,2025-10-19,2025-10-19 19:39:00,2025-10-20 23:59:00,2025-10-20 18:05:00,2025-10-27 20:59:00,0.0,1346.0,170.9,354.0,0,1,Not Cancelled,Normal,0,0,0,1,1,0,Not Cancelled
251019GS5N3CWN,Selesai,2025-10-19 19:39:00,2025-10-19,2025-10-19 19:40:00,2025-10-20 23:59:00,2025-10-20 13:24:00,2025-10-24 17:09:00,1.0,1065.0,99.75,635.0,0,1,Not Cancelled,Normal,0,0,0,1,1,0,Not Cancelled
251019GS76PRNJ,Selesai,2025-10-19 19:40:00,2025-10-19,2025-10-19 19:41:00,2025-10-20 23:59:00,2025-10-20 13:25:00,2025-10-30 13:20:00,1.0,1065.0,239.91666666666666,634.0,0,1,Not Cancelled,Normal,0,0,0,1,1,0,Not Cancelled
251019GTN498J2,Selesai,2025-10-19 20:06:00,2025-10-19,2025-10-19 20:07:00,2025-10-20 23:59:00,2025-10-20 13:30:00,2025-11-06 14:34:00,1.0,1044.0,409.06666666666666,629.0,0,1,Not Cancelled,Normal,0,0,0,1,1,0,Not Cancelled
251019GTQT3VF7,Selesai,2025-10-19 20:07:00,2025-10-19,2025-10-19 20:07:00,2025-10-20 23:59:00,2025-10-20 18:06:00,2025-10-29 12:36:00,0.0,1319.0,210.5,353.0,0,1,Not Cancelled,Normal,0,0,0,1,1,0,Not Cancelled
251019GTRF4FU5,Selesai,2025-10-19 20:08:00,2025-10-19,2025-10-19 20:08:00,2025-10-20 23:59:00,2025-10-20 18:06:00,2025-10-29 15:27:00,0.0,1318.0,213.35,353.0,0,1,Not Cancelled,Normal,0,0,0,1,1,0,Not Cancelled
251019GUBS3T3C,Selesai,2025-10-19 20:19:00,2025-10-19,2025-10-19 20:19:00,2025-10-20 23:59:00,2025-10-20 13:27:00,2025-10-25 08:04:00,0.0,1028.0,114.61666666666666,632.0,0,1,Not Cancelled,Normal,0,0,0,1,1,0,Not Cancelled
251019GUG66M8Y,Selesai,2025-10-19 20:21:00,2025-10-19,2025-10-19 20:21:00,2025-10-20 23:59:00,2025-10-20 13:25:00,2025-10-24 18:38:00,0.0,1024.0,101.21666666666667,634.0,0,1,Not Cancelled,Normal,0,0,0,1,1,0,Not Cancelled
251019GXHUCA21,Selesai,2025-10-19 21:16:00,2025-10-19,2025-10-19 21:16:00,2025-10-20 23:59:00,2025-10-20 18:04:00,2025-10-28 21:33:00,0.0,1248.0,195.48333333333332,355.0,0,1,Not Cancelled,Normal,0,0,0,1,1,0,Not Cancelled
251019GY4DKGTH,Selesai,2025-10-19 21:26:00,2025-10-19,2025-10-19 21:26:00,2025-10-20 23:59:00,2025-10-19 21:26:00,2025-10-20 18:07:00,0.0,0.0,20.683333333333334,1593.0,0,1,Not Cancelled,Normal,0,0,0,1,1,0,Not Cancelled
251019GY90F2ET,Selesai,2025-10-19 21:29:00,2025-10-19,2025-10-19 21:29:00,2025-10-20 23:59:00,2025-10-20 18:06:00,2025-10-29 09:03:00,0.0,1237.0,206.95,353.0,0,1,Not Cancelled,Normal,0,0,0,1,1,0,Not Cancelled
251019GYAABKUA,Selesai,2025-10-19 21:29:00,2025-10-19,2025-10-19 21:29:00,2025-10-20 23:59:00,2025-10-20 18:06:00,2025-10-30 17:27:00,0.0,1237.0,239.35,353.0,0,1,Not Cancelled,Normal,0,0,0,1,1,0,Not Cancelled
251019H0PU4BXV,Selesai,2025-10-19 21:54:00,2025-10-19,2025-10-19 21:55:00,2025-10-20 23:59:00,2025-10-20 13:25:00,2025-10-28 16:02:00,1.0,931.0,194.61666666666667,634.0,0,1,Not Cancelled,Normal,0,0,0,1,1,0,Not Cancelled
251019H1YX8R3T,Batal,2025-10-19 22:17:00,2025-10-19,2025-10-19 22:18:00,2025-10-20 23:59:00,,,1.0,,,,1,0,Pre-Fulfillment,Not Processed,0,0,0,1,1,0,Change Order
251019H2UARC2Y,Selesai,2025-10-19 22:33:00,2025-10-19,2025-10-19 22:33:00,2025-10-20 23:59:00,2025-10-20 13:30:00,2025-10-26 16:29:00,0.0,897.0,146.98333333333332,629.0,0,1,Not Cancelled,Normal,0,0,0,1,1,0,Not Cancelled
251020H4FGKWJP,Selesai,2025-10-19 23:02:00,2025-10-19,2025-10-19 23:02:00,2025-10-20 23:59:00,2025-10-20 13:29:00,2025-10-24 18:36:00,0.0,867.0,101.11666666666666,630.0,0,1,Not Cancelled,Normal,0,0,0,1,1,0,Not Cancelled
251020H4SQNQVG,Selesai,2025-10-19 23:07:00,2025-10-19,2025-10-19 23:08:00,2025-10-20 23:59:00,2025-10-20 18:06:00,2025-10-28 16:16:00,1.0,1139.0,190.16666666666666,353.0,0,1,Not Cancelled,Normal,0,0,0,1,1,0,Not Cancelled
251020H5WD7GWN,Selesai,2025-10-19 23:27:00,2025-10-19,2025-10-19 23:28:00,2025-10-20 23:59:00,2025-10-19 23:28:00,2025-10-29 12:40:00,1.0,1.0,229.2,1471.0,0,1,Not Cancelled,Normal,0,0,0,1,1,0,Not Cancelled
251020H7JSARK0,Batal,2025-10-19 23:57:00,2025-10-19,,,,,,,,,1,0,Pre-Fulfillment,Not Processed,0,0,0,1,1,0,Unpaid Order
251020H83H748N,Selesai,2025-10-20 00:07:00,2025-10-20,2025-10-20 00:07:00,2025-10-20 23:59:00,2025-10-20 13:26:00,2025-10-22 17:43:00,0.0,799.0,52.28333333333333,633.0,0,1,Not Cancelled,Normal,0,0,0,1,1,0,Not Cancelled
251020H90RTVDQ,Batal,2025-10-20 00:23:00,2025-10-20,2025-10-20 00:23:00,2025-10-20 23:59:00,,,0.0,,,,1,0,Pre-Fulfillment,Not Processed,0,0,0,1,1,0,Change Order
251020HAQ67RE4,Batal,2025-10-20 00:53:00,2025-10-20,2025-10-20 00:53:00,2025-10-20 23:59:00,,,0.0,,,,1,0,Pre-Fulfillment,Not Processed,0,0,0,1,1,0,Change Order
251020HFQ1PPH2,Selesai,2025-10-20 02:23:00,2025-10-20,2025-10-20 02:23:00,2025-10-20 23:59:00,2025-10-20 13:26:00,2025-10-30 20:48:00,0.0,663.0,247.36666666666667,633.0,0,1,Not Cancelled,Normal,0,0,0,1,1,0,Not Cancelled
251020HGRT9683,Selesai,2025-10-20 02:42:00,2025-10-20,2025-10-20 02:42:00,2025-10-20 23:59:00,2025-10-20 18:04:00,2025-10-31 16:01:00,0.0,922.0,261.95,355.0,0,1,Not Cancelled,Normal,0,0,0,1,1,0,Not Cancelled
251020HMK18CD8,Selesai,2025-10-20 03:50:00,2025-10-20,2025-10-20 03:50:00,2025-10-20 23:59:00,2025-10-20 18:05:00,2025-11-03 12:44:00,0.0,855.0,330.65,354.0,0,1,Not Cancelled,Normal,0,0,0,1,1,0,Not Cancelled
251020HR1XSMR6,Batal,2025-10-20 04:52:00,2025-10-20,2025-10-20 04:52:00,2025-10-20 23:59:00,,,0.0,,,,1,0,Pre-Fulfillment,Not Processed,0,0,0,1,1,0,Change Order
251020HRAXT5QP,Selesai,2025-10-20 04:57:00,2025-10-20,2025-10-20 04:57:00,2025-10-20 23:59:00,2025-10-20 13:29:00,2025-10-26 11:59:00,0.0,512.0,142.5,630.0,0,1,Not Cancelled,Normal,0,0,0,1,1,0,Not Cancelled
251020HS8X7V6G,Batal,2025-10-20 05:14:00,2025-10-20,,,,,,,,,1,0,Pre-Fulfillment,Not Processed,0,0,0,1,1,0,Unpaid Order
251020HT69MMRG,Selesai,2025-10-20 05:30:00,2025-10-20,2025-10-20 05:30:00,2025-10-20 23:59:00,2025-10-20 13:30:00,2025-11-06 07:08:00,0.0,480.0,401.6333333333333,629.0,0,1,Not Cancelled,Normal,0,0,0,2,2,0,Not Cancelled
251020HVT58T7P,Selesai,2025-10-20 06:17:00,2025-10-20,2025-10-20 06:17:00,2025-10-20 23:59:00,2025-10-20 13:26:00,2025-10-22 08:27:00,0.0,429.0,43.016666666666666,633.0,0,1,Not Cancelled,Normal,0,0,0,1,1,0,Not Cancelled
251020HY654YXU,Selesai,2025-10-20 07:00:00,2025-10-20,2025-10-20 07:00:00,2025-10-20 23:59:00,2025-10-20 13:27:00,2025-10-23 10:27:00,0.0,387.0,69.0,632.0,0,1,Not Cancelled,Normal,0,0,0,2,1,0,Not Cancelled
251020HYE5MEXS,Selesai,2025-10-20 07:04:00,2025-10-20,2025-10-20 07:04:00,2025-10-20 23:59:00,2025-10-20 18:05:00,2025-10-29 14:59:00,0.0,661.0,212.9,354.0,0,1,Not Cancelled,Normal,0,0,0,1,1,0,Not Cancelled
251020HYW9684P,Selesai,2025-10-20 07:13:00,2025-10-20,2025-10-20 07:13:00,2025-10-20 23:59:00,2025-10-20 13:25:00,2025-10-29 21:03:00,0.0,372.0,223.63333333333333,634.0,0,1,Not Cancelled,Normal,0,0,0,1,1,0,Not Cancelled
251020J0SFAKND,Selesai,2025-10-20 07:28:00,2025-10-20,2025-10-20 07:28:00,2025-10-20 23:59:00,2025-10-20 18:06:00,2025-10-22 11:48:00,0.0,638.0,41.7,353.0,0,1,Not Cancelled,Normal,0,0,0,10,1,0,Not Cancelled
251020J12QVW2Q,Selesai,2025-10-20 07:34:00,2025-10-20,2025-10-20 07:34:00,2025-10-20 23:59:00,2025-10-20 18:06:00,2025-10-24 06:34:00,0.0,632.0,84.46666666666667,353.0,0,1,Not Cancelled,Normal,0,0,0,1,1,0,Not Cancelled
251020J15R7W5W,Selesai,2025-10-20 07:35:00,2025-10-20,2025-10-20 07:35:00,2025-10-20 23:59:00,2025-10-20 18:07:00,2025-10-25 00:00:00,0.0,632.0,101.88333333333334,352.0,0,1,Not Cancelled,Normal,0,0,0,1,1,0,Not Cancelled
251020J1YAFEYD,Batal,2025-10-20 07:50:00,2025-10-20,,,,,,,,,1,0,Pre-Fulfillment,Not Processed,0,0,0,1,1,0,Unpaid Order
251020J2X0RPPR,Selesai,2025-10-20 08:07:00,2025-10-20,2025-10-20 08:07:00,2025-10-20 23:59:00,2025-10-20 15:48:00,2025-10-22 20:02:00,0.0,461.0,52.233333333333334,491.0,0,1,Not Cancelled,Normal,0,0,0,2,2,0,Not Cancelled
251020J3SF560J,Selesai,2025-10-20 08:22:00,2025-10-20,2025-10-20 08:22:00,2025-10-20 23:59:00,2025-10-20 18:05:00,2025-10-28 21:05:00,0.0,583.0,195.0,354.0,0,1,Not Cancelled,Normal,0,0,0,1,1,0,Not Cancelled
251020J4YNRTUD,Selesai,2025-10-20 08:43:00,2025-10-20,2025-10-20 08:44:00,2025-10-20 23:59:00,2025-10-20 13:25:00,2025-10-26 23:31:00,1.0,282.0,154.1,634.0,0,1,Not Cancelled,Normal,0,0,0,2,2,0,Not Cancelled
251020J59YQP4U,Selesai,2025-10-20 08:49:00,2025-10-20,2025-10-20 08:50:00,2025-10-20 23:59:00,2025-10-20 18:06:00,2025-10-23 08:52:00,1.0,557.0,62.766666666666666,353.0,0,1,Not Cancelled,Normal,0,0,0,1,1,0,Not Cancelled
251020J5K6C3VE,Selesai,2025-10-20 08:54:00,2025-10-20,2025-10-20 08:54:00,2025-10-20 23:59:00,2025-10-20 13:30:00,2025-10-29 16:52:00,0.0,276.0,219.36666666666667,629.0,0,1,Not Cancelled,Normal,0,0,0,1,1,0,Not Cancelled
251020J6JGP8UE,Selesai,2025-10-20 09:12:00,2025-10-20,2025-10-20 09:12:00,2025-10-20 23:59:00,2025-10-20 13:29:00,2025-11-03 15:48:00,0.0,257.0,338.31666666666666,630.0,0,1,Not Cancelled,Normal,0,0,0,1,1,0,Not Cancelled
251020J6WR848R,Selesai,2025-10-20 09:18:00,2025-10-20,2025-10-20 09:18:00,2025-10-20 23:59:00,2025-10-20 18:05:00,2025-11-04 12:07:00,0.0,527.0,354.03333333333336,354.0,0,1,Not Cancelled,Normal,0,0,0,1,1,0,Not Cancelled
251020J7VAPRYA,Selesai,2025-10-20 09:35:00,2025-10-20,2025-10-20 09:36:00,2025-10-20 23:59:00,2025-10-20 13:24:00,2025-10-22 13:35:00,1.0,229.0,48.18333333333333,635.0,0,1,Not Cancelled,Normal,0,0,0,1,1,0,Not Cancelled
251020J7VXR5A8,Selesai,2025-10-20 09:36:00,2025-10-20,2025-10-20 09:36:00,2025-10-20 23:59:00,2025-10-20 18:06:00,2025-11-01 17:56:00,0.0,510.0,287.8333333333333,353.0,0,1,Not Cancelled,Normal,0,0,0,1,1,0,Not Cancelled
251020J80AFNSP,Selesai,2025-10-20 09:37:00,2025-10-20,2025-10-20 09:38:00,2025-10-20 23:59:00,2025-10-20 18:05:00,2025-10-28 17:31:00,1.0,508.0,191.43333333333334,354.0,0,1,Not Cancelled,Normal,0,0,0,1,1,0,Not Cancelled
251020J8TEWPRG,Selesai,2025-10-20 09:52:00,2025-10-20,2025-10-20 09:52:00,2025-10-20 23:59:00,2025-10-20 13:30:00,2025-10-22 13:45:00,0.0,218.0,48.25,629.0,0,1,Not Cancelled,Normal,0,0,0,1,1,0,Not Cancelled
251020J96F7Y45,Selesai,2025-10-20 09:59:00,2025-10-20,2025-10-20 09:59:00,2025-10-20 23:59:00,2025-10-20 15:48:00,2025-10-27 15:58:00,0.0,349.0,168.16666666666666,491.0,0,1,Not Cancelled,Normal,0,0,0,1,1,0,Not Cancelled
251020J999T49M,Selesai,2025-10-20 10:00:00,2025-10-20,2025-10-20 10:01:00,2025-10-20 23:59:00,2025-10-20 15:48:00,2025-10-24 17:43:00,1.0,348.0,97.91666666666667,491.0,0,1,Not Cancelled,Normal,0,0,0,1,1,0,Not Cancelled
251020JABGK3V4,Selesai,2025-10-20 10:19:00,2025-10-20,2025-10-20 10:20:00,2025-10-20 23:59:00,2025-10-20 13:26:00,2025-10-30 17:43:00,1.0,187.0,244.28333333333333,633.0,0,1,Not Cancelled,Normal,0,0,0,1,1,0,Not Cancelled
251020JAW56CBP,Selesai,2025-10-20 10:29:00,2025-10-20,2025-10-20 10:29:00,2025-10-20 23:59:00,2025-10-20 13:30:00,2025-10-22 14:00:00,0.0,181.0,48.5,629.0,0,1,Not Cancelled,Normal,0,0,0,1,1,0,Not Cancelled
251020JB4JNTYQ,Selesai,2025-10-20 10:34:00,2025-10-20,2025-10-20 10:34:00,2025-10-20 23:59:00,2025-10-20 18:06:00,2025-11-01 15:40:00,0.0,452.0,285.56666666666666,353.0,0,1,Not Cancelled,Normal,0,0,0,1,1,0,Not Cancelled
251020JC6PNA0G,Selesai,2025-10-20 10:53:00,2025-10-20,2025-10-20 10:54:00,2025-10-20 23:59:00,2025-10-20 18:07:00,2025-10-25 16:27:00,1.0,434.0,118.33333333333333,352.0,0,1,Not Cancelled,Normal,0,0,0,1,1,0,Not Cancelled
251020JC723GEX,Selesai,2025-10-20 10:53:00,2025-10-20,2025-10-20 10:53:00,2025-10-20 23:59:00,2025-10-20 13:25:00,2025-10-22 18:10:00,0.0,152.0,52.75,634.0,0,1,Not Cancelled,Normal,0,0,0,1,1,0,Not Cancelled
251020JCGDG9TY,Selesai,2025-10-20 10:58:00,2025-10-20,2025-10-20 10:58:00,2025-10-20 23:59:00,2025-10-20 18:07:00,2025-10-28 21:42:00,0.0,429.0,195.58333333333334,352.0,0,1,Not Cancelled,Normal,0,0,0,1,1,0,Not Cancelled
251020JDA5FV3Y,Selesai,2025-10-20 11:12:00,2025-10-20,2025-10-20 11:13:00,2025-10-20 23:59:00,2025-10-20 15:48:00,2025-10-23 07:55:00,1.0,276.0,64.11666666666666,491.0,0,1,Not Cancelled,Normal,0,0,0,1,1,0,Not Cancelled
251020JDQ1H758,Selesai,2025-10-20 11:20:00,2025-10-20,2025-10-20 11:20:00,2025-10-20 23:59:00,2025-10-20 18:07:00,2025-10-24 15:11:00,0.0,407.0,93.06666666666666,352.0,0,1,Not Cancelled,Normal,0,0,0,1,1,0,Not Cancelled
251020JDVJVBJS,Selesai,2025-10-20 11:23:00,2025-10-20,2025-10-20 11:23:00,2025-10-20 23:59:00,2025-10-20 13:28:00,2025-10-29 15:13:00,0.0,125.0,217.75,631.0,0,1,Not Cancelled,Normal,0,0,0,1,1,0,Not Cancelled
251020JE9GQ3PA,Selesai,2025-10-20 11:30:00,2025-10-20,2025-10-20 11:30:00,2025-10-20 23:59:00,2025-10-20 18:07:00,2025-10-30 11:09:00,0.0,397.0,233.03333333333333,352.0,0,1,Not Cancelled,Normal,0,0,0,1,1,0,Not Cancelled
251020JFDB476P,Selesai,2025-10-20 11:50:00,2025-10-20,2025-10-20 11:50:00,2025-10-20 23:59:00,2025-10-20 13:30:00,2025-10-29 16:21:00,0.0,100.0,218.85,629.0,0,1,Not Cancelled,Normal,0,0,0,2,1,0,Not Cancelled
251020JG06S27P,Batal,2025-10-20 12:01:00,2025-10-20,2025-10-20 12:01:00,2025-10-21 23:59:00,,,0.0,,,,1,0,Pre-Fulfillment,Not Processed,0,0,0,1,1,0,Change Address
251020JG2SR5Q5,Batal,2025-10-20 12:02:00,2025-10-20,2025-10-20 12:02:00,2025-10-21 23:59:00,,,0.0,,,,1,0,Pre-Fulfillment,Not Processed,0,0,0,1,1,0,Change Order
251020JG7GD3E3,Selesai,2025-10-20 12:05:00,2025-10-20,2025-10-20 12:05:00,2025-10-21 23:59:00,2025-10-20 13:24:00,2025-10-21 12:05:00,0.0,79.0,22.683333333333334,2075.0,0,1,Not Cancelled,Normal,0,0,0,1,1,0,Not Cancelled
251020JH3B4XDG,Selesai,2025-10-20 12:20:00,2025-10-20,2025-10-20 12:20:00,2025-10-21 23:59:00,2025-10-20 13:28:00,2025-10-23 17:15:00,0.0,68.0,75.78333333333333,2071.0,0,1,Not Cancelled,Normal,0,0,0,1,1,0,Not Cancelled
251020JHEY31DK,Selesai,2025-10-20 12:27:00,2025-10-20,2025-10-20 12:27:00,2025-10-21 23:59:00,2025-10-20 18:06:00,2025-10-22 12:33:00,0.0,339.0,42.45,1793.0,0,1,Not Cancelled,Normal,0,0,0,1,1,0,Not Cancelled
251020JKCBNMEW,Selesai,2025-10-20 13:01:00,2025-10-20,2025-10-20 13:04:00,2025-10-21 23:59:00,2025-10-21 18:11:00,2025-10-30 17:13:00,3.0,1750.0,215.03333333333333,348.0,0,1,Not Cancelled,Normal,0,0,0,1,1,0,Not Cancelled
251020JKHPAV3T,Selesai,2025-10-20 13:04:00,2025-10-20,2025-10-20 13:04:00,2025-10-21 23:59:00,2025-10-20 13:04:00,2025-10-29 19:23:00,0.0,0.0,222.31666666666666,2095.0,0,1,Not Cancelled,Normal,0,0,0,1,1,0,Not Cancelled
251020JKQCEWWK,Batal,2025-10-20 13:07:00,2025-10-20,2025-10-20 13:07:00,2025-10-21 23:59:00,,,0.0,,,,1,0,Pre-Fulfillment,Not Processed,0,0,0,1,1,0,Change Address
251020JM74XM2M,Selesai,2025-10-20 13:16:00,2025-10-20,2025-10-20 13:17:00,2025-10-21 23:59:00,2025-10-21 15:10:00,2025-10-27 20:12:00,1.0,1554.0,149.03333333333333,529.0,0,1,Not Cancelled,Normal,0,0,0,1,1,0,Not Cancelled
251020JM7N5NBK,Selesai,2025-10-20 13:16:00,2025-10-20,2025-10-20 13:16:00,2025-10-21 23:59:00,2025-10-21 18:12:00,2025-11-05 12:14:00,0.0,1736.0,354.03333333333336,347.0,0,1,Not Cancelled,Normal,0,0,0,1,1,0,Not Cancelled
251020JQFNHEK1,Selesai,2025-10-20 14:14:00,2025-10-20,2025-10-20 14:15:00,2025-10-21 23:59:00,2025-10-21 18:12:00,2025-10-23 16:07:00,1.0,1678.0,45.916666666666664,347.0,0,1,Not Cancelled,Normal,0,0,0,1,1,0,Not Cancelled
251020JQJQSKE7,Selesai,2025-10-20 14:16:00,2025-10-20,2025-10-20 14:16:00,2025-10-21 23:59:00,2025-10-20 14:16:00,2025-10-27 10:52:00,0.0,0.0,164.6,2023.0,0,1,Not Cancelled,Normal,0,0,0,1,1,0,Not Cancelled
251020JR8UBP57,Selesai,2025-10-20 14:29:00,2025-10-20,2025-10-20 14:30:00,2025-10-21 23:59:00,2025-10-21 18:12:00,2025-10-24 08:16:00,1.0,1663.0,62.06666666666667,347.0,0,1,Not Cancelled,Normal,0,0,0,1,1,0,Not Cancelled
251020JRDQTBAS,Selesai,2025-10-20 14:31:00,2025-10-20,2025-10-20 14:31:00,2025-10-21 23:59:00,2025-10-21 18:12:00,2025-10-24 16:26:00,0.0,1661.0,70.23333333333333,347.0,0,1,Not Cancelled,Normal,0,0,0,1,1,0,Not Cancelled
251020JREP9UQT,Selesai,2025-10-20 14:32:00,2025-10-20,2025-10-20 14:32:00,2025-10-21 23:59:00,2025-10-21 18:12:00,2025-11-02 18:41:00,0.0,1660.0,288.48333333333335,347.0,0,1,Not Cancelled,Normal,0,0,0,1,1,0,Not Cancelled
251020JRN743SC,Selesai,2025-10-20 14:35:00,2025-10-20,2025-10-20 14:36:00,2025-10-21 23:59:00,2025-10-21 18:11:00,2025-10-28 18:24:00,1.0,1656.0,168.21666666666667,348.0,0,1,Not Cancelled,Normal,0,0,0,1,1,0,Not Cancelled
251020JSBT31GT,Selesai,2025-10-20 14:48:00,2025-10-20,2025-10-20 14:48:00,2025-10-21 23:59:00,2025-10-21 18:12:00,2025-10-28 01:54:00,0.0,1644.0,151.7,347.0,0,1,Not Cancelled,Normal,0,0,0,1,1,0,Not Cancelled
251020JSF5RW1E,Selesai,2025-10-20 14:50:00,2025-10-20,2025-10-20 14:50:00,2025-10-21 23:59:00,2025-10-21 18:12:00,2025-11-07 09:57:00,0.0,1642.0,399.75,347.0,0,1,Not Cancelled,Normal,0,0,0,1,1,0,Not Cancelled
251020JT6CQKBY,Selesai,2025-10-20 15:03:00,2025-10-20,2025-10-20 15:03:00,2025-10-21 23:59:00,2025-10-21 18:12:00,2025-11-03 14:51:00,0.0,1629.0,308.65,347.0,0,1,Not Cancelled,Normal,0,0,0,1,1,0,Not Cancelled
251020JTJ3GR1Y,Selesai,2025-10-20 15:10:00,2025-10-20,2025-10-20 15:10:00,2025-10-21 23:59:00,2025-10-21 18:11:00,2025-10-26 23:14:00,0.0,1621.0,125.05,348.0,0,1,Not Cancelled,Normal,0,0,0,1,1,0,Not Cancelled
251020JXKBJ0S7,Batal,2025-10-20 16:22:00,2025-10-20,,,,,,,,,1,0,Pre-Fulfillment,Not Processed,0,0,0,1,1,0,Unpaid Order
251020JXWKNX1E,Selesai,2025-10-20 16:28:00,2025-10-20,2025-10-20 16:28:00,2025-10-21 23:59:00,2025-10-21 18:11:00,2025-10-29 20:59:00,0.0,1543.0,194.8,348.0,0,1,Not Cancelled,Normal,0,0,0,2,1,0,Not Cancelled
251020JXXN2QPJ,Selesai,2025-10-20 16:28:00,2025-10-20,2025-10-20 16:28:00,2025-10-21 23:59:00,2025-10-21 18:11:00,2025-10-27 12:56:00,0.0,1543.0,138.75,348.0,0,1,Not Cancelled,Normal,0,0,0,1,1,0,Not Cancelled
251020JYPJTJ31,Selesai,2025-10-20 16:41:00,2025-10-20,2025-10-20 16:42:00,2025-10-21 23:59:00,2025-10-21 18:12:00,2025-10-31 21:21:00,1.0,1531.0,243.15,347.0,0,1,Not Cancelled,Normal,0,0,0,1,1,0,Not Cancelled
251020K02308AN,Selesai,2025-10-20 16:48:00,2025-10-20,2025-10-20 16:49:00,2025-10-21 23:59:00,2025-10-20 16:49:00,2025-10-28 17:19:00,1.0,1.0,192.5,1870.0,0,1,Not Cancelled,Normal,0,0,0,1,1,0,Not Cancelled
251020K116K588,Selesai,2025-10-20 17:05:00,2025-10-20,2025-10-20 17:06:00,2025-10-21 23:59:00,2025-10-21 18:12:00,2025-10-24 11:15:00,1.0,1507.0,65.05,347.0,0,1,Not Cancelled,Normal,0,0,0,1,1,0,Not Cancelled
251020K18CCX48,Selesai,2025-10-20 17:09:00,2025-10-20,2025-10-20 17:09:00,2025-10-21 23:59:00,2025-10-21 18:12:00,2025-10-26 15:50:00,0.0,1503.0,117.63333333333334,347.0,0,1,Not Cancelled,Normal,0,0,0,1,1,0,Not Cancelled
251020K326K8DX,Selesai,2025-10-20 17:42:00,2025-10-20,2025-10-20 18:02:00,2025-10-21 23:59:00,2025-10-21 18:11:00,2025-10-23 17:20:00,20.0,1469.0,47.15,348.0,0,1,Not Cancelled,Normal,0,0,0,1,1,0,Not Cancelled
251020K4CPEYG5,Selesai,2025-10-20 18:05:00,2025-10-20,2025-10-20 18:06:00,2025-10-21 23:59:00,2025-10-21 18:11:00,2025-10-29 20:53:00,1.0,1446.0,194.7,348.0,0,1,Not Cancelled,Normal,0,0,0,1,1,0,Not Cancelled
251020K4DRSRJK,Selesai,2025-10-20 18:06:00,2025-10-20,2025-10-20 18:10:00,2025-10-21 23:59:00,2025-10-21 18:10:00,2025-10-30 23:38:00,4.0,1444.0,221.46666666666667,349.0,0,1,Not Cancelled,Normal,0,0,0,1,1,0,Not Cancelled
251020K539DVE8,Selesai,2025-10-20 18:18:00,2025-10-20,2025-10-20 18:18:00,2025-10-21 23:59:00,2025-10-21 18:11:00,2025-10-30 15:49:00,0.0,1433.0,213.63333333333333,348.0,0,1,Not Cancelled,Normal,0,0,0,1,1,0,Not Cancelled
251020K5C5JG6Y,Batal,2025-10-20 18:23:00,2025-10-20,,,,,,,,,1,0,Pre-Fulfillment,Not Processed,0,0,0,1,1,0,Other
251020K5DQ5QG3,Selesai,2025-10-20 18:24:00,2025-10-20,2025-10-20 18:24:00,2025-10-21 23:59:00,2025-10-21 18:12:00,2025-11-03 09:52:00,0.0,1428.0,303.6666666666667,347.0,0,1,Not Cancelled,Normal,0,0,0,1,1,0,Not Cancelled
251020K5HVPXSE,Selesai,2025-10-20 18:26:00,2025-10-20,2025-10-20 18:27:00,2025-10-21 23:59:00,2025-10-20 18:27:00,2025-10-21 23:47:00,1.0,1.0,29.333333333333332,1772.0,0,1,Not Cancelled,Normal,0,0,0,1,1,0,Not Cancelled
251020K7W9G2FP,Selesai,2025-10-20 19:08:00,2025-10-20,2025-10-20 19:08:00,2025-10-21 23:59:00,2025-10-20 19:08:00,2025-10-24 01:25:00,0.0,0.0,78.28333333333333,1731.0,0,1,Not Cancelled,Normal,0,0,0,1,1,0,Not Cancelled
251020K93E7FK2,Selesai,2025-10-20 19:30:00,2025-10-20,2025-10-20 19:30:00,2025-10-21 23:59:00,2025-10-22 17:15:00,2025-11-02 17:19:00,0.0,2745.0,264.06666666666666,-1036.0,0,1,Not Cancelled,Slow,1,0,0,1,1,0,Not Cancelled
251020KARNEU8F,Selesai,2025-10-20 20:00:00,2025-10-20,2025-10-20 20:01:00,2025-10-21 23:59:00,2025-10-21 18:11:00,2025-10-28 07:33:00,1.0,1331.0,157.36666666666667,348.0,0,1,Not Cancelled,Normal,0,0,0,1,1,0,Not Cancelled
251020KBXAVER4,Selesai,2025-10-20 20:21:00,2025-10-20,2025-10-20 20:21:00,2025-10-21 23:59:00,2025-10-21 18:12:00,2025-10-29 10:03:00,0.0,1311.0,183.85,347.0,0,1,Not Cancelled,Normal,0,0,0,1,1,0,Not Cancelled
251020KC66MM5S,Batal,2025-10-20 20:25:00,2025-10-20,2025-10-20 20:26:00,2025-10-21 23:59:00,,,1.0,,,,1,0,Pre-Fulfillment,Not Processed,0,0,0,1,1,0,Other
251020KD51PB1K,Selesai,2025-10-20 20:42:00,2025-10-20,2025-10-20 20:43:00,2025-10-21 23:59:00,2025-10-21 18:11:00,2025-11-09 15:41:00,1.0,1289.0,453.5,348.0,0,1,Not Cancelled,Normal,0,0,0,2,2,0,Not Cancelled
251020KE485WRQ,Selesai,2025-10-20 21:00:00,2025-10-20,2025-10-20 21:00:00,2025-10-21 23:59:00,2025-10-21 18:12:00,2025-10-31 21:57:00,0.0,1272.0,243.75,347.0,0,1,Not Cancelled,Normal,0,0,0,1,1,0,Not Cancelled
251020KEE4TUVH,Selesai,2025-10-20 21:05:00,2025-10-20,2025-10-20 21:05:00,2025-10-21 23:59:00,2025-10-21 18:11:00,2025-10-30 16:03:00,0.0,1266.0,213.86666666666667,348.0,0,1,Not Cancelled,Normal,0,0,0,1,1,0,Not Cancelled
251020KEXTX0HS,Selesai,2025-10-20 21:15:00,2025-10-20,2025-10-20 21:56:00,2025-10-21 23:59:00,2025-10-21 18:10:00,2025-10-24 17:04:00,41.0,1255.0,70.9,349.0,0,1,Not Cancelled,Normal,0,0,0,1,1,0,Not Cancelled
251020KFQS44GG,Batal,2025-10-20 21:29:00,2025-10-20,,,,,,,,,1,0,Pre-Fulfillment,Not Processed,0,0,0,1,1,0,Change Address
251020KG3E0HQH,Selesai,2025-10-20 21:35:00,2025-10-20,2025-10-20 21:36:00,2025-10-21 23:59:00,2025-10-21 18:12:00,2025-10-30 17:46:00,1.0,1237.0,215.56666666666666,347.0,0,1,Not Cancelled,Normal,0,0,0,1,1,0,Not Cancelled
251020KG8J26AE,Selesai,2025-10-20 21:38:00,2025-10-20,2025-10-20 21:38:00,2025-10-21 23:59:00,2025-10-21 18:12:00,2025-11-02 11:12:00,0.0,1234.0,281.0,347.0,0,1,Not Cancelled,Normal,0,0,0,1,1,0,Not Cancelled
251020KG9MBEC5,Selesai,2025-10-20 21:38:00,2025-10-20,2025-10-20 21:39:00,2025-10-21 23:59:00,2025-10-21 18:12:00,2025-10-26 19:45:00,1.0,1234.0,121.55,347.0,0,1,Not Cancelled,Normal,0,0,0,1,1,0,Not Cancelled
251020KK5XV52C,Batal,2025-10-20 22:30:00,2025-10-20,2025-10-20 22:30:00,2025-10-21 23:59:00,2025-10-21 18:13:00,,0.0,1183.0,,346.0,1,1,Post-Fulfillment Initiation,Normal,0,0,0,1,1,0,Delivery Failed
251020KKHV97FP,Selesai,2025-10-20 22:37:00,2025-10-20,2025-10-20 22:37:00,2025-10-21 23:59:00,2025-10-21 18:11:00,2025-11-03 20:42:00,0.0,1174.0,314.51666666666665,348.0,0,1,Not Cancelled,Normal,0,0,0,1,1,0,Not Cancelled
251020KMGFQDM5,Selesai,2025-10-20 22:54:00,2025-10-20,2025-10-20 22:54:00,2025-10-21 23:59:00,2025-10-20 22:54:00,2025-10-30 14:26:00,0.0,0.0,231.53333333333333,1505.0,0,1,Not Cancelled,Normal,0,0,0,1,1,0,Not Cancelled
251021KN2GR3CG,Selesai,2025-10-20 23:04:00,2025-10-20,2025-10-20 23:04:00,2025-10-21 23:59:00,2025-10-21 18:12:00,2025-10-22 19:52:00,0.0,1148.0,25.666666666666668,347.0,0,1,Not Cancelled,Normal,0,0,0,1,1,0,Not Cancelled
251021KQ1A4PCV,Batal,2025-10-20 23:39:00,2025-10-20,2025-10-20 23:41:00,2025-10-21 23:59:00,,,2.0,,,,1,0,Pre-Fulfillment,Not Processed,0,0,0,1,1,0,Change Order
251021KQMVPSRG,Selesai,2025-10-20 23:50:00,2025-10-20,2025-10-20 23:50:00,2025-10-21 23:59:00,2025-10-21 18:11:00,2025-10-30 20:32:00,0.0,1101.0,218.35,348.0,0,1,Not Cancelled,Normal,0,0,0,1,1,0,Not Cancelled
251021KQQXWK8K,Selesai,2025-10-20 23:52:00,2025-10-20,2025-10-20 23:52:00,2025-10-21 23:59:00,2025-10-21 18:11:00,2025-10-31 13:00:00,0.0,1099.0,234.81666666666666,348.0,0,1,Not Cancelled,Normal,0,0,0,1,1,0,Not Cancelled
251021KR7RCBGH,Selesai,2025-10-21 00:01:00,2025-10-21,2025-10-21 00:01:00,2025-10-21 23:59:00,2025-10-21 18:11:00,2025-11-03 15:45:00,0.0,1090.0,309.56666666666666,348.0,0,1,Not Cancelled,Normal,0,0,0,1,1,0,Not Cancelled
251021KTBC6EY7,Selesai,2025-10-21 00:38:00,2025-10-21,2025-10-21 00:39:00,2025-10-21 23:59:00,2025-10-21 18:10:00,2025-11-01 16:44:00,1.0,1052.0,262.56666666666666,349.0,0,1,Not Cancelled,Normal,0,0,0,1,1,0,Not Cancelled
251021M7U8VSW0,Selesai,2025-10-21 04:40:00,2025-10-21,2025-10-21 04:40:00,2025-10-21 23:59:00,2025-10-21 18:12:00,2025-10-23 18:35:00,0.0,812.0,48.38333333333333,347.0,0,1,Not Cancelled,Normal,0,0,0,1,1,0,Not Cancelled
251021MBG8374P,Selesai,2025-10-21 05:45:00,2025-10-21,2025-10-21 05:45:00,2025-10-21 23:59:00,2025-10-21 18:12:00,2025-10-30 11:13:00,0.0,747.0,209.01666666666668,347.0,0,1,Not Cancelled,Normal,0,0,0,1,1,0,Not Cancelled
251021MDBQM476,Selesai,2025-10-21 06:19:00,2025-10-21,2025-10-21 06:19:00,2025-10-21 23:59:00,2025-10-21 06:19:00,2025-10-23 16:25:00,0.0,0.0,58.1,1060.0,0,1,Not Cancelled,Normal,0,0,0,1,1,0,Not Cancelled
251021MDH1AGW0,Selesai,2025-10-21 06:22:00,2025-10-21,2025-10-21 06:22:00,2025-10-21 23:59:00,2025-10-21 18:11:00,2025-10-26 12:36:00,0.0,709.0,114.41666666666667,348.0,0,1,Not Cancelled,Normal,0,0,0,1,1,0,Not Cancelled
251021MEAPDFUS,Selesai,2025-10-21 06:36:00,2025-10-21,2025-10-21 06:36:00,2025-10-21 23:59:00,2025-10-21 18:12:00,2025-11-05 00:36:00,0.0,696.0,342.4,347.0,0,1,Not Cancelled,Normal,0,1,1,1,1,0,Not Cancelled
251021MEJUQKFM,Selesai,2025-10-21 06:41:00,2025-10-21,2025-10-21 06:41:00,2025-10-21 23:59:00,2025-10-21 18:12:00,2025-10-30 04:33:00,0.0,691.0,202.35,347.0,0,1,Not Cancelled,Normal,0,0,0,1,1,0,Not Cancelled
251021MF9FMA68,Selesai,2025-10-21 06:53:00,2025-10-21,2025-10-21 06:53:00,2025-10-21 23:59:00,2025-10-21 18:11:00,2025-10-23 09:53:00,0.0,678.0,39.7,348.0,0,1,Not Cancelled,Normal,0,0,0,1,1,0,Not Cancelled
251021MFF111CM,Selesai,2025-10-21 06:56:00,2025-10-21,2025-10-21 06:56:00,2025-10-21 23:59:00,2025-10-21 18:12:00,2025-10-24 21:55:00,0.0,676.0,75.71666666666667,347.0,0,1,Not Cancelled,Normal,0,0,0,1,1,0,Not Cancelled
251021MFH3S5RC,Selesai,2025-10-21 06:57:00,2025-10-21,2025-10-21 06:57:00,2025-10-21 23:59:00,2025-10-21 18:11:00,2025-10-30 17:32:00,0.0,674.0,215.35,348.0,0,1,Not Cancelled,Normal,0,0,0,1,1,0,Not Cancelled
251021MFY5V90R,Batal,2025-10-21 07:05:00,2025-10-21,,,,,,,,,1,0,Pre-Fulfillment,Not Processed,0,0,0,1,1,0,Change Order
251021MG18K1RN,Selesai,2025-10-21 07:06:00,2025-10-21,2025-10-21 07:07:00,2025-10-21 23:59:00,2025-10-21 18:12:00,2025-10-22 20:58:00,1.0,666.0,26.766666666666666,347.0,0,1,Not Cancelled,Normal,0,0,0,1,1,0,Not Cancelled
251021MGMNGETH,Selesai,2025-10-21 07:17:00,2025-10-21,2025-10-21 07:17:00,2025-10-21 23:59:00,2025-10-21 18:11:00,2025-10-28 07:49:00,0.0,654.0,157.63333333333333,348.0,0,1,Not Cancelled,Normal,0,0,0,1,1,0,Not Cancelled
251021MHN4Y4H1,Selesai,2025-10-21 07:35:00,2025-10-21,2025-10-21 07:36:00,2025-10-21 23:59:00,2025-10-21 18:11:00,2025-11-05 21:30:00,1.0,636.0,363.31666666666666,348.0,0,1,Not Cancelled,Normal,0,0,0,1,1,0,Not Cancelled
251021MHPV9T63,Selesai,2025-10-21 07:36:00,2025-10-21,2025-10-21 07:37:00,2025-10-21 23:59:00,2025-10-21 07:37:00,2025-10-24 20:44:00,1.0,1.0,85.11666666666666,982.0,0,1,Not Cancelled,Normal,0,0,0,1,1,0,Not Cancelled
251021MHSYF1R6,Selesai,2025-10-21 07:38:00,2025-10-21,2025-10-21 07:38:00,2025-10-21 23:59:00,2025-10-21 18:12:00,2025-10-23 17:40:00,0.0,634.0,47.46666666666667,347.0,0,1,Not Cancelled,Normal,0,0,0,1,1,0,Not Cancelled
251021MM1H6UJ2,Batal,2025-10-21 08:18:00,2025-10-21,2025-10-21 08:18:00,2025-10-21 23:59:00,2025-10-21 18:12:00,,0.0,594.0,,347.0,1,1,Post-Fulfillment Initiation,Normal,0,0,0,1,1,0,Delivery Failed
251021MMS0SD8E,Selesai,2025-10-21 08:31:00,2025-10-21,2025-10-21 08:31:00,2025-10-21 23:59:00,2025-10-21 18:12:00,2025-11-06 17:42:00,0.0,581.0,383.5,347.0,0,1,Not Cancelled,Normal,0,0,0,1,1,0,Not Cancelled
251021MMUC4270,Selesai,2025-10-21 08:33:00,2025-10-21,2025-10-21 08:33:00,2025-10-21 23:59:00,2025-10-21 18:12:00,2025-10-24 11:38:00,0.0,579.0,65.43333333333334,347.0,0,1,Not Cancelled,Normal,0,0,0,1,1,0,Not Cancelled
251021MNCCM7YJ,Batal,2025-10-21 08:42:00,2025-10-21,,,,,,,,,1,0,Pre-Fulfillment,Not Processed,0,0,0,1,1,0,Unpaid Order
251021MNN32PPE,Selesai,2025-10-21 08:47:00,2025-10-21,2025-10-21 08:47:00,2025-10-21 23:59:00,2025-10-21 18:10:00,2025-10-25 21:21:00,0.0,563.0,99.18333333333334,349.0,0,1,Not Cancelled,Normal,0,0,0,1,1,0,Not Cancelled
251021MNT0ED3J,Selesai,2025-10-21 08:50:00,2025-10-21,2025-10-21 08:50:00,2025-10-21 23:59:00,2025-10-21 18:11:00,2025-10-22 22:11:00,0.0,561.0,28.0,348.0,0,1,Not Cancelled,Normal,0,0,0,2,1,0,Not Cancelled
251021MQWNA5DR,Batal,2025-10-21 09:28:00,2025-10-21,2025-10-21 09:28:00,2025-10-21 23:59:00,,,0.0,,,,1,0,Pre-Fulfillment,Not Processed,0,0,0,1,1,0,Change Order
251021MRSB85U4,Selesai,2025-10-21 09:43:00,2025-10-21,2025-10-21 09:43:00,2025-10-21 23:59:00,2025-10-21 18:11:00,2025-10-28 15:19:00,0.0,508.0,165.13333333333333,348.0,0,1,Not Cancelled,Normal,0,0,0,1,1,0,Not Cancelled
251021MSKYVBVS,Selesai,2025-10-21 09:58:00,2025-10-21,2025-10-21 09:58:00,2025-10-21 23:59:00,2025-10-21 18:11:00,2025-11-04 09:04:00,0.0,493.0,326.8833333333333,348.0,0,1,Not Cancelled,Normal,0,0,0,1,1,0,Not Cancelled
251021MSVND16X,Batal,2025-10-21 10:03:00,2025-10-21,2025-10-21 10:03:00,2025-10-21 23:59:00,2025-10-21 18:11:00,,0.0,488.0,,348.0,1,1,Post-Fulfillment Initiation,Normal,0,0,0,1,1,0,Delivery Failed
251021MT4RSC7C,Selesai,2025-10-21 10:07:00,2025-10-21,2025-10-21 10:07:00,2025-10-21 23:59:00,2025-10-21 18:11:00,2025-11-03 15:05:00,0.0,484.0,308.9,348.0,0,1,Not Cancelled,Normal,0,0,0,1,1,0,Not Cancelled
251021MTN0HKPF,Batal,2025-10-21 10:16:00,2025-10-21,,,,,,,,,1,0,Pre-Fulfillment,Not Processed,0,0,0,1,1,0,Change Address
251021MU0AXDPC,Selesai,2025-10-21 10:23:00,2025-10-21,2025-10-21 10:23:00,2025-10-21 23:59:00,2025-10-21 10:23:00,2025-10-23 17:48:00,0.0,0.0,55.416666666666664,816.0,0,1,Not Cancelled,Normal,0,0,0,1,1,0,Not Cancelled
251021MUBXV320,Selesai,2025-10-21 10:29:00,2025-10-21,2025-10-21 10:31:00,2025-10-21 23:59:00,2025-10-21 18:11:00,2025-10-29 09:17:00,2.0,462.0,183.1,348.0,0,1,Not Cancelled,Normal,0,0,0,1,1,0,Not Cancelled
251021MUPBQFKD,Selesai,2025-10-21 10:35:00,2025-10-21,2025-10-21 10:35:00,2025-10-21 23:59:00,2025-10-21 18:11:00,2025-10-26 11:47:00,0.0,456.0,113.6,348.0,0,1,Not Cancelled,Normal,0,0,0,1,1,0,Not Cancelled
251021MUVYD4NE,Selesai,2025-10-21 10:39:00,2025-10-21,2025-10-21 10:39:00,2025-10-21 23:59:00,2025-10-21 18:11:00,2025-10-29 04:57:00,0.0,452.0,178.76666666666668,348.0,0,1,Not Cancelled,Normal,0,0,0,1,1,0,Not Cancelled
251021MVSD7MBF,Selesai,2025-10-21 10:55:00,2025-10-21,2025-10-21 10:55:00,2025-10-21 23:59:00,2025-10-21 18:11:00,2025-10-29 17:16:00,0.0,436.0,191.08333333333334,348.0,0,1,Not Cancelled,Normal,0,0,0,1,1,0,Not Cancelled
251021MWA3805J,Selesai,2025-10-21 11:04:00,2025-10-21,2025-10-21 11:04:00,2025-10-21 23:59:00,2025-10-21 18:13:00,2025-11-01 16:40:00,0.0,429.0,262.45,346.0,0,1,Not Cancelled,Normal,0,0,0,1,1,0,Not Cancelled
251021MWBUG535,Selesai,2025-10-21 11:05:00,2025-10-21,2025-10-21 11:05:00,2025-10-21 23:59:00,2025-10-21 18:11:00,2025-10-24 15:02:00,0.0,426.0,68.85,348.0,0,1,Not Cancelled,Normal,0,0,0,1,1,0,Not Cancelled
251021MWV38089,Selesai,2025-10-21 11:14:00,2025-10-21,2025-10-21 11:14:00,2025-10-21 23:59:00,2025-10-21 18:11:00,2025-11-02 15:28:00,0.0,417.0,285.28333333333336,348.0,0,1,Not Cancelled,Normal,0,0,0,1,1,0,Not Cancelled
251021N0WA6RUE,Batal,2025-10-21 12:08:00,2025-10-21,,,,,,,,,1,0,Pre-Fulfillment,Not Processed,0,0,0,1,1,0,Payment Difficulty
251021N2025SPP,Selesai,2025-10-21 12:28:00,2025-10-21,2025-10-21 12:28:00,2025-10-22 23:59:00,2025-10-21 18:11:00,2025-10-23 18:21:00,0.0,343.0,48.166666666666664,1788.0,0,1,Not Cancelled,Normal,0,0,0,1,1,0,Not Cancelled
251021N2221H72,Selesai,2025-10-21 12:29:00,2025-10-21,2025-10-21 12:29:00,2025-10-22 23:59:00,2025-10-22 17:38:00,2025-10-31 08:30:00,0.0,1749.0,206.86666666666667,381.0,0,1,Not Cancelled,Normal,0,0,0,1,1,0,Not Cancelled
251021N2384Y03,Selesai,2025-10-21 12:30:00,2025-10-21,2025-10-21 12:30:00,2025-10-22 23:59:00,2025-10-21 18:13:00,2025-10-23 16:46:00,0.0,343.0,46.55,1786.0,0,1,Not Cancelled,Normal,0,0,0,1,1,0,Not Cancelled
251021N2EHN7Y3,Selesai,2025-10-21 12:36:00,2025-10-21,2025-10-21 12:36:00,2025-10-22 23:59:00,2025-10-22 17:38:00,2025-11-12 15:58:00,0.0,1742.0,502.3333333333333,381.0,0,1,Not Cancelled,Normal,0,0,0,1,1,0,Not Cancelled
251021N2F7H95A,Selesai,2025-10-21 12:36:00,2025-10-21,2025-10-21 12:36:00,2025-10-22 23:59:00,2025-10-21 18:11:00,2025-10-23 12:05:00,0.0,335.0,41.9,1788.0,0,1,Not Cancelled,Normal,0,0,0,1,1,0,Not Cancelled
251021N3F8R8HH,Selesai,2025-10-21 12:54:00,2025-10-21,2025-10-21 12:55:00,2025-10-22 23:59:00,2025-10-21 15:10:00,2025-10-29 15:32:00,1.0,136.0,192.36666666666667,1969.0,0,1,Not Cancelled,Normal,0,0,0,1,1,0,Not Cancelled
251021N419R53G,Selesai,2025-10-21 13:04:00,2025-10-21,2025-10-21 13:05:00,2025-10-22 23:59:00,2025-10-22 14:50:00,2025-10-31 16:50:00,1.0,1546.0,218.0,549.0,0,1,Not Cancelled,Normal,0,0,0,2,1,0,Not Cancelled
251021N4J3M3HA,Selesai,2025-10-21 13:14:00,2025-10-21,2025-10-21 13:15:00,2025-10-22 23:59:00,2025-10-22 17:14:00,2025-10-28 17:48:00,1.0,1680.0,144.56666666666666,405.0,0,1,Not Cancelled,Normal,0,0,0,1,1,0,Not Cancelled
251021N4M5E3HR,Batal,2025-10-21 13:15:00,2025-10-21,,,,,,,,,1,0,Pre-Fulfillment,Not Processed,0,0,0,1,1,0,Change Order
251021N5YAC3YK,Selesai,2025-10-21 13:39:00,2025-10-21,2025-10-21 13:39:00,2025-10-22 23:59:00,2025-10-22 17:16:00,2025-11-03 16:50:00,0.0,1657.0,287.56666666666666,403.0,0,1,Not Cancelled,Normal,0,0,0,1,1,0,Not Cancelled
251021N82SF7BX,Selesai,2025-10-21 14:17:00,2025-10-21,2025-10-21 14:17:00,2025-10-22 23:59:00,2025-10-22 14:50:00,2025-10-30 10:38:00,0.0,1473.0,187.8,549.0,0,1,Not Cancelled,Normal,0,0,0,1,1,0,Not Cancelled
251021N84JQ15S,Selesai,2025-10-21 14:18:00,2025-10-21,2025-10-21 14:18:00,2025-10-22 23:59:00,2025-10-22 17:16:00,2025-10-24 12:00:00,0.0,1618.0,42.733333333333334,403.0,0,1,Not Cancelled,Normal,0,0,0,1,1,0,Not Cancelled
251021NADDFRRJ,Batal,2025-10-21 14:59:00,2025-10-21,2025-10-21 14:59:00,2025-10-22 23:59:00,,,0.0,,,,1,0,Pre-Fulfillment,Not Processed,0,0,0,1,1,0,Other
251021NB37HJ8F,Selesai,2025-10-21 15:11:00,2025-10-21,2025-10-21 15:11:00,2025-10-22 23:59:00,2025-10-22 17:15:00,2025-10-29 11:03:00,0.0,1564.0,161.8,404.0,0,1,Not Cancelled,Normal,0,0,0,2,1,0,Not Cancelled
251021NBJ1H6Y2,Selesai,2025-10-21 15:19:00,2025-10-21,2025-10-21 15:19:00,2025-10-22 23:59:00,2025-10-22 17:16:00,2025-10-31 00:55:00,0.0,1557.0,199.65,403.0,0,1,Not Cancelled,Normal,0,0,0,1,1,0,Not Cancelled
251021NDYVGPBB,Selesai,2025-10-21 16:03:00,2025-10-21,2025-10-21 16:03:00,2025-10-22 23:59:00,2025-10-22 17:14:00,2025-11-02 15:28:00,0.0,1511.0,262.23333333333335,405.0,0,1,Not Cancelled,Normal,0,0,0,1,1,0,Not Cancelled
251021NEC1MGRX,Selesai,2025-10-21 16:09:00,2025-10-21,2025-10-21 16:10:00,2025-10-22 23:59:00,2025-10-22 17:14:00,2025-10-27 22:29:00,1.0,1505.0,125.25,405.0,0,1,Not Cancelled,Normal,0,0,0,1,1,0,Not Cancelled
251021NFEMTBGX,Selesai,2025-10-21 16:29:00,2025-10-21,2025-10-21 16:29:00,2025-10-22 23:59:00,2025-10-22 17:16:00,2025-11-03 12:54:00,0.0,1487.0,283.6333333333333,403.0,0,1,Not Cancelled,Normal,0,0,0,1,1,0,Not Cancelled
251021NG2JU9RX,Selesai,2025-10-21 16:40:00,2025-10-21,2025-10-21 16:40:00,2025-10-22 23:59:00,2025-10-22 17:17:00,2025-11-07 17:25:00,0.0,1477.0,384.1333333333333,402.0,0,1,Not Cancelled,Normal,0,0,0,1,1,0,Not Cancelled
251021NG5QWW38,Selesai,2025-10-21 16:42:00,2025-10-21,2025-10-21 16:42:00,2025-10-22 23:59:00,2025-10-22 17:15:00,2025-11-08 20:47:00,0.0,1473.0,411.53333333333336,404.0,0,1,Not Cancelled,Normal,0,0,0,1,1,0,Not Cancelled
251021NGGJ39KE,Selesai,2025-10-21 16:48:00,2025-10-21,2025-10-21 16:48:00,2025-10-22 23:59:00,2025-10-22 17:16:00,2025-10-26 16:44:00,0.0,1468.0,95.46666666666667,403.0,0,1,Not Cancelled,Normal,0,0,0,1,1,0,Not Cancelled
251021NJD4W80E,Selesai,2025-10-21 17:22:00,2025-10-21,2025-10-21 17:22:00,2025-10-22 23:59:00,2025-10-22 17:16:00,2025-10-30 18:49:00,0.0,1434.0,193.55,403.0,0,1,Not Cancelled,Normal,0,0,0,1,1,0,Not Cancelled
251021NJR5T4T1,Selesai,2025-10-21 17:28:00,2025-10-21,2025-10-21 17:28:00,2025-10-22 23:59:00,2025-10-22 17:14:00,2025-10-26 21:10:00,0.0,1426.0,99.93333333333334,405.0,0,1,Not Cancelled,Normal,0,0,0,1,1,0,Not Cancelled
251021NKVSTGUH,Selesai,2025-10-21 17:48:00,2025-10-21,2025-10-21 17:49:00,2025-10-22 23:59:00,2025-10-22 17:17:00,2025-10-24 14:44:00,1.0,1409.0,45.45,402.0,0,1,Not Cancelled,Normal,0,0,0,1,1,0,Not Cancelled
251021NM3GDRMP,Selesai,2025-10-21 17:52:00,2025-10-21,2025-10-21 17:52:00,2025-10-22 23:59:00,2025-10-22 17:16:00,2025-10-30 20:32:00,0.0,1404.0,195.26666666666668,403.0,0,1,Not Cancelled,Normal,0,0,0,1,1,0,Not Cancelled
251021NM6KKGNP,Batal,2025-10-21 17:54:00,2025-10-21,2025-10-21 17:54:00,2025-10-22 23:59:00,,,0.0,,,,1,0,Pre-Fulfillment,Not Processed,0,0,0,1,1,0,Change Address
251021NMU3Q9F7,Selesai,2025-10-21 18:05:00,2025-10-21,2025-10-21 18:05:00,2025-10-22 23:59:00,2025-10-22 17:16:00,2025-10-25 09:21:00,0.0,1391.0,64.08333333333333,403.0,0,1,Not Cancelled,Normal,0,0,0,1,1,0,Not Cancelled
251021NNPD9020,Selesai,2025-10-21 18:20:00,2025-10-21,2025-10-21 18:22:00,2025-10-22 23:59:00,2025-10-22 17:38:00,2025-10-24 19:31:00,2.0,1398.0,49.88333333333333,381.0,0,1,Not Cancelled,Normal,0,0,0,1,1,0,Not Cancelled
251021NPRRVDVG,Batal,2025-10-21 18:40:00,2025-10-21,,,,,,,,,1,0,Pre-Fulfillment,Not Processed,0,0,0,1,1,0,Unpaid Order
251021NPUFQG9J,Selesai,2025-10-21 18:41:00,2025-10-21,2025-10-21 18:41:00,2025-10-22 23:59:00,2025-10-22 17:14:00,2025-10-31 14:19:00,0.0,1353.0,213.08333333333334,405.0,0,1,Not Cancelled,Normal,0,0,0,1,1,0,Not Cancelled
251021NQ12YMVB,Selesai,2025-10-21 18:44:00,2025-10-21,2025-10-21 18:44:00,2025-10-22 23:59:00,2025-10-22 17:15:00,2025-10-31 17:05:00,0.0,1351.0,215.83333333333334,404.0,0,1,Not Cancelled,Normal,0,0,0,1,1,0,Not Cancelled
251021NQQQQBMQ,Selesai,2025-10-21 18:57:00,2025-10-21,2025-10-21 18:57:00,2025-10-22 23:59:00,2025-10-22 17:16:00,2025-10-30 19:02:00,0.0,1339.0,193.76666666666668,403.0,0,1,Not Cancelled,Normal,0,0,0,1,1,0,Not Cancelled
251021NQSC86B5,Selesai,2025-10-21 18:58:00,2025-10-21,2025-10-21 18:58:00,2025-10-22 23:59:00,2025-10-22 17:16:00,2025-10-25 15:01:00,0.0,1338.0,69.75,403.0,0,1,Not Cancelled,Normal,0,0,0,1,1,0,Not Cancelled
251021NRKW0UG3,Selesai,2025-10-21 19:13:00,2025-10-21,2025-10-21 19:13:00,2025-10-22 23:59:00,2025-10-22 17:16:00,2025-10-24 13:54:00,0.0,1323.0,44.63333333333333,403.0,0,1,Not Cancelled,Normal,0,0,0,1,1,0,Not Cancelled
251021NTK1SJHJ,Selesai,2025-10-21 19:48:00,2025-10-21,2025-10-21 19:48:00,2025-10-22 23:59:00,2025-10-22 17:16:00,2025-10-24 11:43:00,0.0,1288.0,42.45,403.0,0,1,Not Cancelled,Normal,0,0,0,2,1,0,Not Cancelled
251021NUSPQ1JR,Batal,2025-10-21 20:10:00,2025-10-21,2025-10-21 20:10:00,2025-10-22 23:59:00,2025-10-22 17:18:00,,0.0,1268.0,,401.0,1,1,Post-Fulfillment Initiation,Normal,0,0,0,1,1,0,Delivery Failed
251021NUYYXYM6,Selesai,2025-10-21 20:13:00,2025-10-21,2025-10-21 20:13:00,2025-10-22 23:59:00,2025-10-22 17:16:00,2025-11-02 16:49:00,0.0,1263.0,263.55,403.0,0,1,Not Cancelled,Normal,0,0,0,2,1,0,Not Cancelled
251021NVBSM35V,Selesai,2025-10-21 20:20:00,2025-10-21,2025-10-21 20:20:00,2025-10-22 23:59:00,2025-10-22 17:16:00,2025-10-24 13:08:00,0.0,1256.0,43.86666666666667,403.0,0,1,Not Cancelled,Normal,0,0,0,1,1,0,Not Cancelled
251021NVF792Q3,Selesai,2025-10-21 20:22:00,2025-10-21,2025-10-21 20:22:00,2025-10-22 23:59:00,2025-10-22 17:16:00,2025-10-27 17:44:00,0.0,1254.0,120.46666666666667,403.0,0,1,Not Cancelled,Normal,0,0,0,2,1,0,Not Cancelled
251021NXUB0QFQ,Selesai,2025-10-21 21:04:00,2025-10-21,2025-10-21 21:10:00,2025-10-22 23:59:00,2025-10-22 17:16:00,2025-10-28 18:37:00,6.0,1212.0,145.35,403.0,0,1,Not Cancelled,Normal,0,0,0,1,1,0,Not Cancelled
251021NXY9SJV4,Selesai,2025-10-21 21:06:00,2025-10-21,2025-10-21 21:07:00,2025-10-22 23:59:00,2025-10-22 17:16:00,2025-11-01 18:54:00,1.0,1210.0,241.63333333333333,403.0,0,1,Not Cancelled,Normal,0,0,0,1,1,0,Not Cancelled
251021NY6R6JDP,Selesai,2025-10-21 21:11:00,2025-10-21,2025-10-21 21:11:00,2025-10-22 23:59:00,2025-10-22 17:18:00,2025-11-05 14:23:00,0.0,1207.0,333.0833333333333,401.0,0,1,Not Cancelled,Normal,0,0,0,1,1,0,Not Cancelled
251021NYFAVG6Y,Selesai,2025-10-21 21:15:00,2025-10-21,2025-10-21 21:16:00,2025-10-22 23:59:00,2025-10-22 17:17:00,2025-10-27 03:24:00,1.0,1202.0,106.11666666666666,402.0,0,1,Not Cancelled,Normal,0,0,0,1,1,0,Not Cancelled
251021NYQJ4MPA,Batal,2025-10-21 21:20:00,2025-10-21,2025-10-21 21:20:00,2025-10-22 23:59:00,,,0.0,,,,1,0,Pre-Fulfillment,Not Processed,0,0,0,1,1,0,Change Order
251021P0J006A6,Selesai,2025-10-21 21:35:00,2025-10-21,2025-10-21 21:38:00,2025-10-22 23:59:00,2025-10-22 17:17:00,2025-10-30 20:32:00,3.0,1182.0,195.25,402.0,0,1,Not Cancelled,Normal,0,0,0,1,1,0,Not Cancelled
251021P0MNUYNP,Selesai,2025-10-21 21:36:00,2025-10-21,2025-10-21 21:37:00,2025-10-22 23:59:00,2025-10-22 17:16:00,2025-10-29 18:12:00,1.0,1180.0,168.93333333333334,403.0,0,1,Not Cancelled,Normal,0,0,0,1,1,0,Not Cancelled
251021P1D10HEX,Selesai,2025-10-21 21:50:00,2025-10-21,2025-10-21 21:50:00,2025-10-22 23:59:00,2025-10-22 17:17:00,2025-11-02 21:47:00,0.0,1167.0,268.5,402.0,0,1,Not Cancelled,Normal,0,0,0,1,1,0,Not Cancelled
251021P26FERAJ,Selesai,2025-10-21 22:04:00,2025-10-21,2025-10-21 22:04:00,2025-10-22 23:59:00,2025-10-22 17:14:00,2025-11-01 20:34:00,0.0,1150.0,243.33333333333334,405.0,0,1,Not Cancelled,Normal,0,0,0,1,1,0,Not Cancelled
251021P3V5077W,Selesai,2025-10-21 22:34:00,2025-10-21,2025-10-21 22:34:00,2025-10-22 23:59:00,2025-10-22 17:16:00,2025-11-03 12:16:00,0.0,1122.0,283.0,403.0,0,1,Not Cancelled,Normal,0,0,0,1,1,0,Not Cancelled
251022P6QTHEQ3,Selesai,2025-10-21 23:25:00,2025-10-21,2025-10-21 23:26:00,2025-10-22 23:59:00,2025-10-22 17:16:00,2025-10-31 18:16:00,1.0,1071.0,217.0,403.0,0,1,Not Cancelled,Normal,0,0,0,1,1,0,Not Cancelled
251022P7KT1YCE,Selesai,2025-10-21 23:41:00,2025-10-21,2025-10-21 23:41:00,2025-10-22 23:59:00,2025-10-22 17:17:00,2025-11-03 11:58:00,0.0,1056.0,282.68333333333334,402.0,0,1,Not Cancelled,Normal,0,0,0,1,1,0,Not Cancelled
251022P7MC3MP8,Selesai,2025-10-21 23:41:00,2025-10-21,2025-10-21 23:41:00,2025-10-22 23:59:00,2025-10-22 17:17:00,2025-10-31 20:12:00,0.0,1056.0,218.91666666666666,402.0,0,1,Not Cancelled,Normal,0,0,0,1,1,0,Not Cancelled
251022P7U5H1EE,Selesai,2025-10-21 23:45:00,2025-10-21,2025-10-21 23:46:00,2025-10-22 23:59:00,2025-10-22 17:15:00,2025-10-29 21:57:00,1.0,1050.0,172.7,404.0,0,1,Not Cancelled,Normal,0,0,0,1,1,0,Not Cancelled
251022PAP64CAM,Selesai,2025-10-22 00:36:00,2025-10-22,2025-10-22 00:36:00,2025-10-22 23:59:00,2025-10-22 17:14:00,2025-10-31 15:52:00,0.0,998.0,214.63333333333333,405.0,0,1,Not Cancelled,Normal,0,0,0,1,1,0,Not Cancelled
251022PAYR5X9U,Selesai,2025-10-22 00:41:00,2025-10-22,2025-10-22 00:41:00,2025-10-22 23:59:00,2025-10-22 17:16:00,2025-11-04 19:51:00,0.0,995.0,314.5833333333333,403.0,0,1,Not Cancelled,Normal,0,0,0,1,1,0,Not Cancelled
251022PEQE5WEH,Selesai,2025-10-22 01:48:00,2025-10-22,2025-10-22 01:48:00,2025-10-22 23:59:00,2025-10-22 17:15:00,2025-10-25 15:31:00,0.0,927.0,70.26666666666667,404.0,0,1,Not Cancelled,Normal,0,0,0,1,1,0,Not Cancelled
251022PH99V41D,Selesai,2025-10-22 02:34:00,2025-10-22,2025-10-22 02:34:00,2025-10-22 23:59:00,2025-10-22 17:38:00,2025-10-28 20:14:00,0.0,904.0,146.6,381.0,0,1,Not Cancelled,Normal,0,0,0,1,1,0,Not Cancelled
251022PN3KSMGD,Selesai,2025-10-22 03:43:00,2025-10-22,2025-10-22 03:43:00,2025-10-22 23:59:00,2025-10-22 17:14:00,2025-10-24 15:43:00,0.0,811.0,46.483333333333334,405.0,0,1,Not Cancelled,Normal,0,0,0,1,1,0,Not Cancelled
251022PNV4N5MW,Selesai,2025-10-22 03:56:00,2025-10-22,2025-10-22 03:56:00,2025-10-22 23:59:00,2025-10-22 17:14:00,2025-10-28 14:39:00,0.0,798.0,141.41666666666666,405.0,0,1,Not Cancelled,Normal,0,0,0,1,1,0,Not Cancelled
251022PQ3JDB1C,Selesai,2025-10-22 04:18:00,2025-10-22,2025-10-22 04:19:00,2025-10-22 23:59:00,2025-10-22 17:18:00,2025-10-25 07:42:00,1.0,780.0,62.4,401.0,0,1,Not Cancelled,Normal,0,0,0,1,1,0,Not Cancelled
251022PRFVH8GD,Selesai,2025-10-22 04:43:00,2025-10-22,2025-10-22 04:43:00,2025-10-22 23:59:00,2025-10-22 17:38:00,2025-11-07 09:45:00,0.0,775.0,376.1166666666667,381.0,0,1,Not Cancelled,Normal,0,0,0,1,1,0,Not Cancelled
251022PSPM94J3,Batal,2025-10-22 05:05:00,2025-10-22,2025-10-22 05:06:00,2025-10-22 23:59:00,,,1.0,,,,1,0,Pre-Fulfillment,Not Processed,0,0,0,1,1,0,Change Address
251022PTRHGRXD,Selesai,2025-10-22 05:24:00,2025-10-22,2025-10-22 05:24:00,2025-10-22 23:59:00,2025-10-22 17:15:00,2025-11-03 04:58:00,0.0,711.0,275.71666666666664,404.0,0,1,Not Cancelled,Normal,0,0,0,1,1,0,Not Cancelled
251022PVC4C9X2,Batal,2025-10-22 05:53:00,2025-10-22,2025-10-22 05:53:00,2025-10-22 23:59:00,,,0.0,,,,1,0,Pre-Fulfillment,Not Processed,0,0,0,1,1,0,Change Address
251022PVNV6H5V,Selesai,2025-10-22 05:58:00,2025-10-22,2025-10-22 05:58:00,2025-10-22 23:59:00,2025-10-22 17:38:00,2025-10-30 07:44:00,0.0,700.0,182.1,381.0,0,1,Not Cancelled,Normal,0,0,0,1,1,0,Not Cancelled
251022PWK3QF6G,Selesai,2025-10-22 06:14:00,2025-10-22,2025-10-22 06:14:00,2025-10-22 23:59:00,2025-10-22 17:15:00,2025-10-30 00:17:00,0.0,661.0,175.03333333333333,404.0,0,1,Not Cancelled,Normal,0,1,1,1,1,0,Not Cancelled
251022PXNDDBM1,Selesai,2025-10-22 06:34:00,2025-10-22,2025-10-22 06:34:00,2025-10-22 23:59:00,2025-10-22 17:38:00,2025-10-31 01:13:00,0.0,664.0,199.58333333333334,381.0,0,1,Not Cancelled,Normal,0,0,0,1,1,0,Not Cancelled
251022Q0UXS05X,Selesai,2025-10-22 07:13:00,2025-10-22,2025-10-22 07:13:00,2025-10-22 23:59:00,2025-10-22 17:14:00,2025-10-24 13:40:00,0.0,601.0,44.43333333333333,405.0,0,1,Not Cancelled,Normal,0,0,0,1,1,0,Not Cancelled
251022Q1TP1MQ6,Selesai,2025-10-22 07:30:00,2025-10-22,2025-10-22 07:30:00,2025-10-22 23:59:00,2025-10-22 17:38:00,2025-11-05 15:50:00,0.0,608.0,334.2,381.0,0,1,Not Cancelled,Normal,0,0,0,1,1,0,Not Cancelled
251022Q2Y962JK,Selesai,2025-10-22 07:51:00,2025-10-22,2025-10-22 07:51:00,2025-10-22 23:59:00,2025-10-22 17:16:00,2025-10-24 19:15:00,0.0,565.0,49.983333333333334,403.0,0,1,Not Cancelled,Normal,0,0,0,1,1,0,Not Cancelled
251022Q43KMPHX,Selesai,2025-10-22 08:11:00,2025-10-22,2025-10-22 08:11:00,2025-10-22 23:59:00,2025-10-22 17:17:00,2025-10-30 22:07:00,0.0,546.0,196.83333333333334,402.0,0,1,Not Cancelled,Normal,0,0,0,1,1,0,Not Cancelled
251022Q56BNMB1,Selesai,2025-10-22 08:30:00,2025-10-22,2025-10-22 08:30:00,2025-10-22 23:59:00,2025-10-22 17:14:00,2025-11-01 13:44:00,0.0,524.0,236.5,405.0,0,1,Not Cancelled,Normal,0,0,0,1,1,0,Not Cancelled
251022Q57X56WB,Selesai,2025-10-22 08:31:00,2025-10-22,2025-10-22 08:32:00,2025-10-22 23:59:00,2025-10-22 17:16:00,2025-11-01 10:05:00,1.0,525.0,232.81666666666666,403.0,0,1,Not Cancelled,Normal,0,0,0,1,1,0,Not Cancelled
251022Q694K4F5,Batal,2025-10-22 08:50:00,2025-10-22,,,,,,,,,1,0,Pre-Fulfillment,Not Processed,0,0,0,1,1,0,Unpaid Order
251022Q85SAFCV,Selesai,2025-10-22 09:24:00,2025-10-22,2025-10-22 09:24:00,2025-10-22 23:59:00,2025-10-22 17:14:00,2025-10-29 19:01:00,0.0,470.0,169.78333333333333,405.0,0,1,Not Cancelled,Normal,0,0,0,1,1,0,Not Cancelled
251022Q8NSEB85,Batal,2025-10-22 09:33:00,2025-10-22,,,,,,,,,1,0,Pre-Fulfillment,Not Processed,0,0,0,1,1,0,Unpaid Order
251022Q9EKU5M2,Batal,2025-10-22 09:47:00,2025-10-22,2025-10-22 09:47:00,2025-10-22 23:59:00,,,0.0,,,,1,0,Pre-Fulfillment,Not Processed,0,0,0,1,1,0,Other
251022QAB9B0VK,Selesai,2025-10-22 10:03:00,2025-10-22,2025-10-22 10:03:00,2025-10-22 23:59:00,2025-10-22 17:38:00,2025-10-29 06:10:00,0.0,455.0,156.53333333333333,381.0,0,1,Not Cancelled,Normal,0,0,0,1,1,0,Not Cancelled
251022QBP6HSHS,Selesai,2025-10-22 10:27:00,2025-10-22,2025-10-22 10:27:00,2025-10-22 23:59:00,2025-10-22 17:14:00,2025-11-03 18:12:00,0.0,407.0,288.96666666666664,405.0,0,1,Not Cancelled,Normal,0,0,0,1,1,0,Not Cancelled
251022QCAKUJBN,Selesai,2025-10-22 10:38:00,2025-10-22,2025-10-22 10:38:00,2025-10-22 23:59:00,2025-10-22 17:14:00,2025-10-31 10:55:00,0.0,396.0,209.68333333333334,405.0,0,1,Not Cancelled,Normal,0,0,0,1,1,0,Not Cancelled
251022QEGMYVJ7,Selesai,2025-10-22 11:17:00,2025-10-22,2025-10-22 11:17:00,2025-10-22 23:59:00,2025-10-22 17:14:00,2025-10-28 08:57:00,0.0,357.0,135.71666666666667,405.0,0,1,Not Cancelled,Normal,0,0,0,1,1,0,Not Cancelled
251022QFM8JT58,Selesai,2025-10-22 11:37:00,2025-10-22,2025-10-22 11:38:00,2025-10-22 23:59:00,2025-10-22 17:14:00,2025-10-29 10:54:00,1.0,337.0,161.66666666666666,405.0,0,1,Not Cancelled,Normal,0,0,0,1,1,0,Not Cancelled
251022QFSN6N5J,Selesai,2025-10-22 11:40:00,2025-10-22,2025-10-22 11:40:00,2025-10-22 23:59:00,2025-10-22 17:13:00,2025-10-30 11:10:00,0.0,333.0,185.95,406.0,0,1,Not Cancelled,Normal,0,0,0,1,1,0,Not Cancelled
251022QK3HPAP8,Selesai,2025-10-22 12:39:00,2025-10-22,2025-10-22 12:40:00,2025-10-23 23:59:00,2025-10-22 17:15:00,2025-11-08 00:20:00,1.0,276.0,391.0833333333333,1844.0,0,1,Not Cancelled,Normal,0,1,1,1,1,0,Not Cancelled
251022QKX0G8E8,Selesai,2025-10-22 12:54:00,2025-10-22,2025-10-22 12:54:00,2025-10-23 23:59:00,2025-10-22 17:14:00,2025-10-26 14:43:00,0.0,260.0,93.48333333333333,1845.0,0,1,Not Cancelled,Normal,0,0,0,1,1,0,Not Cancelled
251022QKYUKDFM,Selesai,2025-10-22 12:55:00,2025-10-22,2025-10-22 12:55:00,2025-10-23 23:59:00,2025-10-22 17:15:00,2025-10-25 15:27:00,0.0,260.0,70.2,1844.0,0,1,Not Cancelled,Normal,0,0,0,1,1,0,Not Cancelled
251022QM6XJ9AG,Selesai,2025-10-22 12:59:00,2025-10-22,2025-10-22 13:00:00,2025-10-23 23:59:00,2025-10-22 13:00:00,2025-10-24 10:42:00,1.0,1.0,45.7,2099.0,0,1,Not Cancelled,Normal,0,0,0,1,1,0,Not Cancelled
251022QMAE4SPV,Batal,2025-10-22 13:01:00,2025-10-22,2025-10-22 13:02:00,2025-10-23 23:59:00,,,1.0,,,,1,0,Pre-Fulfillment,Not Processed,0,0,0,1,1,0,Change Order
251022QMEHS6NY,Selesai,2025-10-22 13:03:00,2025-10-22,2025-10-22 13:04:00,2025-10-23 23:59:00,2025-10-23 18:05:00,2025-11-02 21:02:00,1.0,1742.0,242.95,354.0,0,1,Not Cancelled,Normal,0,0,0,1,1,0,Not Cancelled
251022QMRVPUV0,Selesai,2025-10-22 13:09:00,2025-10-22,2025-10-22 13:10:00,2025-10-23 23:59:00,2025-10-23 18:06:00,2025-10-26 09:27:00,1.0,1737.0,63.35,353.0,0,1,Not Cancelled,Normal,0,0,0,1,1,0,Not Cancelled
251022QPPTESTA,Selesai,2025-10-22 13:44:00,2025-10-22,2025-10-23 11:24:00,2025-10-23 23:59:00,2025-10-23 11:24:00,2025-11-03 21:15:00,1300.0,1300.0,273.85,755.0,0,1,Not Cancelled,Normal,0,0,0,1,1,0,Not Cancelled
251022QQFYA92D,Selesai,2025-10-22 13:58:00,2025-10-22,2025-10-22 13:58:00,2025-10-23 23:59:00,2025-10-23 18:05:00,2025-11-05 00:19:00,0.0,1687.0,294.23333333333335,354.0,0,1,Not Cancelled,Normal,0,0,0,1,1,0,Not Cancelled
251022QSHTY1VS,Selesai,2025-10-22 14:35:00,2025-10-22,2025-10-22 14:35:00,2025-10-23 23:59:00,2025-10-23 18:05:00,2025-11-01 14:23:00,0.0,1650.0,212.3,354.0,0,1,Not Cancelled,Normal,0,0,0,1,1,0,Not Cancelled
251022QTGWPARQ,Selesai,2025-10-22 14:52:00,2025-10-22,2025-10-22 14:52:00,2025-10-23 23:59:00,2025-10-23 18:05:00,2025-10-26 20:53:00,0.0,1633.0,74.8,354.0,0,1,Not Cancelled,Normal,0,0,0,1,1,0,Not Cancelled
251022QTRV9KWN,Batal,2025-10-22 14:57:00,2025-10-22,2025-10-22 14:57:00,2025-10-23 23:59:00,,,0.0,,,,1,0,Pre-Fulfillment,Not Processed,0,0,0,1,1,0,Change Order
251022QTWRNEMF,Selesai,2025-10-22 14:59:00,2025-10-22,2025-10-22 15:00:00,2025-10-23 23:59:00,2025-10-23 18:09:00,2025-11-03 08:08:00,1.0,1630.0,253.98333333333332,350.0,0,1,Not Cancelled,Normal,0,0,0,2,1,0,Not Cancelled
251022QUT1PTAY,Selesai,2025-10-22 15:15:00,2025-10-22,2025-10-22 15:19:00,2025-10-23 23:59:00,2025-10-22 15:19:00,2025-10-26 17:35:00,4.0,4.0,98.26666666666667,1960.0,0,1,Not Cancelled,Normal,0,0,0,1,1,0,Not Cancelled
251022QUWURUJH,Selesai,2025-10-22 15:17:00,2025-10-22,2025-10-22 15:18:00,2025-10-23 23:59:00,2025-10-23 18:06:00,2025-10-24 15:33:00,1.0,1609.0,21.45,353.0,0,1,Not Cancelled,Normal,0,0,0,1,1,0,Not Cancelled
251022QV6ANA6J,Selesai,2025-10-22 15:22:00,2025-10-22,2025-10-22 15:22:00,2025-10-23 23:59:00,2025-10-23 18:05:00,2025-11-02 17:26:00,0.0,1603.0,239.35,354.0,0,1,Not Cancelled,Normal,0,0,0,1,1,0,Not Cancelled
251022QXF0N9E6,Selesai,2025-10-22 16:03:00,2025-10-22,2025-10-22 16:03:00,2025-10-23 23:59:00,2025-10-23 15:33:00,2025-11-01 09:27:00,0.0,1410.0,209.9,506.0,0,1,Not Cancelled,Normal,0,0,0,1,1,0,Not Cancelled
251022QYHVE2QQ,Selesai,2025-10-22 16:22:00,2025-10-22,2025-10-22 16:23:00,2025-10-23 23:59:00,2025-10-23 18:05:00,2025-10-27 17:00:00,1.0,1543.0,94.91666666666667,354.0,0,1,Not Cancelled,Normal,0,0,0,1,1,0,Not Cancelled
251022QYKA8YP5,Selesai,2025-10-22 16:23:00,2025-10-22,2025-10-22 16:23:00,2025-10-23 23:59:00,2025-10-23 18:06:00,2025-11-07 22:42:00,0.0,1543.0,364.6,353.0,0,1,Not Cancelled,Normal,0,0,0,1,1,0,Not Cancelled
251022QYKB7EV7,Selesai,2025-10-22 16:23:00,2025-10-22,2025-10-22 16:23:00,2025-10-23 23:59:00,2025-10-23 18:05:00,2025-10-30 12:39:00,0.0,1542.0,162.56666666666666,354.0,0,1,Not Cancelled,Normal,0,0,0,1,1,0,Not Cancelled
251022QYKE0S2U,Selesai,2025-10-22 16:23:00,2025-10-22,2025-10-22 16:23:00,2025-10-23 23:59:00,2025-10-23 18:06:00,2025-10-24 19:42:00,0.0,1543.0,25.6,353.0,0,1,Not Cancelled,Normal,0,0,0,1,1,0,Not Cancelled
251022QYR7J5WS,Batal,2025-10-22 16:26:00,2025-10-22,,,,,,,,,1,0,Pre-Fulfillment,Not Processed,0,0,0,1,1,0,Unpaid Order
251022QYU34CMQ,Selesai,2025-10-22 16:27:00,2025-10-22,2025-10-22 16:27:00,2025-10-23 23:59:00,2025-10-23 18:05:00,2025-11-04 21:56:00,0.0,1538.0,291.85,354.0,0,1,Not Cancelled,Normal,0,0,0,1,1,0,Not Cancelled
251022R15F88JG,Selesai,2025-10-22 16:51:00,2025-10-22,2025-10-22 16:51:00,2025-10-23 23:59:00,2025-10-23 18:09:00,2025-10-26 15:55:00,0.0,1518.0,69.76666666666667,350.0,0,1,Not Cancelled,Normal,0,0,0,1,1,0,Not Cancelled
251022R2Q35HM1,Selesai,2025-10-22 17:19:00,2025-10-22,2025-10-22 17:19:00,2025-10-23 23:59:00,2025-10-23 18:05:00,2025-10-31 18:43:00,0.0,1486.0,192.63333333333333,354.0,0,1,Not Cancelled,Normal,0,0,0,1,1,0,Not Cancelled
251022R306YXF7,Selesai,2025-10-22 17:24:00,2025-10-22,2025-10-22 17:24:00,2025-10-23 23:59:00,2025-10-23 18:06:00,2025-11-01 16:50:00,0.0,1482.0,214.73333333333332,353.0,0,1,Not Cancelled,Normal,0,0,0,1,1,0,Not Cancelled
251022R3J0A443,Selesai,2025-10-22 17:34:00,2025-10-22,2025-10-22 17:34:00,2025-10-23 23:59:00,2025-10-23 18:07:00,2025-11-01 00:12:00,0.0,1473.0,198.08333333333334,352.0,0,1,Not Cancelled,Normal,0,0,0,1,1,0,Not Cancelled
251022R3XW79K2,Selesai,2025-10-22 17:41:00,2025-10-22,2025-10-22 17:41:00,2025-10-23 23:59:00,2025-10-23 18:06:00,2025-11-04 16:32:00,0.0,1465.0,286.43333333333334,353.0,0,1,Not Cancelled,Normal,0,0,0,1,1,0,Not Cancelled
251022R49T86R6,Selesai,2025-10-22 17:47:00,2025-10-22,2025-10-22 17:48:00,2025-10-23 23:59:00,2025-10-23 18:07:00,2025-11-01 12:49:00,1.0,1460.0,210.7,352.0,0,1,Not Cancelled,Normal,0,0,0,1,1,0,Not Cancelled
251022R5DW5NYX,Selesai,2025-10-22 18:07:00,2025-10-22,2025-10-22 18:07:00,2025-10-23 23:59:00,2025-10-23 18:06:00,2025-10-26 15:28:00,0.0,1439.0,69.36666666666666,353.0,0,1,Not Cancelled,Normal,0,0,0,1,1,0,Not Cancelled
251022R67P5BG7,Selesai,2025-10-22 18:22:00,2025-10-22,2025-10-22 18:22:00,2025-10-23 23:59:00,2025-10-23 18:06:00,2025-11-03 16:40:00,0.0,1424.0,262.56666666666666,353.0,0,1,Not Cancelled,Normal,0,0,0,1,1,0,Not Cancelled
251022R6Y3PYMH,Selesai,2025-10-22 18:35:00,2025-10-22,2025-10-22 18:36:00,2025-10-23 23:59:00,2025-10-23 18:06:00,2025-10-26 13:48:00,1.0,1411.0,67.7,353.0,0,1,Not Cancelled,Normal,0,0,0,4,1,0,Not Cancelled
251022R8BS8NXN,Selesai,2025-10-22 19:00:00,2025-10-22,2025-10-22 19:00:00,2025-10-23 23:59:00,2025-10-23 18:06:00,2025-11-12 10:52:00,0.0,1386.0,472.76666666666665,353.0,0,1,Not Cancelled,Normal,0,0,0,1,1,0,Not Cancelled
251022R8MCU94U,Selesai,2025-10-22 19:05:00,2025-10-22,2025-10-22 19:06:00,2025-10-23 23:59:00,2025-10-23 18:05:00,2025-11-01 20:10:00,1.0,1380.0,218.08333333333334,354.0,0,1,Not Cancelled,Normal,0,0,0,1,1,0,Not Cancelled
251022R91S30HD,Selesai,2025-10-22 19:12:00,2025-10-22,2025-10-22 19:12:00,2025-10-23 23:59:00,2025-10-23 18:06:00,2025-10-26 19:34:00,0.0,1374.0,73.46666666666667,353.0,0,1,Not Cancelled,Normal,0,0,0,1,1,0,Not Cancelled
251022R954TCA3,Selesai,2025-10-22 19:14:00,2025-10-22,2025-10-22 19:14:00,2025-10-23 23:59:00,2025-10-23 18:05:00,2025-10-31 12:30:00,0.0,1371.0,186.41666666666666,354.0,0,1,Not Cancelled,Normal,0,0,0,2,1,0,Not Cancelled
251022RAMYG61G,Batal,2025-10-22 19:41:00,2025-10-22,,,,,,,,,1,0,Pre-Fulfillment,Not Processed,0,0,0,1,1,0,Change Address
251022RANGMRMY,Selesai,2025-10-22 19:41:00,2025-10-22,2025-10-22 19:41:00,2025-10-23 23:59:00,2025-10-23 18:09:00,2025-11-10 13:29:00,0.0,1348.0,427.3333333333333,350.0,0,1,Not Cancelled,Normal,0,0,0,1,1,0,Not Cancelled
251022RAYD7HVY,Selesai,2025-10-22 19:47:00,2025-10-22,2025-10-22 19:47:00,2025-10-23 23:59:00,2025-10-23 18:07:00,2025-10-31 20:15:00,0.0,1340.0,194.13333333333333,352.0,0,1,Not Cancelled,Normal,0,0,0,1,1,0,Not Cancelled
251022RB0EN94T,Selesai,2025-10-22 19:47:00,2025-10-22,2025-10-22 19:47:00,2025-10-23 23:59:00,2025-10-23 18:05:00,2025-11-03 20:56:00,0.0,1338.0,266.85,354.0,0,1,Not Cancelled,Normal,0,0,0,1,1,0,Not Cancelled
251022RB2EGM44,Batal,2025-10-22 19:48:00,2025-10-22,,,,,,,,,1,0,Pre-Fulfillment,Not Processed,0,0,0,1,1,0,Change Address
251022RB6WKXCF,Batal,2025-10-22 19:51:00,2025-10-22,2025-10-22 19:52:00,2025-10-23 23:59:00,,,1.0,,,,1,0,Pre-Fulfillment,Not Processed,0,0,0,1,1,0,Seller Responsiveness
251022RBFUPGWN,Selesai,2025-10-22 19:56:00,2025-10-22,2025-10-22 19:56:00,2025-10-23 23:59:00,2025-10-23 18:06:00,2025-11-01 12:41:00,0.0,1330.0,210.58333333333334,353.0,0,1,Not Cancelled,Normal,0,0,0,1,1,0,Not Cancelled
251022RCHCK1XS,Selesai,2025-10-22 20:15:00,2025-10-22,2025-10-22 20:22:00,2025-10-23 23:59:00,2025-10-23 18:07:00,2025-10-24 20:28:00,7.0,1312.0,26.35,352.0,0,1,Not Cancelled,Normal,0,0,0,1,1,0,Not Cancelled
251022RCJ5CEYK,Selesai,2025-10-22 20:15:00,2025-10-22,2025-10-22 20:15:00,2025-10-23 23:59:00,2025-10-23 18:05:00,2025-10-31 18:34:00,0.0,1310.0,192.48333333333332,354.0,0,1,Not Cancelled,Normal,0,0,0,1,1,0,Not Cancelled
251022RCTXR8QU,Batal,2025-10-22 20:20:00,2025-10-22,2025-10-22 20:20:00,2025-10-23 23:59:00,,,0.0,,,,1,0,Pre-Fulfillment,Not Processed,0,0,0,1,1,0,Change Address
251022RCVJ6J01,Batal,2025-10-22 20:21:00,2025-10-22,,,,,,,,,1,0,Pre-Fulfillment,Not Processed,0,0,0,1,1,0,Unpaid Order
251022REFD6UYD,Selesai,2025-10-22 20:49:00,2025-10-22,2025-10-22 20:49:00,2025-10-23 23:59:00,2025-10-23 18:05:00,2025-11-04 17:46:00,0.0,1276.0,287.68333333333334,354.0,0,1,Not Cancelled,Normal,0,0,0,1,1,0,Not Cancelled
251022RF7QAVH4,Selesai,2025-10-22 21:03:00,2025-10-22,2025-10-22 21:03:00,2025-10-23 23:59:00,2025-10-23 18:06:00,2025-10-29 10:01:00,0.0,1263.0,135.91666666666666,353.0,0,1,Not Cancelled,Normal,0,0,0,1,1,0,Not Cancelled
251022RGNE8XWR,Selesai,2025-10-22 21:28:00,2025-10-22,2025-10-22 21:28:00,2025-10-23 23:59:00,2025-10-23 18:05:00,2025-11-01 19:28:00,0.0,1237.0,217.38333333333333,354.0,0,1,Not Cancelled,Normal,0,0,0,1,1,0,Not Cancelled
251022RGQ8H7U5,Selesai,2025-10-22 21:29:00,2025-10-22,2025-10-22 21:29:00,2025-10-23 23:59:00,2025-10-23 18:05:00,2025-10-27 05:00:00,0.0,1236.0,82.91666666666667,354.0,0,1,Not Cancelled,Normal,0,0,0,1,1,0,Not Cancelled
251022RHW6GR97,Selesai,2025-10-22 21:51:00,2025-10-22,2025-10-22 21:51:00,2025-10-23 23:59:00,2025-10-22 21:51:00,2025-10-31 15:14:00,0.0,0.0,209.38333333333333,1568.0,0,1,Not Cancelled,Normal,0,0,0,1,1,0,Not Cancelled
251022RJ22XF3E,Selesai,2025-10-22 21:53:00,2025-10-22,2025-10-22 21:53:00,2025-10-23 23:59:00,2025-10-23 18:07:00,2025-11-04 20:26:00,0.0,1214.0,290.31666666666666,352.0,0,1,Not Cancelled,Normal,0,0,0,1,1,0,Not Cancelled
251022RJKMNKWJ,Selesai,2025-10-22 22:03:00,2025-10-22,2025-10-22 22:03:00,2025-10-23 23:59:00,2025-10-23 18:06:00,2025-10-27 19:27:00,0.0,1203.0,97.35,353.0,0,1,Not Cancelled,Normal,0,0,0,1,1,0,Not Cancelled
251022RK5JQF5B,Selesai,2025-10-22 22:13:00,2025-10-22,2025-10-22 22:13:00,2025-10-23 23:59:00,2025-10-23 18:05:00,2025-11-03 14:12:00,0.0,1192.0,260.1166666666667,354.0,0,1,Not Cancelled,Normal,0,0,0,1,1,0,Not Cancelled
251022RMBHR5QU,Selesai,2025-10-22 22:34:00,2025-10-22,2025-10-22 22:34:00,2025-10-23 23:59:00,2025-10-23 18:06:00,2025-11-02 14:37:00,0.0,1172.0,236.51666666666668,353.0,0,1,Not Cancelled,Normal,0,0,0,1,1,0,Not Cancelled
251022RN8574NC,Selesai,2025-10-22 22:50:00,2025-10-22,2025-10-22 22:50:00,2025-10-23 23:59:00,2025-10-23 18:09:00,2025-11-02 23:27:00,0.0,1159.0,245.3,350.0,0,1,Not Cancelled,Normal,0,0,0,1,1,0,Not Cancelled
251023RNYD3D7E,Selesai,2025-10-22 23:03:00,2025-10-22,2025-10-22 23:03:00,2025-10-23 23:59:00,2025-10-23 18:05:00,2025-11-10 13:38:00,0.0,1142.0,427.55,354.0,0,1,Not Cancelled,Normal,0,0,0,1,1,0,Not Cancelled
251023RPUCJTH0,Selesai,2025-10-22 23:19:00,2025-10-22,2025-10-22 23:19:00,2025-10-23 23:59:00,2025-10-23 18:09:00,2025-11-07 20:04:00,0.0,1130.0,361.9166666666667,350.0,0,1,Not Cancelled,Normal,0,0,0,1,1,0,Not Cancelled
251023RQD7U2UR,Selesai,2025-10-22 23:29:00,2025-10-22,2025-10-22 23:29:00,2025-10-23 23:59:00,2025-10-23 18:09:00,2025-11-04 18:49:00,0.0,1120.0,288.6666666666667,350.0,0,1,Not Cancelled,Normal,0,0,0,1,1,0,Not Cancelled
251023RQFEF33A,Selesai,2025-10-22 23:30:00,2025-10-22,2025-10-22 23:30:00,2025-10-23 23:59:00,2025-10-23 18:05:00,2025-10-31 11:43:00,0.0,1115.0,185.63333333333333,354.0,0,1,Not Cancelled,Normal,0,0,0,1,1,0,Not Cancelled
251023RRGD71FU,Selesai,2025-10-22 23:49:00,2025-10-22,2025-10-22 23:49:00,2025-10-23 23:59:00,2025-10-23 18:07:00,2025-10-30 12:08:00,0.0,1098.0,162.01666666666668,352.0,0,1,Not Cancelled,Normal,0,0,0,1,1,0,Not Cancelled
251023RRHCMSTP,Selesai,2025-10-22 23:49:00,2025-10-22,2025-10-22 23:49:00,2025-10-23 23:59:00,2025-10-23 18:06:00,2025-11-03 18:52:00,0.0,1097.0,264.76666666666665,353.0,0,1,Not Cancelled,Normal,0,0,0,1,1,0,Not Cancelled
251023RSY6DV4Y,Selesai,2025-10-23 00:15:00,2025-10-23,2025-10-23 00:15:00,2025-10-23 23:59:00,2025-10-23 18:06:00,2025-10-30 09:23:00,0.0,1071.0,159.28333333333333,353.0,0,1,Not Cancelled,Normal,0,0,0,1,1,0,Not Cancelled
251023RVSSNXKU,Selesai,2025-10-23 01:06:00,2025-10-23,2025-10-23 01:06:00,2025-10-23 23:59:00,2025-10-23 18:09:00,2025-11-05 16:52:00,0.0,1023.0,310.71666666666664,350.0,0,1,Not Cancelled,Normal,0,0,0,2,2,0,Not Cancelled
251023S81VUBV7,Selesai,2025-10-23 04:27:00,2025-10-23,2025-10-23 04:27:00,2025-10-23 23:59:00,2025-10-23 18:05:00,2025-10-29 18:26:00,0.0,818.0,144.35,354.0,0,1,Not Cancelled,Normal,0,0,0,1,1,0,Not Cancelled
251023SAE1HGYB,Selesai,2025-10-23 05:10:00,2025-10-23,2025-10-23 05:11:00,2025-10-23 23:59:00,2025-10-23 18:05:00,2025-10-24 15:28:00,1.0,775.0,21.383333333333333,354.0,0,1,Not Cancelled,Normal,0,0,0,1,1,0,Not Cancelled
251023SC2TFH33,Selesai,2025-10-23 05:39:00,2025-10-23,2025-10-23 05:39:00,2025-10-23 23:59:00,2025-10-23 18:05:00,2025-10-29 16:25:00,0.0,746.0,142.33333333333334,354.0,0,1,Not Cancelled,Normal,0,0,0,1,1,0,Not Cancelled
251023SGHMG1UH,Selesai,2025-10-23 06:59:00,2025-10-23,2025-10-23 06:59:00,2025-10-23 23:59:00,2025-10-23 18:07:00,2025-10-27 17:49:00,0.0,668.0,95.7,352.0,0,1,Not Cancelled,Normal,0,0,0,1,1,0,Not Cancelled
251023SGKAVWH5,Selesai,2025-10-23 07:00:00,2025-10-23,2025-10-23 07:02:00,2025-10-23 23:59:00,2025-10-23 18:05:00,2025-11-01 12:41:00,2.0,665.0,210.6,354.0,0,1,Not Cancelled,Normal,0,0,0,1,1,0,Not Cancelled
251023SNR7JGAB,Selesai,2025-10-23 08:32:00,2025-10-23,2025-10-23 08:32:00,2025-10-23 23:59:00,2025-10-23 18:06:00,2025-11-05 18:38:00,0.0,574.0,312.53333333333336,353.0,0,1,Not Cancelled,Normal,0,0,0,1,1,0,Not Cancelled
251023SNYJ3XBE,Selesai,2025-10-23 08:36:00,2025-10-23,2025-10-23 08:37:00,2025-10-23 23:59:00,2025-10-23 18:05:00,2025-10-26 16:04:00,1.0,569.0,69.98333333333333,354.0,0,1,Not Cancelled,Normal,0,0,0,1,1,0,Not Cancelled
251023SP1RPXVA,Selesai,2025-10-23 08:37:00,2025-10-23,2025-10-23 08:38:00,2025-10-23 23:59:00,2025-10-23 18:06:00,2025-11-01 14:47:00,1.0,569.0,212.68333333333334,353.0,0,1,Not Cancelled,Normal,0,0,0,1,1,0,Not Cancelled
251023SQGRKTKS,Selesai,2025-10-23 09:04:00,2025-10-23,2025-10-23 09:04:00,2025-10-23 23:59:00,2025-10-23 18:06:00,2025-11-03 16:18:00,0.0,542.0,262.2,353.0,0,1,Not Cancelled,Normal,0,0,0,1,1,0,Not Cancelled
251023SQWHSU85,Batal,2025-10-23 09:11:00,2025-10-23,,,,,,,,,1,0,Pre-Fulfillment,Not Processed,0,0,0,1,1,0,Unpaid Order
251023SRAT5UGA,Selesai,2025-10-23 09:18:00,2025-10-23,2025-10-23 09:20:00,2025-10-23 23:59:00,2025-10-23 18:05:00,2025-10-28 05:13:00,2.0,527.0,107.13333333333334,354.0,0,1,Not Cancelled,Normal,0,0,0,1,1,0,Not Cancelled
251023SRB0TKRH,Selesai,2025-10-23 09:18:00,2025-10-23,2025-10-23 09:18:00,2025-10-23 23:59:00,2025-10-23 18:05:00,2025-11-02 15:22:00,0.0,527.0,237.28333333333333,354.0,0,1,Not Cancelled,Normal,0,0,0,1,1,0,Not Cancelled
251023SS10P6C1,Selesai,2025-10-23 09:31:00,2025-10-23,2025-10-23 09:31:00,2025-10-23 23:59:00,2025-10-23 18:09:00,2025-10-26 18:32:00,0.0,518.0,72.38333333333334,350.0,0,1,Not Cancelled,Normal,0,0,0,2,1,0,Not Cancelled
251023ST4AQYM3,Selesai,2025-10-23 09:50:00,2025-10-23,2025-10-23 09:51:00,2025-10-23 23:59:00,2025-10-23 15:33:00,2025-11-02 14:15:00,1.0,343.0,238.7,506.0,0,1,Not Cancelled,Normal,0,0,0,1,1,0,Not Cancelled
251023SU5M15PE,Selesai,2025-10-23 10:09:00,2025-10-23,2025-10-23 10:09:00,2025-10-23 23:59:00,2025-10-23 18:05:00,2025-10-25 16:48:00,0.0,476.0,46.71666666666667,354.0,0,1,Not Cancelled,Normal,0,0,0,1,1,0,Not Cancelled
251023SUNN2YAD,Selesai,2025-10-23 10:18:00,2025-10-23,2025-10-23 10:18:00,2025-10-23 23:59:00,2025-10-23 18:07:00,2025-10-31 20:59:00,0.0,469.0,194.86666666666667,352.0,0,1,Not Cancelled,Normal,0,0,0,1,1,0,Not Cancelled
251023SV1WY1SQ,Batal,2025-10-23 10:25:00,2025-10-23,2025-10-23 10:26:00,2025-10-23 23:59:00,,,1.0,,,,1,0,Pre-Fulfillment,Not Processed,0,0,0,1,1,0,Change Address
251023SVAMGHX3,Selesai,2025-10-23 10:30:00,2025-10-23,2025-10-23 10:30:00,2025-10-23 23:59:00,2025-10-23 18:09:00,2025-10-28 07:26:00,0.0,459.0,109.28333333333333,350.0,0,1,Not Cancelled,Normal,0,0,0,1,1,0,Not Cancelled
251023SVK3BK5V,Selesai,2025-10-23 10:34:00,2025-10-23,2025-10-24 09:37:00,2025-10-24 23:59:00,2025-10-24 18:42:00,2025-10-26 04:39:00,1383.0,1928.0,33.95,317.0,0,1,Not Cancelled,Attention,0,0,0,1,1,0,Not Cancelled
251023SW61TKQ8,Selesai,2025-10-23 10:45:00,2025-10-23,2025-10-23 10:45:00,2025-10-23 23:59:00,2025-10-23 18:05:00,2025-10-30 00:15:00,0.0,440.0,150.16666666666666,354.0,0,1,Not Cancelled,Normal,0,1,1,1,1,0,Not Cancelled
251023SW8THQQJ,Selesai,2025-10-23 10:47:00,2025-10-23,2025-10-23 10:47:00,2025-10-23 23:59:00,2025-10-23 18:05:00,2025-10-30 14:46:00,0.0,438.0,164.68333333333334,354.0,0,1,Not Cancelled,Normal,0,0,0,1,1,0,Not Cancelled
251023SWJP6KMV,Selesai,2025-10-23 10:52:00,2025-10-23,2025-10-23 10:52:00,2025-10-23 23:59:00,2025-10-23 18:07:00,2025-10-27 09:56:00,0.0,435.0,87.81666666666666,352.0,0,1,Not Cancelled,Normal,0,0,0,1,1,0,Not Cancelled
251023SWU6XTSN,Selesai,2025-10-23 10:57:00,2025-10-23,2025-10-23 10:57:00,2025-10-23 23:59:00,2025-10-23 18:05:00,2025-11-01 15:48:00,0.0,428.0,213.71666666666667,354.0,0,1,Not Cancelled,Normal,0,0,0,1,1,0,Not Cancelled
251023SWWN6TNT,Selesai,2025-10-23 10:58:00,2025-10-23,2025-10-23 10:58:00,2025-10-23 23:59:00,2025-10-23 18:05:00,2025-10-26 18:26:00,0.0,427.0,72.35,354.0,0,1,Not Cancelled,Normal,0,0,0,1,1,0,Not Cancelled
251023SX91FFK1,Selesai,2025-10-23 11:05:00,2025-10-23,2025-10-23 11:05:00,2025-10-23 23:59:00,2025-10-23 18:08:00,2025-10-25 07:47:00,0.0,423.0,37.65,351.0,0,1,Not Cancelled,Normal,0,0,0,1,1,0,Not Cancelled
251023SXH1YYMB,Selesai,2025-10-23 11:09:00,2025-10-23,2025-10-23 11:09:00,2025-10-23 23:59:00,2025-10-23 18:05:00,2025-10-25 10:42:00,0.0,416.0,40.61666666666667,354.0,0,1,Not Cancelled,Normal,0,0,0,1,1,0,Not Cancelled
251023SY4W4FC3,Selesai,2025-10-23 11:20:00,2025-10-23,2025-10-23 11:20:00,2025-10-23 23:59:00,2025-10-23 18:05:00,2025-11-03 17:28:00,0.0,405.0,263.3833333333333,354.0,0,1,Not Cancelled,Normal,0,0,0,1,1,0,Not Cancelled
251023T00CFQUN,Selesai,2025-10-23 11:36:00,2025-10-23,2025-10-23 11:36:00,2025-10-23 23:59:00,2025-10-23 18:05:00,2025-11-11 12:08:00,0.0,389.0,450.05,354.0,0,1,Not Cancelled,Normal,0,0,0,1,1,0,Not Cancelled
251023T1QSB1EP,Selesai,2025-10-23 12:07:00,2025-10-23,2025-10-23 12:07:00,2025-10-24 23:59:00,2025-10-23 18:05:00,2025-10-31 14:37:00,0.0,358.0,188.53333333333333,1794.0,0,1,Not Cancelled,Normal,0,0,0,1,1,0,Not Cancelled
251023T2A5Q460,Selesai,2025-10-23 12:17:00,2025-10-23,2025-10-23 12:17:00,2025-10-24 23:59:00,2025-10-23 18:05:00,2025-10-25 18:01:00,0.0,348.0,47.93333333333333,1794.0,0,1,Not Cancelled,Normal,0,0,0,1,1,0,Not Cancelled
251023T2FQ4P2Y,Selesai,2025-10-23 12:20:00,2025-10-23,2025-10-23 12:20:00,2025-10-24 23:59:00,2025-10-23 18:05:00,2025-11-01 11:13:00,0.0,345.0,209.13333333333333,1794.0,0,1,Not Cancelled,Normal,0,0,0,1,1,0,Not Cancelled
251023T2NADHNG,Selesai,2025-10-23 12:23:00,2025-10-23,2025-10-23 12:24:00,2025-10-24 23:59:00,2025-10-23 18:07:00,2025-10-27 14:21:00,1.0,344.0,92.23333333333333,1792.0,0,1,Not Cancelled,Normal,0,0,0,1,1,0,Not Cancelled
251023T370WSBP,Selesai,2025-10-23 12:33:00,2025-10-23,2025-10-23 12:33:00,2025-10-24 23:59:00,2025-10-23 15:33:00,2025-10-24 17:29:00,0.0,180.0,25.933333333333334,1946.0,0,1,Not Cancelled,Normal,0,0,0,1,1,0,Not Cancelled
251023T3A9SRTS,Batal,2025-10-23 12:35:00,2025-10-23,2025-10-23 12:35:00,2025-10-24 23:59:00,,,0.0,,,,1,0,Pre-Fulfillment,Not Processed,0,0,0,1,1,0,Other
251023T3ATYS29,Selesai,2025-10-23 12:35:00,2025-10-23,2025-10-23 12:35:00,2025-10-24 23:59:00,2025-10-23 18:05:00,2025-10-29 09:27:00,0.0,330.0,135.36666666666667,1794.0,0,1,Not Cancelled,Normal,0,0,0,1,1,0,Not Cancelled
251023T3ENXNNF,Selesai,2025-10-23 12:37:00,2025-10-23,2025-10-23 12:43:00,2025-10-24 23:59:00,2025-10-23 15:33:00,2025-10-27 06:51:00,6.0,176.0,87.3,1946.0,0,1,Not Cancelled,Normal,0,0,0,1,1,0,Not Cancelled
251023T5NF079W,Selesai,2025-10-23 13:17:00,2025-10-23,2025-10-23 13:17:00,2025-10-24 23:59:00,2025-10-24 18:42:00,2025-11-01 20:15:00,0.0,1765.0,193.55,317.0,0,1,Not Cancelled,Normal,0,0,0,1,1,0,Not Cancelled
251023T5WGEHQ0,Selesai,2025-10-23 13:21:00,2025-10-23,2025-10-23 13:21:00,2025-10-24 23:59:00,2025-10-24 13:01:00,2025-11-02 18:00:00,0.0,1420.0,220.98333333333332,658.0,0,1,Not Cancelled,Normal,0,0,0,1,1,0,Not Cancelled
251023T6AWKB33,Batal,2025-10-23 13:29:00,2025-10-23,,,,,,,,,1,0,Pre-Fulfillment,Not Processed,0,0,0,1,1,0,Unpaid Order
251023T6E1QUAP,Selesai,2025-10-23 13:31:00,2025-10-23,2025-10-23 13:32:00,2025-10-24 23:59:00,2025-10-24 13:00:00,2025-10-25 23:45:00,1.0,1409.0,34.75,659.0,0,1,Not Cancelled,Normal,0,0,0,1,1,0,Not Cancelled
251023T6GPKDKX,Selesai,2025-10-23 13:32:00,2025-10-23,2025-10-23 13:32:00,2025-10-24 23:59:00,2025-10-24 13:00:00,2025-11-02 18:29:00,0.0,1408.0,221.48333333333332,659.0,0,1,Not Cancelled,Normal,0,0,0,1,1,0,Not Cancelled
251023T6U2GH3W,Selesai,2025-10-23 13:38:00,2025-10-23,2025-10-23 13:38:00,2025-10-24 23:59:00,2025-10-24 13:01:00,2025-11-04 14:37:00,0.0,1403.0,265.6,658.0,0,1,Not Cancelled,Normal,0,0,0,1,1,0,Not Cancelled
251023T7JB960D,Selesai,2025-10-23 13:51:00,2025-10-23,2025-10-23 13:51:00,2025-10-24 23:59:00,2025-10-23 13:51:00,2025-10-29 18:48:00,0.0,0.0,148.95,2048.0,0,1,Not Cancelled,Normal,0,0,0,1,1,0,Not Cancelled
251023T7SH6BUA,Selesai,2025-10-23 13:55:00,2025-10-23,2025-10-23 13:55:00,2025-10-23 16:55:00,2025-10-23 15:34:00,2025-10-30 19:44:00,0.0,99.0,172.16666666666666,81.0,0,1,Not Cancelled,Normal,0,0,0,1,1,1,Not Cancelled
251023T8J8QJ9J,Selesai,2025-10-23 14:09:00,2025-10-23,2025-10-23 14:09:00,2025-10-24 23:59:00,2025-10-24 13:00:00,2025-10-27 14:41:00,0.0,1371.0,73.68333333333334,659.0,0,1,Not Cancelled,Normal,0,0,0,1,1,0,Not Cancelled
251023T927VUJS,Selesai,2025-10-23 14:18:00,2025-10-23,2025-10-23 14:18:00,2025-10-24 23:59:00,2025-10-24 12:58:00,2025-10-29 12:42:00,0.0,1360.0,119.73333333333333,661.0,0,1,Not Cancelled,Normal,0,0,0,2,1,0,Not Cancelled
251023T9B420BN,Batal,2025-10-23 14:23:00,2025-10-23,2025-10-23 14:23:00,2025-10-24 23:59:00,,,0.0,,,,1,0,Pre-Fulfillment,Not Processed,0,0,0,1,1,0,Other
251023TA1XKWPG,Selesai,2025-10-23 14:35:00,2025-10-23,2025-10-23 14:35:00,2025-10-24 23:59:00,2025-10-24 13:02:00,2025-11-02 11:47:00,0.0,1347.0,214.75,657.0,0,1,Not Cancelled,Normal,0,0,0,1,1,0,Not Cancelled
251023TAAVMW0C,Selesai,2025-10-23 14:40:00,2025-10-23,2025-10-23 14:41:00,2025-10-24 23:59:00,2025-10-24 13:00:00,2025-11-01 19:45:00,1.0,1340.0,198.75,659.0,0,1,Not Cancelled,Normal,0,0,0,1,1,0,Not Cancelled
251023TAK3X0XJ,Selesai,2025-10-23 14:45:00,2025-10-23,2025-10-23 14:45:00,2025-10-24 23:59:00,2025-10-24 13:02:00,2025-10-26 22:13:00,0.0,1337.0,57.18333333333333,657.0,0,1,Not Cancelled,Normal,0,0,0,1,1,0,Not Cancelled
251023TBM7CV4E,Selesai,2025-10-23 15:04:00,2025-10-23,2025-10-23 15:07:00,2025-10-24 23:59:00,2025-10-24 14:50:00,2025-11-01 20:12:00,3.0,1426.0,197.36666666666667,549.0,0,1,Not Cancelled,Normal,0,0,0,1,1,0,Not Cancelled
251023TCVEWATK,Batal,2025-10-23 15:26:00,2025-10-23,2025-10-23 15:28:00,2025-10-24 23:59:00,,,2.0,,,,1,0,Pre-Fulfillment,Not Processed,0,0,0,1,1,0,Change Address
251023TDCTDMF3,Selesai,2025-10-23 15:35:00,2025-10-23,2025-10-23 15:37:00,2025-10-24 23:59:00,2025-10-24 12:58:00,2025-11-02 21:18:00,2.0,1283.0,224.33333333333334,661.0,0,1,Not Cancelled,Normal,0,0,0,1,1,0,Not Cancelled
251023TEYU4P25,Selesai,2025-10-23 16:04:00,2025-10-23,2025-10-23 16:04:00,2025-10-24 23:59:00,2025-10-25 18:14:00,2025-10-27 09:13:00,0.0,3010.0,38.983333333333334,-1095.0,0,1,Not Cancelled,Slow,1,0,0,1,1,0,Not Cancelled
251023TFA53WX2,Selesai,2025-10-23 16:10:00,2025-10-23,2025-10-23 16:10:00,2025-10-24 23:59:00,2025-10-24 18:42:00,2025-11-07 17:43:00,0.0,1592.0,335.01666666666665,317.0,0,1,Not Cancelled,Normal,0,0,0,1,1,0,Not Cancelled
251023TGMP0MU9,Selesai,2025-10-23 16:33:00,2025-10-23,2025-10-23 16:33:00,2025-10-24 23:59:00,2025-10-24 12:59:00,2025-11-04 13:19:00,0.0,1226.0,264.3333333333333,660.0,0,1,Not Cancelled,Normal,0,0,0,1,1,0,Not Cancelled
251023TGQEQG83,Batal,2025-10-23 16:35:00,2025-10-23,2025-10-23 16:35:00,2025-10-24 23:59:00,2025-10-24 12:59:00,,0.0,1224.0,,660.0,1,1,Post-Fulfillment Initiation,Normal,0,0,0,1,1,0,Delivery Failed
251023THFPYVKA,Batal,2025-10-23 16:48:00,2025-10-23,2025-10-23 16:48:00,2025-10-24 23:59:00,,,0.0,,,,1,0,Pre-Fulfillment,Not Processed,0,0,0,1,1,0,Other
251023THV7H3CE,Selesai,2025-10-23 16:55:00,2025-10-23,2025-10-23 16:55:00,2025-10-24 23:59:00,2025-10-24 13:00:00,2025-11-04 13:51:00,0.0,1205.0,264.85,659.0,0,1,Not Cancelled,Normal,0,0,0,1,1,0,Not Cancelled
251023THXJVQDV,Batal,2025-10-23 16:57:00,2025-10-23,2025-10-23 16:57:00,2025-10-24 23:59:00,2025-10-24 13:02:00,,0.0,1205.0,,657.0,1,1,Post-Fulfillment Initiation,Normal,0,0,0,1,1,0,Delivery Failed
251023TJUKSHX4,Batal,2025-10-23 17:13:00,2025-10-23,2025-10-23 17:13:00,2025-10-24 23:59:00,,,0.0,,,,1,0,Pre-Fulfillment,Not Processed,0,0,0,1,1,0,Change Address
251023TKM2RU33,Selesai,2025-10-23 17:27:00,2025-10-23,2025-10-23 17:27:00,2025-10-24 23:59:00,2025-10-24 12:59:00,2025-11-01 17:48:00,0.0,1172.0,196.81666666666666,660.0,0,1,Not Cancelled,Normal,0,0,0,1,1,0,Not Cancelled
251023TKQ5XFKD,Selesai,2025-10-23 17:28:00,2025-10-23,2025-10-23 17:29:00,2025-10-24 23:59:00,2025-10-23 17:29:00,2025-10-25 02:04:00,1.0,1.0,32.583333333333336,1830.0,0,1,Not Cancelled,Normal,0,0,0,1,1,0,Not Cancelled
251023TKW4NY06,Batal,2025-10-23 17:32:00,2025-10-23,,,,,,,,,1,0,Pre-Fulfillment,Not Processed,0,0,0,1,1,0,Change Address
251023TM26S38M,Selesai,2025-10-23 17:35:00,2025-10-23,2025-10-23 17:35:00,2025-10-24 23:59:00,2025-10-24 13:03:00,2025-11-11 14:24:00,0.0,1168.0,433.35,656.0,0,1,Not Cancelled,Normal,0,0,0,1,1,0,Not Cancelled
251023TM50C6G2,Selesai,2025-10-23 17:36:00,2025-10-23,2025-10-23 17:36:00,2025-10-24 23:59:00,2025-10-24 13:00:00,2025-10-27 00:31:00,0.0,1164.0,59.516666666666666,659.0,0,1,Not Cancelled,Normal,0,0,0,1,1,0,Not Cancelled
251023TM98S389,Selesai,2025-10-23 17:39:00,2025-10-23,2025-10-23 17:39:00,2025-10-24 23:59:00,2025-10-24 13:00:00,2025-11-01 05:51:00,0.0,1161.0,184.85,659.0,0,1,Not Cancelled,Normal,0,0,0,1,1,0,Not Cancelled
251023TMN850S3,Selesai,2025-10-23 17:45:00,2025-10-23,2025-10-23 17:45:00,2025-10-24 23:59:00,2025-10-24 13:01:00,2025-10-25 18:55:00,0.0,1156.0,29.9,658.0,0,1,Not Cancelled,Normal,0,0,0,1,1,0,Not Cancelled
251023TNMP9XC3,Selesai,2025-10-23 18:03:00,2025-10-23,2025-10-23 18:03:00,2025-10-24 23:59:00,2025-10-24 13:02:00,2025-11-01 18:46:00,0.0,1139.0,197.73333333333332,657.0,0,1,Not Cancelled,Normal,0,0,0,1,1,0,Not Cancelled
251023TPA141R3,Selesai,2025-10-23 18:15:00,2025-10-23,2025-10-23 18:15:00,2025-10-24 23:59:00,2025-10-24 13:02:00,2025-11-01 19:03:00,0.0,1127.0,198.01666666666668,657.0,0,1,Not Cancelled,Normal,0,0,0,1,1,0,Not Cancelled
251023TPXDD31V,Selesai,2025-10-23 18:26:00,2025-10-23,2025-10-23 18:26:00,2025-10-24 23:59:00,2025-10-24 13:01:00,2025-10-29 17:29:00,0.0,1115.0,124.46666666666667,658.0,0,1,Not Cancelled,Normal,0,0,0,1,1,0,Not Cancelled
251023TQ1W1P17,Selesai,2025-10-23 18:28:00,2025-10-23,2025-10-23 18:28:00,2025-10-24 23:59:00,2025-10-24 13:00:00,2025-11-03 16:29:00,0.0,1112.0,243.48333333333332,659.0,0,1,Not Cancelled,Normal,0,0,0,1,1,0,Not Cancelled
251023TQK90DG0,Selesai,2025-10-23 18:38:00,2025-10-23,2025-10-23 18:38:00,2025-10-24 23:59:00,2025-10-24 13:00:00,2025-11-14 21:30:00,0.0,1102.0,512.5,659.0,0,1,Not Cancelled,Normal,0,0,0,1,1,0,Not Cancelled
251023TRGHGFCU,Batal,2025-10-23 18:54:00,2025-10-23,2025-10-23 18:54:00,2025-10-24 23:59:00,,,0.0,,,,1,0,Pre-Fulfillment,Not Processed,0,0,0,1,1,0,Change Order
251023TS5Y5F11,Selesai,2025-10-23 19:06:00,2025-10-23,2025-10-23 19:08:00,2025-10-24 23:59:00,2025-10-23 19:08:00,2025-11-02 11:20:00,2.0,2.0,232.2,1731.0,0,1,Not Cancelled,Normal,0,0,0,1,1,0,Not Cancelled
251023TSMHHERQ,Selesai,2025-10-23 19:14:00,2025-10-23,2025-10-23 19:14:00,2025-10-24 23:59:00,2025-10-24 13:01:00,2025-10-30 08:55:00,0.0,1067.0,139.9,658.0,0,1,Not Cancelled,Normal,0,0,0,2,2,0,Not Cancelled
251023TSPEJQKR,Selesai,2025-10-23 19:15:00,2025-10-23,2025-10-23 19:59:00,2025-10-24 23:59:00,2025-10-24 12:59:00,2025-10-31 11:53:00,44.0,1064.0,166.9,660.0,0,1,Not Cancelled,Normal,0,0,0,1,1,0,Not Cancelled
251023TT42EB4S,Selesai,2025-10-23 19:23:00,2025-10-23,2025-10-23 19:23:00,2025-10-24 23:59:00,2025-10-24 12:58:00,2025-10-29 21:22:00,0.0,1055.0,128.4,661.0,0,1,Not Cancelled,Normal,0,0,0,1,1,0,Not Cancelled
251023TU1X06D7,Selesai,2025-10-23 19:40:00,2025-10-23,2025-10-23 19:40:00,2025-10-24 23:59:00,2025-10-24 13:01:00,2025-10-26 08:05:00,0.0,1041.0,43.06666666666667,658.0,0,1,Not Cancelled,Normal,0,0,0,1,1,0,Not Cancelled
251023TUD3K83K,Batal,2025-10-23 19:46:00,2025-10-23,,,,,,,,,1,0,Pre-Fulfillment,Not Processed,0,0,0,1,1,0,Unpaid Order
251023TW066D55,Selesai,2025-10-23 20:14:00,2025-10-23,2025-10-23 20:15:00,2025-10-24 23:59:00,2025-10-24 12:59:00,2025-11-02 10:50:00,1.0,1005.0,213.85,660.0,0,1,Not Cancelled,Normal,0,0,0,1,1,0,Not Cancelled
251023TWC5M9RQ,Selesai,2025-10-23 20:21:00,2025-10-23,2025-10-23 20:23:00,2025-10-24 23:59:00,2025-10-24 13:02:00,2025-10-28 21:40:00,2.0,1001.0,104.63333333333334,657.0,0,1,Not Cancelled,Normal,0,0,0,1,1,0,Not Cancelled
251023TX7YBUPB,Selesai,2025-10-23 20:37:00,2025-10-23,2025-10-23 20:37:00,2025-10-24 23:59:00,2025-10-24 13:03:00,2025-10-29 12:57:00,0.0,986.0,119.9,656.0,0,1,Not Cancelled,Normal,0,0,0,1,1,0,Not Cancelled
251023TXR90X1P,Batal,2025-10-23 20:46:00,2025-10-23,2025-10-23 20:46:00,2025-10-24 23:59:00,,,0.0,,,,1,0,Pre-Fulfillment,Not Processed,0,0,0,1,1,0,Other
251023U0BP4Q3Y,Selesai,2025-10-23 21:15:00,2025-10-23,2025-10-23 21:15:00,2025-10-24 23:59:00,2025-10-24 12:59:00,2025-11-04 16:08:00,0.0,944.0,267.15,660.0,0,1,Not Cancelled,Normal,0,0,0,1,1,0,Not Cancelled
251023U0DSTV8B,Selesai,2025-10-23 21:16:00,2025-10-23,2025-10-23 21:16:00,2025-10-24 23:59:00,2025-10-24 18:42:00,2025-10-28 18:16:00,0.0,1286.0,95.56666666666666,317.0,0,1,Not Cancelled,Normal,0,0,0,1,1,0,Not Cancelled
251023U0KSHR3H,Selesai,2025-10-23 21:19:00,2025-10-23,2025-10-23 21:19:00,2025-10-24 23:59:00,2025-10-23 21:19:00,2025-10-31 16:10:00,0.0,0.0,186.85,1600.0,0,1,Not Cancelled,Normal,0,0,0,1,1,0,Not Cancelled
251023U1B2B4Y7,Batal,2025-10-23 21:32:00,2025-10-23,2025-10-23 21:32:00,2025-10-24 23:59:00,,,0.0,,,,1,0,Pre-Fulfillment,Not Processed,0,0,0,1,1,0,Change Address
251023U1KWM686,Selesai,2025-10-23 21:37:00,2025-10-23,2025-10-23 21:37:00,2025-10-24 23:59:00,2025-10-23 21:37:00,2025-11-02 21:20:00,0.0,0.0,239.71666666666667,1582.0,0,1,Not Cancelled,Normal,0,0,0,1,1,0,Not Cancelled
251023U2DA3U76,Selesai,2025-10-23 21:51:00,2025-10-23,2025-10-23 21:52:00,2025-10-24 23:59:00,2025-10-24 13:03:00,2025-11-08 17:51:00,1.0,912.0,364.8,656.0,0,1,Not Cancelled,Normal,0,0,0,1,1,0,Not Cancelled
251023U465PJW9,Selesai,2025-10-23 22:23:00,2025-10-23,2025-10-23 22:23:00,2025-10-24 23:59:00,2025-10-24 18:42:00,2025-10-29 08:53:00,0.0,1219.0,110.18333333333334,317.0,0,1,Not Cancelled,Normal,0,0,0,1,1,0,Not Cancelled
251023U4HRPF7K,Selesai,2025-10-23 22:30:00,2025-10-23,2025-10-23 22:30:00,2025-10-24 23:59:00,2025-10-24 18:42:00,2025-11-07 13:12:00,0.0,1212.0,330.5,317.0,0,1,Not Cancelled,Normal,0,0,0,1,1,0,Not Cancelled
251023U4JEKSHV,Batal,2025-10-23 22:30:00,2025-10-23,2025-10-23 22:30:00,2025-10-24 23:59:00,,,0.0,,,,1,0,Pre-Fulfillment,Not Processed,0,0,0,1,1,0,Change Order
251023U549VBS5,Selesai,2025-10-23 22:40:00,2025-10-23,2025-10-23 22:40:00,2025-10-24 23:59:00,2025-10-24 12:59:00,2025-11-03 14:38:00,0.0,859.0,241.65,660.0,0,1,Not Cancelled,Normal,0,0,0,1,1,0,Not Cancelled
251023U5HJATH0,Selesai,2025-10-23 22:47:00,2025-10-23,2025-10-23 22:48:00,2025-10-24 23:59:00,2025-10-24 13:01:00,2025-10-31 21:38:00,1.0,854.0,176.61666666666667,658.0,0,1,Not Cancelled,Normal,0,0,0,1,1,0,Not Cancelled
251023U5NF5K9K,Selesai,2025-10-23 22:50:00,2025-10-23,2025-10-23 22:54:00,2025-10-24 23:59:00,2025-10-24 13:02:00,2025-10-30 19:23:00,4.0,852.0,150.35,657.0,0,1,Not Cancelled,Normal,0,0,0,1,1,0,Not Cancelled
251023U5NKXNEV,Batal,2025-10-23 22:50:00,2025-10-23,2025-10-23 22:50:00,2025-10-24 23:59:00,,,0.0,,,,1,0,Pre-Fulfillment,Not Processed,0,0,0,1,1,0,Other
251023U5WJJXQ9,Selesai,2025-10-23 22:54:00,2025-10-23,2025-10-23 22:54:00,2025-10-24 23:59:00,2025-10-24 18:44:00,2025-11-06 18:37:00,0.0,1190.0,311.8833333333333,315.0,0,1,Not Cancelled,Normal,0,0,0,1,1,0,Not Cancelled
251024005NDVDW,Selesai,2025-10-24 17:16:00,2025-10-24,2025-10-24 17:16:00,2025-10-27 23:59:00,2025-10-25 18:14:00,2025-11-04 08:52:00,0.0,1498.0,230.63333333333333,3225.0,0,1,Not Cancelled,Normal,0,0,0,1,1,0,Not Cancelled
25102401992Y2R,Selesai,2025-10-24 17:36:00,2025-10-24,2025-10-24 17:36:00,2025-10-27 23:59:00,2025-10-25 13:35:00,2025-10-31 13:19:00,0.0,1199.0,143.73333333333332,3504.0,0,1,Not Cancelled,Normal,0,0,0,1,1,0,Not Cancelled
25102401XVFQ5F,Selesai,2025-10-24 17:48:00,2025-10-24,2025-10-24 17:48:00,2025-10-27 23:59:00,2025-10-25 13:33:00,2025-10-30 17:08:00,0.0,1185.0,123.58333333333333,3506.0,0,1,Not Cancelled,Normal,0,0,0,1,1,0,Not Cancelled
251024026KEKRR,Selesai,2025-10-24 17:52:00,2025-10-24,2025-10-24 17:52:00,2025-10-27 23:59:00,2025-10-25 13:33:00,2025-11-03 11:47:00,0.0,1181.0,214.23333333333332,3506.0,0,1,Not Cancelled,Normal,0,0,0,1,1,0,Not Cancelled
251024026YVU3N,Selesai,2025-10-24 17:53:00,2025-10-24,2025-10-24 17:53:00,2025-10-27 23:59:00,2025-10-25 13:33:00,2025-11-07 16:25:00,0.0,1180.0,314.8666666666667,3506.0,0,1,Not Cancelled,Normal,0,0,0,1,1,0,Not Cancelled
25102402N6SE3N,Selesai,2025-10-24 18:01:00,2025-10-24,2025-10-24 18:01:00,2025-10-27 23:59:00,2025-10-25 13:34:00,2025-11-06 20:58:00,0.0,1173.0,295.4,3505.0,0,1,Not Cancelled,Normal,0,0,0,1,1,0,Not Cancelled
2510240319XXWX,Selesai,2025-10-24 18:07:00,2025-10-24,2025-10-24 18:07:00,2025-10-27 23:59:00,2025-10-25 18:13:00,2025-11-03 13:07:00,0.0,1446.0,210.9,3226.0,0,1,Not Cancelled,Normal,0,0,0,2,2,0,Not Cancelled
25102403VKH5GC,Selesai,2025-10-24 18:23:00,2025-10-24,2025-10-24 18:28:00,2025-10-27 23:59:00,2025-10-25 13:35:00,2025-11-02 23:07:00,5.0,1152.0,201.53333333333333,3504.0,0,1,Not Cancelled,Normal,0,0,0,1,1,0,Not Cancelled
25102404QESDHM,Selesai,2025-10-24 18:38:00,2025-10-24,2025-10-24 18:38:00,2025-10-27 23:59:00,2025-10-25 13:34:00,2025-10-31 16:13:00,0.0,1136.0,146.65,3505.0,0,1,Not Cancelled,Normal,0,0,0,1,1,0,Not Cancelled
2510240529W498,Selesai,2025-10-24 18:44:00,2025-10-24,2025-10-24 18:44:00,2025-10-27 23:59:00,2025-10-25 13:34:00,2025-11-02 11:26:00,0.0,1130.0,189.86666666666667,3505.0,0,1,Not Cancelled,Normal,0,0,0,1,1,0,Not Cancelled
251024054VV2QN,Selesai,2025-10-24 18:45:00,2025-10-24,2025-10-24 18:45:00,2025-10-27 23:59:00,2025-10-25 13:34:00,2025-11-02 11:54:00,0.0,1129.0,190.33333333333334,3505.0,0,1,Not Cancelled,Normal,0,0,0,1,1,0,Not Cancelled
25102405D8X0R9,Selesai,2025-10-24 18:50:00,2025-10-24,2025-10-24 18:50:00,2025-10-27 23:59:00,2025-10-24 18:50:00,2025-10-27 17:55:00,0.0,0.0,71.08333333333333,4629.0,0,1,Not Cancelled,Normal,0,0,0,1,1,0,Not Cancelled
25102405N5KSPG,Selesai,2025-10-24 18:54:00,2025-10-24,2025-10-24 18:56:00,2025-10-27 23:59:00,2025-10-25 13:34:00,2025-11-03 16:10:00,2.0,1120.0,218.6,3505.0,0,1,Not Cancelled,Normal,0,0,0,1,1,0,Not Cancelled
25102405UKMTB9,Selesai,2025-10-24 18:58:00,2025-10-24,2025-10-24 18:58:00,2025-10-27 23:59:00,2025-10-25 13:34:00,2025-11-04 11:29:00,0.0,1116.0,237.91666666666666,3505.0,0,1,Not Cancelled,Normal,0,0,0,1,1,0,Not Cancelled
25102407DNRVJF,Batal,2025-10-24 19:26:00,2025-10-24,2025-10-24 19:26:00,2025-10-27 23:59:00,,,0.0,,,,1,0,Pre-Fulfillment,Not Processed,0,0,0,1,1,0,Other
2510240842W0X0,Batal,2025-10-24 19:38:00,2025-10-24,,,,,,,,,1,0,Pre-Fulfillment,Not Processed,0,0,0,1,1,0,Unpaid Order
25102408NNK23F,Selesai,2025-10-24 19:48:00,2025-10-24,2025-10-24 19:48:00,2025-10-27 23:59:00,2025-10-25 13:35:00,2025-11-05 22:29:00,0.0,1067.0,272.9,3504.0,0,1,Not Cancelled,Normal,0,0,0,1,1,0,Not Cancelled
25102408P13HK5,Selesai,2025-10-24 19:48:00,2025-10-24,2025-10-24 19:49:00,2025-10-27 23:59:00,2025-10-25 18:15:00,2025-11-07 21:02:00,1.0,1347.0,314.78333333333336,3224.0,0,1,Not Cancelled,Normal,0,0,0,1,1,0,Not Cancelled
25102409EQKV2Q,Selesai,2025-10-24 20:02:00,2025-10-24,2025-10-24 20:02:00,2025-10-27 23:59:00,2025-10-25 13:34:00,2025-11-05 14:32:00,0.0,1052.0,264.96666666666664,3505.0,0,1,Not Cancelled,Normal,0,0,0,1,1,0,Not Cancelled
25102409H12DMN,Selesai,2025-10-24 20:03:00,2025-10-24,2025-10-24 20:03:00,2025-10-27 23:59:00,2025-10-25 13:34:00,2025-11-01 16:28:00,0.0,1051.0,170.9,3505.0,0,1,Not Cancelled,Normal,0,0,0,1,1,0,Not Cancelled
25102409YYUS1V,Selesai,2025-10-24 20:12:00,2025-10-24,2025-10-24 20:12:00,2025-10-27 23:59:00,2025-10-25 18:14:00,2025-11-03 15:05:00,0.0,1322.0,212.85,3225.0,0,1,Not Cancelled,Normal,0,0,0,4,1,0,Not Cancelled
2510240A8U2RV2,Selesai,2025-10-24 20:17:00,2025-10-24,2025-10-24 20:17:00,2025-10-27 23:59:00,2025-10-25 18:14:00,2025-10-27 21:46:00,0.0,1317.0,51.53333333333333,3225.0,0,1,Not Cancelled,Normal,0,0,0,2,1,0,Not Cancelled
2510240AHW0KNS,Selesai,2025-10-24 20:22:00,2025-10-24,2025-10-24 20:22:00,2025-10-27 23:59:00,2025-10-25 13:34:00,2025-11-08 14:43:00,0.0,1032.0,337.15,3505.0,0,1,Not Cancelled,Normal,0,0,0,1,1,0,Not Cancelled
2510240BGWRT0K,Selesai,2025-10-24 20:39:00,2025-10-24,2025-10-24 20:39:00,2025-10-27 23:59:00,2025-10-25 18:12:00,2025-10-27 01:12:00,0.0,1293.0,31.0,3227.0,0,1,Not Cancelled,Normal,0,0,0,1,1,0,Not Cancelled
2510240BWQUK6V,Selesai,2025-10-24 20:46:00,2025-10-24,2025-10-24 20:46:00,2025-10-27 23:59:00,2025-10-25 13:34:00,2025-11-04 10:42:00,0.0,1008.0,237.13333333333333,3505.0,0,1,Not Cancelled,Normal,0,0,0,1,1,0,Not Cancelled
2510240CCGTMNU,Selesai,2025-10-24 20:55:00,2025-10-24,2025-10-24 20:55:00,2025-10-27 23:59:00,2025-10-25 18:13:00,2025-10-31 12:58:00,0.0,1278.0,138.75,3226.0,0,1,Not Cancelled,Normal,0,0,0,1,1,0,Not Cancelled
2510240CDAJSCX,Selesai,2025-10-24 20:55:00,2025-10-24,2025-10-24 20:55:00,2025-10-27 23:59:00,2025-10-25 13:34:00,2025-10-28 15:18:00,0.0,999.0,73.73333333333333,3505.0,0,1,Not Cancelled,Normal,0,0,0,3,3,0,Not Cancelled
2510240DMA18PP,Batal,2025-10-24 21:17:00,2025-10-24,,,,,,,,,1,0,Pre-Fulfillment,Not Processed,0,0,0,1,1,0,Change Address
2510240DWGNR14,Selesai,2025-10-24 21:22:00,2025-10-24,2025-10-24 21:25:00,2025-10-27 23:59:00,2025-10-25 13:34:00,2025-11-02 21:26:00,3.0,972.0,199.86666666666667,3505.0,0,1,Not Cancelled,Normal,0,0,0,1,1,0,Not Cancelled
2510240E9G1YNV,Selesai,2025-10-24 21:29:00,2025-10-24,2025-10-24 21:29:00,2025-10-27 23:59:00,2025-10-25 13:35:00,2025-11-05 16:43:00,0.0,966.0,267.1333333333333,3504.0,0,1,Not Cancelled,Normal,0,0,0,1,1,0,Not Cancelled
2510240F1TAA30,Selesai,2025-10-24 21:42:00,2025-10-24,2025-10-24 21:42:00,2025-10-27 23:59:00,2025-10-25 13:33:00,2025-10-31 10:49:00,0.0,951.0,141.26666666666668,3506.0,0,1,Not Cancelled,Normal,0,0,0,1,1,0,Not Cancelled
2510240FG7VX8H,Batal,2025-10-24 21:50:00,2025-10-24,2025-10-24 21:50:00,2025-10-27 23:59:00,,,0.0,,,,1,0,Pre-Fulfillment,Not Processed,0,0,0,1,1,0,Other
2510240FXCVWJK,Selesai,2025-10-24 21:58:00,2025-10-24,2025-10-24 21:58:00,2025-10-27 23:59:00,2025-10-25 13:34:00,2025-10-27 13:04:00,0.0,936.0,47.5,3505.0,0,1,Not Cancelled,Normal,0,0,0,2,1,0,Not Cancelled
2510240G226036,Selesai,2025-10-24 22:00:00,2025-10-24,2025-10-24 22:01:00,2025-10-27 23:59:00,2025-10-25 13:35:00,2025-11-04 17:10:00,1.0,935.0,243.58333333333334,3504.0,0,1,Not Cancelled,Normal,0,0,0,1,1,0,Not Cancelled
251024U6BA72DH,Selesai,2025-10-23 23:02:00,2025-10-23,2025-10-23 23:03:00,2025-10-24 23:59:00,2025-10-24 13:03:00,2025-10-25 20:13:00,1.0,841.0,31.166666666666668,656.0,0,1,Not Cancelled,Normal,0,0,0,1,1,0,Not Cancelled
251024U6BUD402,Selesai,2025-10-23 23:02:00,2025-10-23,2025-10-23 23:02:00,2025-10-24 23:59:00,2025-10-24 13:03:00,2025-10-28 13:20:00,0.0,841.0,96.28333333333333,656.0,0,1,Not Cancelled,Normal,0,0,0,1,1,0,Not Cancelled
251024U6M4K50R,Selesai,2025-10-23 23:07:00,2025-10-23,2025-10-23 23:07:00,2025-10-24 23:59:00,2025-10-24 13:01:00,2025-11-02 14:06:00,0.0,834.0,217.08333333333334,658.0,0,1,Not Cancelled,Normal,0,0,0,1,1,0,Not Cancelled
251024U7DC9D8V,Selesai,2025-10-23 23:21:00,2025-10-23,2025-10-23 23:21:00,2025-10-24 23:59:00,2025-10-24 13:03:00,2025-11-10 05:18:00,0.0,822.0,400.25,656.0,0,1,Not Cancelled,Normal,0,0,0,1,1,0,Not Cancelled
251024U7M0XQD4,Selesai,2025-10-23 23:25:00,2025-10-23,2025-10-23 23:25:00,2025-10-24 23:59:00,2025-10-23 23:25:00,2025-11-02 10:53:00,0.0,0.0,227.46666666666667,1474.0,0,1,Not Cancelled,Normal,0,0,0,1,1,0,Not Cancelled
251024U8F4SQA1,Selesai,2025-10-23 23:40:00,2025-10-23,2025-10-23 23:40:00,2025-10-24 23:59:00,2025-10-24 13:01:00,2025-11-11 18:21:00,0.0,801.0,437.3333333333333,658.0,0,1,Not Cancelled,Normal,0,0,0,1,1,0,Not Cancelled
251024U9EYCS9K,Batal,2025-10-23 23:57:00,2025-10-23,2025-10-23 23:58:00,2025-10-24 23:59:00,,,1.0,,,,1,0,Pre-Fulfillment,Not Processed,0,0,0,1,1,0,Change Order
251024U9F9SUXB,Selesai,2025-10-23 23:58:00,2025-10-23,2025-10-23 23:58:00,2025-10-24 23:59:00,2025-10-24 13:01:00,2025-11-09 08:04:00,0.0,783.0,379.05,658.0,0,1,Not Cancelled,Normal,0,0,0,1,1,0,Not Cancelled
251024UAVN9S1V,Selesai,2025-10-24 00:23:00,2025-10-24,2025-10-24 00:24:00,2025-10-24 23:59:00,2025-10-24 13:01:00,2025-10-28 14:46:00,1.0,758.0,97.75,658.0,0,1,Not Cancelled,Normal,0,0,0,1,1,0,Not Cancelled
251024UDH5WPQF,Selesai,2025-10-24 01:10:00,2025-10-24,2025-10-24 01:10:00,2025-10-24 23:59:00,2025-10-24 13:00:00,2025-10-25 16:56:00,0.0,710.0,27.933333333333334,659.0,0,1,Not Cancelled,Normal,0,0,0,1,1,0,Not Cancelled
251024UF9K8YN4,Selesai,2025-10-24 01:42:00,2025-10-24,2025-10-24 01:42:00,2025-10-24 23:59:00,2025-10-24 13:03:00,2025-10-26 17:03:00,0.0,681.0,52.0,656.0,0,1,Not Cancelled,Normal,0,0,0,1,1,0,Not Cancelled
251024UFGBR6QR,Selesai,2025-10-24 01:46:00,2025-10-24,2025-10-24 01:46:00,2025-10-24 23:59:00,2025-10-24 14:50:00,2025-10-29 17:14:00,0.0,784.0,122.4,549.0,0,1,Not Cancelled,Normal,0,0,0,2,2,0,Not Cancelled
251024UK40WN96,Selesai,2025-10-24 02:50:00,2025-10-24,2025-10-24 02:51:00,2025-10-24 23:59:00,2025-10-25 18:14:00,2025-11-05 10:53:00,1.0,2364.0,256.65,-1095.0,0,1,Not Cancelled,Attention,1,0,0,2,1,0,Not Cancelled
251024USP93DP6,Selesai,2025-10-24 04:48:00,2025-10-24,2025-10-24 04:49:00,2025-10-24 23:59:00,2025-10-24 14:50:00,2025-10-25 16:58:00,1.0,602.0,26.133333333333333,549.0,0,1,Not Cancelled,Normal,0,0,0,1,1,0,Not Cancelled
251024UV6R0KW9,Selesai,2025-10-24 05:33:00,2025-10-24,2025-10-24 05:33:00,2025-10-24 23:59:00,2025-10-24 13:02:00,2025-11-04 16:24:00,0.0,449.0,267.3666666666667,657.0,0,1,Not Cancelled,Normal,0,0,0,1,1,0,Not Cancelled
251024UVF4YY35,Selesai,2025-10-24 05:38:00,2025-10-24,2025-10-24 05:42:00,2025-10-24 23:59:00,2025-10-24 13:03:00,2025-10-31 05:54:00,4.0,445.0,160.85,656.0,0,1,Not Cancelled,Normal,0,0,0,1,1,0,Not Cancelled
251024UWMGWGXT,Selesai,2025-10-24 05:59:00,2025-10-24,2025-10-24 05:59:00,2025-10-24 23:59:00,2025-10-24 13:03:00,2025-11-05 18:02:00,0.0,424.0,292.98333333333335,656.0,0,1,Not Cancelled,Normal,0,0,0,1,1,0,Not Cancelled
251024UXN28DT5,Batal,2025-10-24 06:17:00,2025-10-24,2025-10-24 06:17:00,2025-10-24 23:59:00,,,0.0,,,,1,0,Pre-Fulfillment,Not Processed,0,0,0,1,1,0,Other
251024UXYBB8DY,Selesai,2025-10-24 06:22:00,2025-10-24,2025-10-24 06:23:00,2025-10-24 23:59:00,2025-10-24 13:03:00,2025-10-27 00:20:00,1.0,401.0,59.28333333333333,656.0,0,1,Not Cancelled,Normal,0,0,0,1,1,0,Not Cancelled
251024UYE68HBW,Selesai,2025-10-24 06:31:00,2025-10-24,2025-10-24 06:31:00,2025-10-24 23:59:00,2025-10-24 12:59:00,2025-10-25 15:13:00,0.0,388.0,26.233333333333334,660.0,0,1,Not Cancelled,Normal,0,0,0,1,1,0,Not Cancelled
251024V292XPU5,Batal,2025-10-24 07:22:00,2025-10-24,2025-10-24 07:22:00,2025-10-24 23:59:00,2025-10-24 18:43:00,,0.0,681.0,,316.0,1,1,Post-Fulfillment Initiation,Normal,0,0,0,1,1,0,Delivery Failed
251024V3FSRP99,Selesai,2025-10-24 07:43:00,2025-10-24,2025-10-24 07:44:00,2025-10-24 23:59:00,2025-10-24 12:59:00,2025-10-29 08:44:00,1.0,316.0,115.75,660.0,0,1,Not Cancelled,Normal,0,0,0,1,1,0,Not Cancelled
251024V4E7F4CA,Selesai,2025-10-24 08:00:00,2025-10-24,2025-10-24 08:00:00,2025-10-24 23:59:00,2025-10-24 13:01:00,2025-11-04 07:50:00,0.0,301.0,258.81666666666666,658.0,0,1,Not Cancelled,Normal,0,0,0,2,1,0,Not Cancelled
251024V5X6VG0Q,Selesai,2025-10-24 08:27:00,2025-10-24,2025-10-24 08:27:00,2025-10-24 23:59:00,2025-10-24 12:59:00,2025-11-09 15:41:00,0.0,272.0,386.7,660.0,0,1,Not Cancelled,Normal,0,0,0,1,1,0,Not Cancelled
251024V5XJARF8,Selesai,2025-10-24 08:27:00,2025-10-24,2025-10-24 08:27:00,2025-10-24 23:59:00,2025-10-24 13:02:00,2025-10-27 17:44:00,0.0,275.0,76.7,657.0,0,1,Not Cancelled,Normal,0,0,0,1,1,0,Not Cancelled
251024V67UWF61,Selesai,2025-10-24 08:33:00,2025-10-24,2025-10-24 08:33:00,2025-10-24 23:59:00,2025-10-24 13:03:00,2025-10-26 15:27:00,0.0,270.0,50.4,656.0,0,1,Not Cancelled,Normal,0,0,0,1,1,0,Not Cancelled
251024V6DYBBH9,Selesai,2025-10-24 08:36:00,2025-10-24,2025-10-24 08:36:00,2025-10-24 23:59:00,2025-10-24 13:02:00,2025-10-29 12:34:00,0.0,266.0,119.53333333333333,657.0,0,1,Not Cancelled,Normal,0,0,0,1,1,0,Not Cancelled
251024V6R1QQJ3,Selesai,2025-10-24 08:42:00,2025-10-24,2025-10-24 08:42:00,2025-10-24 23:59:00,2025-10-24 13:02:00,2025-11-01 19:06:00,0.0,260.0,198.06666666666666,657.0,0,1,Not Cancelled,Normal,0,0,0,1,1,0,Not Cancelled
251024V6RJUBBR,Selesai,2025-10-24 08:42:00,2025-10-24,2025-10-24 08:42:00,2025-10-24 23:59:00,2025-10-24 13:03:00,2025-10-29 09:32:00,0.0,261.0,116.48333333333333,656.0,0,1,Not Cancelled,Normal,0,0,0,1,1,0,Not Cancelled
251024V83PTG80,Selesai,2025-10-24 09:06:00,2025-10-24,2025-10-24 09:07:00,2025-10-24 23:59:00,2025-10-24 18:44:00,2025-11-07 16:47:00,1.0,578.0,334.05,315.0,0,1,Not Cancelled,Normal,0,0,0,1,1,0,Not Cancelled
251024V8AVPU1X,Selesai,2025-10-24 09:10:00,2025-10-24,2025-10-24 09:10:00,2025-10-24 23:59:00,2025-10-24 18:43:00,2025-11-03 14:38:00,0.0,573.0,235.91666666666666,316.0,0,1,Not Cancelled,Normal,0,0,0,1,1,0,Not Cancelled
251024V8X9G8R7,Selesai,2025-10-24 09:21:00,2025-10-24,2025-10-24 09:21:00,2025-10-24 23:59:00,2025-10-24 18:44:00,2025-11-05 21:35:00,0.0,563.0,290.85,315.0,0,1,Not Cancelled,Normal,0,0,0,1,1,0,Not Cancelled
251024V9JTKPN5,Batal,2025-10-24 09:32:00,2025-10-24,2025-10-24 09:32:00,2025-10-24 23:59:00,,,0.0,,,,1,0,Pre-Fulfillment,Not Processed,0,0,0,2,2,0,Change Order
251024V9SPX45J,Selesai,2025-10-24 09:36:00,2025-10-24,2025-10-24 09:36:00,2025-10-24 23:59:00,2025-10-24 18:44:00,2025-11-04 08:50:00,0.0,548.0,254.1,315.0,0,1,Not Cancelled,Normal,0,0,0,1,1,0,Not Cancelled
251024VA21X9G0,Selesai,2025-10-24 09:41:00,2025-10-24,2025-10-24 13:21:00,2025-10-27 23:59:00,2025-10-25 17:26:00,2025-10-27 09:27:00,220.0,1905.0,40.016666666666666,3273.0,0,1,Not Cancelled,Normal,0,0,0,1,1,0,Not Cancelled
251024VADWGGXH,Batal,2025-10-24 09:47:00,2025-10-24,2025-10-24 09:47:00,2025-10-24 23:59:00,,,0.0,,,,1,0,Pre-Fulfillment,Not Processed,0,0,0,1,1,0,Other
251024VAHQHUFG,Selesai,2025-10-24 09:50:00,2025-10-24,2025-10-24 09:50:00,2025-10-24 23:59:00,2025-10-24 18:44:00,2025-11-06 08:17:00,0.0,534.0,301.55,315.0,0,1,Not Cancelled,Normal,0,1,1,1,1,0,Not Cancelled
251024VB2FJNJ9,Batal,2025-10-24 09:59:00,2025-10-24,2025-10-24 09:59:00,2025-10-24 23:59:00,,,0.0,,,,1,0,Pre-Fulfillment,Not Processed,0,0,0,1,1,0,Change Address
251024VBBVWYVV,Selesai,2025-10-24 10:04:00,2025-10-24,2025-10-24 10:04:00,2025-10-24 23:59:00,2025-10-24 18:44:00,2025-11-05 21:17:00,0.0,520.0,290.55,315.0,0,1,Not Cancelled,Normal,0,0,0,1,1,0,Not Cancelled
251024VBKMTV12,Selesai,2025-10-24 10:09:00,2025-10-24,2025-10-24 10:09:00,2025-10-24 23:59:00,2025-10-24 18:42:00,2025-10-31 00:59:00,0.0,513.0,150.28333333333333,317.0,0,1,Not Cancelled,Normal,0,0,0,1,1,0,Not Cancelled
251024VBKYBCMW,Selesai,2025-10-24 10:09:00,2025-10-24,2025-10-24 11:05:00,2025-10-24 23:59:00,2025-10-24 18:44:00,2025-11-02 15:22:00,56.0,515.0,212.63333333333333,315.0,0,1,Not Cancelled,Normal,0,0,0,1,1,0,Not Cancelled
251024VC6XTAF5,Selesai,2025-10-24 10:19:00,2025-10-24,2025-10-24 10:19:00,2025-10-24 23:59:00,2025-10-24 18:42:00,2025-11-02 11:59:00,0.0,503.0,209.28333333333333,317.0,0,1,Not Cancelled,Normal,0,0,0,1,1,0,Not Cancelled
251024VDN8UHT4,Selesai,2025-10-24 10:45:00,2025-10-24,2025-10-24 10:45:00,2025-10-24 23:59:00,2025-10-24 18:43:00,2025-11-06 14:51:00,0.0,478.0,308.1333333333333,316.0,0,1,Not Cancelled,Normal,0,0,0,2,2,0,Not Cancelled
251024VF7B2GFA,Selesai,2025-10-24 11:13:00,2025-10-24,2025-10-24 11:14:00,2025-10-24 23:59:00,2025-10-24 14:50:00,2025-10-27 11:13:00,1.0,217.0,68.38333333333334,549.0,0,1,Not Cancelled,Normal,0,0,0,1,1,0,Not Cancelled
251024VGC4SWPS,Batal,2025-10-24 11:34:00,2025-10-24,,,,,,,,,1,0,Pre-Fulfillment,Not Processed,0,0,0,1,1,0,Unpaid Order
251024VGPCVS63,Selesai,2025-10-24 11:40:00,2025-10-24,2025-10-24 11:40:00,2025-10-24 23:59:00,2025-10-24 18:44:00,2025-10-28 14:25:00,0.0,424.0,91.68333333333334,315.0,0,1,Not Cancelled,Normal,0,0,0,1,1,0,Not Cancelled
251024VHMJ14W0,Selesai,2025-10-24 11:56:00,2025-10-24,2025-10-24 11:56:00,2025-10-24 23:59:00,2025-10-24 18:44:00,2025-10-30 09:35:00,0.0,408.0,134.85,315.0,0,1,Not Cancelled,Normal,0,0,0,1,1,0,Not Cancelled
251024VHVFPPG1,Selesai,2025-10-24 12:01:00,2025-10-24,2025-10-24 12:01:00,2025-10-27 23:59:00,2025-10-24 18:44:00,2025-11-01 19:10:00,0.0,403.0,192.43333333333334,4635.0,0,1,Not Cancelled,Normal,0,0,0,1,1,0,Not Cancelled
251024VJ06V183,Selesai,2025-10-24 12:03:00,2025-10-24,2025-10-24 12:03:00,2025-10-27 23:59:00,2025-10-24 18:42:00,2025-11-04 17:29:00,0.0,399.0,262.78333333333336,4637.0,0,1,Not Cancelled,Normal,0,0,0,1,1,0,Not Cancelled
251024VJ51BJG4,Selesai,2025-10-24 12:06:00,2025-10-24,2025-10-24 12:06:00,2025-10-27 23:59:00,2025-10-24 18:44:00,2025-10-29 14:05:00,0.0,398.0,115.35,4635.0,0,1,Not Cancelled,Normal,0,0,0,2,2,0,Not Cancelled
251024VJV4G22X,Selesai,2025-10-24 12:19:00,2025-10-24,2025-10-24 12:19:00,2025-10-27 23:59:00,2025-10-24 12:19:00,2025-10-25 18:38:00,0.0,0.0,30.316666666666666,5020.0,0,1,Not Cancelled,Normal,0,0,0,1,1,0,Not Cancelled
251024VKA2S0U8,Selesai,2025-10-24 12:26:00,2025-10-24,2025-10-24 12:26:00,2025-10-27 23:59:00,2025-10-25 13:34:00,2025-11-03 17:48:00,0.0,1508.0,220.23333333333332,3505.0,0,1,Not Cancelled,Normal,0,0,0,1,1,0,Not Cancelled
251024VKRYM401,Selesai,2025-10-24 12:35:00,2025-10-24,2025-10-24 12:35:00,2025-10-27 23:59:00,2025-10-24 12:35:00,2025-10-27 18:03:00,0.0,0.0,77.46666666666667,5004.0,0,1,Not Cancelled,Normal,0,0,0,1,1,0,Not Cancelled
251024VKXD5NQD,Selesai,2025-10-24 12:38:00,2025-10-24,2025-10-25 09:32:00,2025-10-27 23:59:00,2025-10-25 18:14:00,2025-11-04 10:40:00,1254.0,1776.0,232.43333333333334,3225.0,0,1,Not Cancelled,Normal,0,0,0,1,1,0,Not Cancelled
251024VMUXAUQM,Batal,2025-10-24 12:54:00,2025-10-24,2025-10-24 12:55:00,2025-10-27 23:59:00,,,1.0,,,,1,0,Pre-Fulfillment,Not Processed,0,0,0,1,1,0,Change Order
251024VMXJ84JV,Selesai,2025-10-24 12:56:00,2025-10-24,2025-10-24 12:56:00,2025-10-27 23:59:00,2025-10-24 18:44:00,2025-11-01 15:55:00,0.0,348.0,189.18333333333334,4635.0,0,1,Not Cancelled,Normal,0,0,0,1,1,0,Not Cancelled
251024VN9J2QNF,Selesai,2025-10-24 13:02:00,2025-10-24,2025-10-24 13:02:00,2025-10-27 23:59:00,2025-10-24 18:44:00,2025-10-27 20:33:00,0.0,342.0,73.81666666666666,4635.0,0,1,Not Cancelled,Normal,0,0,0,1,1,0,Not Cancelled
251024VPK1NVJ1,Selesai,2025-10-24 13:25:00,2025-10-24,2025-10-24 13:25:00,2025-10-27 23:59:00,2025-10-25 13:33:00,2025-10-28 21:34:00,0.0,1448.0,80.01666666666667,3506.0,0,1,Not Cancelled,Normal,0,0,0,1,1,0,Not Cancelled
251024VR8HFX86,Selesai,2025-10-24 13:55:00,2025-10-24,2025-10-24 13:55:00,2025-10-27 23:59:00,2025-10-25 13:34:00,2025-11-12 20:01:00,0.0,1419.0,438.45,3505.0,0,1,Not Cancelled,Normal,0,0,0,1,1,0,Not Cancelled
251024VRU6EBRU,Selesai,2025-10-24 14:05:00,2025-10-24,2025-10-24 14:06:00,2025-10-27 23:59:00,2025-10-25 13:35:00,2025-11-02 12:55:00,1.0,1410.0,191.33333333333334,3504.0,0,1,Not Cancelled,Normal,0,0,0,1,1,0,Not Cancelled
251024VS6Y5NG8,Selesai,2025-10-24 14:12:00,2025-10-24,2025-10-24 14:12:00,2025-10-27 23:59:00,2025-10-25 18:14:00,2025-10-29 09:18:00,0.0,1682.0,87.06666666666666,3225.0,0,1,Not Cancelled,Normal,0,0,0,1,1,0,Not Cancelled
251024VTBXPR9M,Selesai,2025-10-24 14:33:00,2025-10-24,2025-10-24 14:33:00,2025-10-27 23:59:00,2025-10-25 18:12:00,2025-11-04 14:15:00,0.0,1659.0,236.05,3227.0,0,1,Not Cancelled,Normal,0,0,0,1,1,0,Not Cancelled
251024VTCV91H8,Selesai,2025-10-24 14:33:00,2025-10-24,2025-10-24 14:33:00,2025-10-27 23:59:00,2025-10-25 13:34:00,2025-11-05 07:40:00,0.0,1381.0,258.1,3505.0,0,1,Not Cancelled,Normal,0,0,0,1,1,0,Not Cancelled
251024VTHC9GQN,Selesai,2025-10-24 14:36:00,2025-10-24,2025-10-24 14:36:00,2025-10-27 23:59:00,2025-10-24 14:36:00,2025-10-26 18:06:00,0.0,0.0,51.5,4883.0,0,1,Not Cancelled,Normal,0,0,0,1,1,0,Not Cancelled
251024VU2CT4P7,Selesai,2025-10-24 14:45:00,2025-10-24,2025-10-24 14:46:00,2025-10-27 23:59:00,2025-10-24 14:46:00,2025-10-27 19:34:00,1.0,1.0,76.8,4873.0,0,1,Not Cancelled,Normal,0,0,0,1,1,0,Not Cancelled
251024VUF5XJ3R,Selesai,2025-10-24 14:52:00,2025-10-24,2025-10-24 14:53:00,2025-10-27 23:59:00,2025-10-24 14:53:00,2025-10-26 18:04:00,1.0,1.0,51.18333333333333,4866.0,0,1,Not Cancelled,Normal,0,0,0,1,1,0,Not Cancelled
251024VVGTMVNS,Selesai,2025-10-24 15:11:00,2025-10-24,2025-10-24 15:26:00,2025-10-27 23:59:00,2025-10-25 13:34:00,2025-11-02 18:44:00,15.0,1343.0,197.16666666666666,3505.0,0,1,Not Cancelled,Normal,0,0,0,1,1,0,Not Cancelled
251024VWUJ6903,Batal,2025-10-24 15:35:00,2025-10-24,,,,,,,,,1,0,Pre-Fulfillment,Not Processed,0,0,0,1,1,0,Unpaid Order
251024VXS819QF,Selesai,2025-10-24 15:52:00,2025-10-24,2025-10-24 15:55:00,2025-10-27 23:59:00,2025-10-25 13:33:00,2025-10-28 19:09:00,3.0,1301.0,77.6,3506.0,0,1,Not Cancelled,Normal,0,0,0,1,1,0,Not Cancelled
251024VY37JQTM,Selesai,2025-10-24 15:57:00,2025-10-24,2025-10-24 15:57:00,2025-10-27 23:59:00,2025-10-25 13:34:00,2025-10-28 15:10:00,0.0,1297.0,73.6,3505.0,0,1,Not Cancelled,Normal,0,0,0,1,1,0,Not Cancelled
251024VY8RXSJU,Selesai,2025-10-24 16:00:00,2025-10-24,2025-10-24 16:01:00,2025-10-27 23:59:00,2025-10-25 13:34:00,2025-10-29 13:54:00,1.0,1294.0,96.33333333333333,3505.0,0,1,Not Cancelled,Normal,0,0,0,1,1,0,Not Cancelled
251024VY8XME1G,Selesai,2025-10-24 16:01:00,2025-10-24,2025-10-24 16:02:00,2025-10-27 23:59:00,2025-10-25 13:35:00,2025-10-29 17:08:00,1.0,1294.0,99.55,3504.0,0,1,Not Cancelled,Normal,0,0,0,1,1,0,Not Cancelled
251024VYP1A0QC,Selesai,2025-10-24 16:08:00,2025-10-24,2025-10-24 16:08:00,2025-10-27 23:59:00,2025-10-25 18:13:00,2025-11-04 12:52:00,0.0,1565.0,234.65,3226.0,0,1,Not Cancelled,Normal,0,0,0,1,1,0,Not Cancelled
251024VYR9RWER,Batal,2025-10-24 16:09:00,2025-10-24,2025-10-24 16:09:00,2025-10-27 23:59:00,,,0.0,,,,1,0,Pre-Fulfillment,Not Processed,0,0,0,1,1,0,Other
251024VYRAR33A,Selesai,2025-10-24 16:09:00,2025-10-24,2025-10-24 16:09:00,2025-10-27 23:59:00,2025-10-25 13:34:00,2025-11-02 18:23:00,0.0,1285.0,196.81666666666666,3505.0,0,1,Not Cancelled,Normal,0,0,0,1,1,0,Not Cancelled
251024W0S0WYA4,Selesai,2025-10-24 16:27:00,2025-10-24,2025-10-24 16:28:00,2025-10-27 23:59:00,2025-10-25 18:13:00,2025-11-04 11:05:00,1.0,1546.0,232.86666666666667,3226.0,0,1,Not Cancelled,Normal,0,0,0,1,1,0,Not Cancelled
251024W101YN4S,Selesai,2025-10-24 16:31:00,2025-10-24,2025-10-24 16:31:00,2025-10-27 23:59:00,2025-10-25 13:34:00,2025-11-14 18:41:00,0.0,1263.0,485.1166666666667,3505.0,0,1,Not Cancelled,Normal,0,0,0,1,1,0,Not Cancelled
251024W11CXQV6,Selesai,2025-10-24 16:32:00,2025-10-24,2025-10-24 16:32:00,2025-10-27 23:59:00,2025-10-25 18:15:00,2025-10-31 11:00:00,0.0,1543.0,136.75,3224.0,0,1,Not Cancelled,Normal,0,0,0,2,2,0,Not Cancelled
251024W1EJFBJD,Selesai,2025-10-24 16:39:00,2025-10-24,2025-10-24 16:39:00,2025-10-27 23:59:00,2025-10-25 13:34:00,2025-10-30 05:12:00,0.0,1255.0,111.63333333333334,3505.0,0,1,Not Cancelled,Normal,0,0,0,1,1,0,Not Cancelled
251024W1HE06WA,Batal,2025-10-24 16:41:00,2025-10-24,,,,,,,,,1,0,Pre-Fulfillment,Not Processed,0,0,0,1,1,0,Unpaid Order
251024W1PD6TN4,Selesai,2025-10-24 16:44:00,2025-10-24,2025-10-24 17:05:00,2025-10-27 23:59:00,2025-10-24 17:05:00,2025-10-26 22:33:00,21.0,21.0,53.46666666666667,4734.0,0,1,Not Cancelled,Normal,0,0,0,1,1,0,Not Cancelled
251024W2E84WMV,Selesai,2025-10-24 16:57:00,2025-10-24,2025-10-24 16:57:00,2025-10-27 23:59:00,2025-10-25 13:34:00,2025-10-27 10:48:00,0.0,1237.0,45.233333333333334,3505.0,0,1,Not Cancelled,Normal,0,0,0,1,1,0,Not Cancelled
2510250MKPRBGX,Selesai,2025-10-24 23:22:00,2025-10-24,2025-10-24 23:22:00,2025-10-27 23:59:00,2025-10-25 18:12:00,2025-11-01 22:56:00,0.0,1130.0,172.73333333333332,3227.0,0,1,Not Cancelled,Normal,0,0,0,1,1,0,Not Cancelled
2510250PHMEYEA,Selesai,2025-10-24 23:56:00,2025-10-24,2025-10-24 23:56:00,2025-10-27 23:59:00,2025-10-25 13:35:00,2025-11-05 15:47:00,0.0,819.0,266.2,3504.0,0,1,Not Cancelled,Normal,0,0,0,1,1,0,Not Cancelled
2510250PURS4H3,Selesai,2025-10-25 00:02:00,2025-10-25,2025-10-25 00:02:00,2025-10-27 23:59:00,2025-10-25 13:34:00,2025-11-07 16:06:00,0.0,812.0,314.53333333333336,3505.0,0,1,Not Cancelled,Normal,0,0,0,1,1,0,Not Cancelled
2510250Q06U5D4,Selesai,2025-10-25 00:05:00,2025-10-25,2025-10-25 00:05:00,2025-10-27 23:59:00,2025-10-25 13:34:00,2025-11-04 17:11:00,0.0,809.0,243.61666666666667,3505.0,0,1,Not Cancelled,Normal,0,0,0,1,1,0,Not Cancelled
2510250QNW3UT2,Selesai,2025-10-25 00:17:00,2025-10-25,2025-10-25 00:17:00,2025-10-27 23:59:00,2025-10-25 13:33:00,2025-11-03 18:15:00,0.0,796.0,220.7,3506.0,0,1,Not Cancelled,Normal,0,0,0,1,1,0,Not Cancelled
2510250RGNFWB6,Selesai,2025-10-25 00:32:00,2025-10-25,2025-10-25 00:32:00,2025-10-27 23:59:00,2025-10-25 18:12:00,2025-11-02 20:00:00,0.0,1060.0,193.8,3227.0,0,1,Not Cancelled,Normal,0,0,0,1,1,0,Not Cancelled
2510250SN6QFRT,Selesai,2025-10-25 00:52:00,2025-10-25,2025-10-25 00:52:00,2025-10-27 23:59:00,2025-10-25 13:34:00,2025-11-02 22:36:00,0.0,762.0,201.03333333333333,3505.0,0,1,Not Cancelled,Normal,0,0,0,1,1,0,Not Cancelled
2510250T4G0CWD,Selesai,2025-10-25 01:01:00,2025-10-25,2025-10-25 01:01:00,2025-10-27 23:59:00,2025-10-25 13:34:00,2025-10-31 12:41:00,0.0,753.0,143.11666666666667,3505.0,0,1,Not Cancelled,Normal,0,0,0,1,1,0,Not Cancelled
2510250UV986KQ,Selesai,2025-10-25 01:32:00,2025-10-25,2025-10-25 01:32:00,2025-10-27 23:59:00,2025-10-25 13:33:00,2025-10-27 22:37:00,0.0,721.0,57.06666666666667,3506.0,0,1,Not Cancelled,Normal,0,0,0,1,1,0,Not Cancelled
2510250WN8PR6A,Selesai,2025-10-25 02:04:00,2025-10-25,2025-10-25 02:04:00,2025-10-27 23:59:00,2025-10-25 13:35:00,2025-11-02 16:38:00,0.0,691.0,195.05,3504.0,0,1,Not Cancelled,Normal,0,0,0,1,1,0,Not Cancelled
25102512JF95HX,Selesai,2025-10-25 03:32:00,2025-10-25,2025-10-25 03:32:00,2025-10-27 23:59:00,2025-10-25 13:35:00,2025-10-31 14:45:00,0.0,603.0,145.16666666666666,3504.0,0,1,Not Cancelled,Normal,0,0,0,1,1,0,Not Cancelled
25102515XUTNNB,Selesai,2025-10-25 04:32:00,2025-10-25,2025-10-25 04:33:00,2025-10-27 23:59:00,2025-10-25 13:34:00,2025-10-31 16:56:00,1.0,542.0,147.36666666666667,3505.0,0,1,Not Cancelled,Normal,0,0,0,1,1,0,Not Cancelled
2510251AYTJ66R,Batal,2025-10-25 06:02:00,2025-10-25,,,,,,,,,1,0,Pre-Fulfillment,Not Processed,0,0,0,1,1,0,Unpaid Order
2510251BWGEMDY,Selesai,2025-10-25 06:19:00,2025-10-25,2025-10-25 06:19:00,2025-10-27 23:59:00,2025-10-25 06:19:00,2025-10-26 12:58:00,0.0,0.0,30.65,3940.0,0,1,Not Cancelled,Normal,0,0,0,1,1,0,Not Cancelled
2510251DW8BNQ6,Selesai,2025-10-25 06:55:00,2025-10-25,2025-10-25 06:55:00,2025-10-27 23:59:00,2025-10-25 18:14:00,2025-11-01 10:01:00,0.0,679.0,159.78333333333333,3225.0,0,1,Not Cancelled,Normal,0,0,0,2,2,0,Not Cancelled
2510251FTJ48HJ,Selesai,2025-10-25 07:29:00,2025-10-25,2025-10-25 07:29:00,2025-10-27 23:59:00,2025-10-25 13:35:00,2025-11-08 18:50:00,0.0,366.0,341.25,3504.0,0,1,Not Cancelled,Normal,0,0,0,1,1,0,Not Cancelled
2510251GJX7RAQ,Selesai,2025-10-25 07:42:00,2025-10-25,2025-10-25 07:43:00,2025-10-27 23:59:00,2025-10-25 13:34:00,2025-11-05 10:45:00,1.0,352.0,261.18333333333334,3505.0,0,1,Not Cancelled,Normal,0,0,0,1,1,0,Not Cancelled
2510251GX0WMQG,Selesai,2025-10-25 07:49:00,2025-10-25,2025-10-25 07:49:00,2025-10-27 23:59:00,2025-10-25 17:26:00,2025-11-01 19:55:00,0.0,577.0,170.48333333333332,3273.0,0,1,Not Cancelled,Normal,0,0,0,1,1,0,Not Cancelled
2510251H7G7FX4,Selesai,2025-10-25 07:54:00,2025-10-25,2025-10-25 07:55:00,2025-10-27 23:59:00,2025-10-25 13:34:00,2025-10-27 13:16:00,1.0,340.0,47.7,3505.0,0,1,Not Cancelled,Normal,0,0,0,2,1,0,Not Cancelled
2510251HB4JUQ4,Selesai,2025-10-25 07:56:00,2025-10-25,2025-10-25 07:57:00,2025-10-27 23:59:00,2025-10-25 13:34:00,2025-10-28 08:10:00,1.0,338.0,66.6,3505.0,0,1,Not Cancelled,Normal,0,0,0,1,1,0,Not Cancelled
2510251J5AV59X,Selesai,2025-10-25 08:11:00,2025-10-25,2025-10-25 08:11:00,2025-10-27 23:59:00,2025-10-25 13:33:00,2025-10-31 20:30:00,0.0,322.0,150.95,3506.0,0,1,Not Cancelled,Normal,0,0,0,1,1,0,Not Cancelled
2510251K1C82JD,Selesai,2025-10-25 08:26:00,2025-10-25,2025-10-25 08:27:00,2025-10-27 23:59:00,2025-10-25 13:34:00,2025-10-28 10:49:00,1.0,308.0,69.25,3505.0,0,1,Not Cancelled,Normal,0,0,0,1,1,0,Not Cancelled
2510251K3GXRHX,Selesai,2025-10-25 08:27:00,2025-10-25,2025-10-25 08:28:00,2025-10-27 23:59:00,2025-10-25 13:34:00,2025-11-10 13:56:00,1.0,307.0,384.3666666666667,3505.0,0,1,Not Cancelled,Normal,0,0,0,1,1,0,Not Cancelled
2510251KY22SMF,Selesai,2025-10-25 08:43:00,2025-10-25,2025-10-25 08:43:00,2025-10-27 23:59:00,2025-10-25 17:26:00,2025-10-27 16:57:00,0.0,523.0,47.516666666666666,3273.0,0,1,Not Cancelled,Normal,0,0,0,2,1,0,Not Cancelled
2510251M0PHKKT,Selesai,2025-10-25 08:44:00,2025-10-25,2025-10-25 08:44:00,2025-10-27 23:59:00,2025-10-25 13:34:00,2025-10-30 11:32:00,0.0,290.0,117.96666666666667,3505.0,0,1,Not Cancelled,Normal,0,0,0,1,1,0,Not Cancelled
2510251MEH1PTN,Selesai,2025-10-25 08:52:00,2025-10-25,2025-10-25 08:52:00,2025-10-27 23:59:00,2025-10-25 08:52:00,2025-10-27 13:23:00,0.0,0.0,52.516666666666666,3787.0,0,1,Not Cancelled,Normal,0,0,0,1,1,0,Not Cancelled
2510251MX8K9PY,Selesai,2025-10-25 09:00:00,2025-10-25,2025-10-25 09:00:00,2025-10-27 23:59:00,2025-10-25 18:14:00,2025-11-18 21:03:00,0.0,554.0,578.8166666666667,3225.0,0,1,Not Cancelled,Normal,0,0,0,1,1,0,Not Cancelled
2510251N2H044P,Selesai,2025-10-25 09:03:00,2025-10-25,2025-10-25 09:03:00,2025-10-27 23:59:00,2025-10-25 18:14:00,2025-10-28 12:06:00,0.0,551.0,65.86666666666666,3225.0,0,1,Not Cancelled,Normal,0,0,0,1,1,0,Not Cancelled
2510251NUJ2KPR,Selesai,2025-10-25 09:17:00,2025-10-25,2025-10-25 09:17:00,2025-10-27 23:59:00,2025-10-25 13:34:00,2025-11-03 12:39:00,0.0,257.0,215.08333333333334,3505.0,0,1,Not Cancelled,Normal,0,0,0,1,1,0,Not Cancelled
2510251Q3WCCMR,Selesai,2025-10-25 09:39:00,2025-10-25,2025-10-25 09:40:00,2025-10-27 23:59:00,2025-10-25 09:40:00,2025-10-31 06:34:00,1.0,1.0,140.9,3739.0,0,1,Not Cancelled,Normal,0,0,0,1,1,0,Not Cancelled
2510251QUCV68T,Selesai,2025-10-25 09:52:00,2025-10-25,2025-10-25 09:53:00,2025-10-27 23:59:00,2025-10-25 09:53:00,2025-11-02 14:52:00,1.0,1.0,196.98333333333332,3726.0,0,1,Not Cancelled,Normal,0,0,0,1,1,0,Not Cancelled
2510251R75JBKB,Batal,2025-10-25 09:59:00,2025-10-25,,,,,,,,,1,0,Pre-Fulfillment,Not Processed,0,0,0,3,1,0,Unpaid Order
2510251R9FXRMS,Selesai,2025-10-25 10:00:00,2025-10-25,2025-10-25 10:00:00,2025-10-27 23:59:00,2025-10-25 13:33:00,2025-11-12 12:46:00,0.0,213.0,431.21666666666664,3506.0,0,1,Not Cancelled,Normal,0,0,0,3,1,0,Not Cancelled
2510251TEHKR6P,Selesai,2025-10-25 10:39:00,2025-10-25,2025-10-25 10:39:00,2025-10-27 23:59:00,2025-10-25 18:12:00,2025-11-04 16:09:00,0.0,453.0,237.95,3227.0,0,1,Not Cancelled,Normal,0,0,0,1,1,0,Not Cancelled
2510251TFE6EDA,Selesai,2025-10-25 10:39:00,2025-10-25,2025-10-25 10:39:00,2025-10-27 23:59:00,2025-10-25 13:33:00,2025-11-03 17:54:00,0.0,174.0,220.35,3506.0,0,1,Not Cancelled,Normal,0,0,0,1,1,0,Not Cancelled
2510251UBMDPR5,Selesai,2025-10-25 10:55:00,2025-10-25,2025-10-25 10:56:00,2025-10-27 23:59:00,2025-10-25 18:13:00,2025-10-31 06:28:00,1.0,438.0,132.25,3226.0,0,1,Not Cancelled,Normal,0,0,0,1,1,0,Not Cancelled
2510251UWJHCW1,Batal,2025-10-25 11:05:00,2025-10-25,2025-10-25 11:05:00,2025-10-27 23:59:00,,,0.0,,,,1,0,Pre-Fulfillment,Not Processed,0,0,0,1,1,0,Other
2510251UY16CC8,Selesai,2025-10-25 11:06:00,2025-10-25,2025-10-25 11:06:00,2025-10-27 23:59:00,2025-10-25 18:14:00,2025-11-01 09:13:00,0.0,428.0,158.98333333333332,3225.0,0,1,Not Cancelled,Normal,0,0,0,1,1,0,Not Cancelled
2510251V0KQV6J,Batal,2025-10-25 11:07:00,2025-10-25,2025-10-25 11:07:00,2025-10-27 23:59:00,,,0.0,,,,1,0,Pre-Fulfillment,Not Processed,0,0,0,1,1,0,Change Order
2510251VFW09CB,Selesai,2025-10-25 11:15:00,2025-10-25,2025-10-25 11:17:00,2025-10-27 23:59:00,2025-10-25 13:33:00,2025-11-01 17:04:00,2.0,138.0,171.51666666666668,3506.0,0,1,Not Cancelled,Normal,0,0,0,1,1,0,Not Cancelled
2510251XC69J02,Selesai,2025-10-25 11:49:00,2025-10-25,2025-10-25 11:49:00,2025-10-27 23:59:00,2025-10-25 13:33:00,2025-10-31 01:18:00,0.0,104.0,131.75,3506.0,0,1,Not Cancelled,Normal,0,0,0,1,1,0,Not Cancelled
2510251XX88413,Batal,2025-10-25 11:59:00,2025-10-25,,,,,,,,,1,0,Pre-Fulfillment,Not Processed,0,0,0,1,1,0,Unpaid Order
2510251YN6GH25,Batal,2025-10-25 12:12:00,2025-10-25,2025-10-25 12:12:00,2025-10-27 23:59:00,,,0.0,,,,1,0,Pre-Fulfillment,Not Processed,0,0,0,1,1,0,Other
25102520468HHA,Selesai,2025-10-25 12:21:00,2025-10-25,2025-10-25 12:21:00,2025-10-27 23:59:00,2025-10-27 20:41:00,2025-11-10 22:43:00,0.0,3380.0,338.03333333333336,198.0,0,1,Not Cancelled,Critical,0,0,0,1,1,0,Not Cancelled
25102520P2E0H2,Selesai,2025-10-25 12:31:00,2025-10-25,2025-10-25 12:31:00,2025-10-27 23:59:00,2025-10-25 18:14:00,2025-10-30 11:19:00,0.0,343.0,113.08333333333333,3225.0,0,1,Not Cancelled,Normal,0,0,0,1,1,0,Not Cancelled
251025218QDVY6,Selesai,2025-10-25 12:41:00,2025-10-25,2025-10-25 12:42:00,2025-10-27 23:59:00,2025-10-25 17:26:00,2025-11-02 17:31:00,1.0,285.0,192.08333333333334,3273.0,0,1,Not Cancelled,Normal,0,0,0,1,1,0,Not Cancelled
251025220R50YK,Selesai,2025-10-25 12:54:00,2025-10-25,2025-10-25 12:57:00,2025-10-27 23:59:00,2025-10-25 13:33:00,2025-11-03 20:59:00,3.0,39.0,223.43333333333334,3506.0,0,1,Not Cancelled,Normal,0,0,0,1,1,0,Not Cancelled
251025229FH2QQ,Batal,2025-10-25 12:59:00,2025-10-25,2025-10-25 12:59:00,2025-10-27 23:59:00,,,0.0,,,,1,0,Pre-Fulfillment,Not Processed,0,0,0,1,1,0,Change Order
25102522H3ME4S,Selesai,2025-10-25 13:04:00,2025-10-25,2025-10-25 13:04:00,2025-10-27 23:59:00,2025-10-25 13:33:00,2025-10-29 17:23:00,0.0,29.0,99.83333333333333,3506.0,0,1,Not Cancelled,Normal,0,0,0,1,1,0,Not Cancelled
25102522X4D9TV,Selesai,2025-10-25 13:11:00,2025-10-25,2025-10-25 13:12:00,2025-10-27 23:59:00,2025-10-27 18:11:00,2025-10-31 20:14:00,1.0,3180.0,98.05,348.0,0,1,Not Cancelled,Critical,0,0,0,1,1,0,Not Cancelled
251025238G9680,Selesai,2025-10-25 13:17:00,2025-10-25,2025-10-25 13:20:00,2025-10-27 23:59:00,2025-10-27 20:41:00,2025-11-01 14:34:00,3.0,3324.0,113.88333333333334,198.0,0,1,Not Cancelled,Critical,0,0,0,1,1,0,Not Cancelled
25102523P61W3G,Batal,2025-10-25 13:24:00,2025-10-25,,,,,,,,,1,0,Pre-Fulfillment,Not Processed,0,0,0,1,1,0,Unpaid Order
25102523QY8GDK,Selesai,2025-10-25 13:25:00,2025-10-25,2025-10-25 13:25:00,2025-10-27 23:59:00,2025-10-27 18:13:00,2025-11-04 05:56:00,0.0,3168.0,179.71666666666667,346.0,0,1,Not Cancelled,Critical,0,0,0,1,1,0,Not Cancelled
25102524HR7F4K,Batal,2025-10-25 13:40:00,2025-10-25,2025-10-25 13:40:00,2025-10-27 23:59:00,,,0.0,,,,1,0,Pre-Fulfillment,Not Processed,0,0,0,1,1,0,Other
251025253458BB,Selesai,2025-10-25 13:49:00,2025-10-25,2025-10-25 13:49:00,2025-10-27 23:59:00,2025-10-27 18:23:00,2025-11-03 16:08:00,0.0,3154.0,165.75,336.0,0,1,Not Cancelled,Critical,0,0,0,1,1,0,Not Cancelled
251025259BF5BU,Selesai,2025-10-25 13:53:00,2025-10-25,2025-10-25 13:53:00,2025-10-27 23:59:00,2025-10-27 18:12:00,2025-11-06 15:55:00,0.0,3139.0,237.71666666666667,347.0,0,1,Not Cancelled,Slow,0,0,0,1,1,0,Not Cancelled
25102525BXG36P,Selesai,2025-10-25 13:54:00,2025-10-25,2025-10-25 13:54:00,2025-10-27 23:59:00,2025-10-25 13:55:00,2025-10-28 05:42:00,0.0,1.0,63.78333333333333,3484.0,0,1,Not Cancelled,Normal,0,0,0,1,1,0,Not Cancelled
25102525GFE13U,Batal,2025-10-25 13:57:00,2025-10-25,2025-10-25 13:58:00,2025-10-27 23:59:00,,,1.0,,,,1,0,Pre-Fulfillment,Not Processed,0,0,0,1,1,0,Other
25102525X55E0G,Selesai,2025-10-25 14:05:00,2025-10-25,2025-10-25 14:05:00,2025-10-27 23:59:00,2025-10-27 18:17:00,2025-10-30 13:59:00,0.0,3132.0,67.7,342.0,0,1,Not Cancelled,Slow,0,0,0,1,1,0,Not Cancelled
251025266PUWS0,Batal,2025-10-25 14:09:00,2025-10-25,2025-10-25 14:09:00,2025-10-27 23:59:00,,,0.0,,,,1,0,Pre-Fulfillment,Not Processed,0,0,0,1,1,0,Change Order
251025275PQ7VU,Selesai,2025-10-25 14:27:00,2025-10-25,2025-10-25 14:27:00,2025-10-27 23:59:00,2025-10-27 18:12:00,2025-10-31 16:59:00,0.0,3105.0,94.78333333333333,347.0,0,1,Not Cancelled,Slow,0,0,0,1,1,0,Not Cancelled
25102527GWAF3S,Selesai,2025-10-25 14:33:00,2025-10-25,2025-10-25 14:33:00,2025-10-27 23:59:00,2025-10-27 18:14:00,2025-11-07 17:15:00,0.0,3101.0,263.01666666666665,345.0,0,1,Not Cancelled,Slow,0,0,0,1,1,0,Not Cancelled
251025286RB9M0,Selesai,2025-10-25 14:45:00,2025-10-25,2025-10-25 14:53:00,2025-10-27 23:59:00,2025-10-25 14:53:00,2025-11-03 19:44:00,8.0,8.0,220.85,3426.0,0,1,Not Cancelled,Normal,0,0,0,1,1,0,Not Cancelled
25102528WY8QAB,Selesai,2025-10-25 14:58:00,2025-10-25,2025-10-25 14:58:00,2025-10-27 23:59:00,2025-10-27 18:23:00,2025-11-04 20:24:00,0.0,3085.0,194.01666666666668,336.0,0,1,Not Cancelled,Slow,0,0,0,1,1,0,Not Cancelled
25102529706G7G,Selesai,2025-10-25 15:03:00,2025-10-25,2025-10-25 15:04:00,2025-10-27 23:59:00,2025-10-27 18:16:00,2025-11-07 16:03:00,1.0,3073.0,261.78333333333336,343.0,0,1,Not Cancelled,Slow,0,0,0,1,1,0,Not Cancelled
25102529RB781B,Selesai,2025-10-25 15:13:00,2025-10-25,2025-10-25 15:13:00,2025-10-27 23:59:00,2025-10-27 18:12:00,2025-11-05 14:26:00,0.0,3059.0,212.23333333333332,347.0,0,1,Not Cancelled,Slow,0,0,0,1,1,0,Not Cancelled
25102529TRERDW,Selesai,2025-10-25 15:14:00,2025-10-25,2025-10-25 15:14:00,2025-10-27 23:59:00,2025-10-27 18:13:00,2025-11-02 14:10:00,0.0,3059.0,139.95,346.0,0,1,Not Cancelled,Slow,0,0,0,1,1,0,Not Cancelled
2510252A7HMBD7,Selesai,2025-10-25 15:21:00,2025-10-25,2025-10-25 15:21:00,2025-10-27 23:59:00,2025-10-27 18:11:00,2025-11-04 22:57:00,0.0,3050.0,196.76666666666668,348.0,0,1,Not Cancelled,Slow,0,0,0,1,1,0,Not Cancelled
2510252B1N0U8N,Selesai,2025-10-25 15:36:00,2025-10-25,2025-10-25 15:36:00,2025-10-27 23:59:00,2025-10-27 18:17:00,2025-11-03 10:09:00,0.0,3041.0,159.86666666666667,342.0,0,1,Not Cancelled,Slow,0,0,0,1,1,0,Not Cancelled
2510252BA7NYW6,Batal,2025-10-25 15:41:00,2025-10-25,2025-10-25 15:41:00,2025-10-27 23:59:00,,,0.0,,,,1,0,Pre-Fulfillment,Not Processed,0,0,0,1,1,0,Change Address
2510252BYKG43C,Selesai,2025-10-25 15:53:00,2025-10-25,2025-10-25 15:53:00,2025-10-27 23:59:00,2025-10-27 18:12:00,2025-11-05 14:57:00,0.0,3019.0,212.75,347.0,0,1,Not Cancelled,Slow,0,0,0,2,1,0,Not Cancelled
2510252E2BNEAG,Selesai,2025-10-25 16:30:00,2025-10-25,2025-10-25 16:31:00,2025-10-27 23:59:00,2025-10-25 16:31:00,2025-11-03 18:36:00,1.0,1.0,218.08333333333334,3328.0,0,1,Not Cancelled,Normal,0,0,0,1,1,0,Not Cancelled
2510252E7JKDBN,Selesai,2025-10-25 16:33:00,2025-10-25,2025-10-25 16:33:00,2025-10-27 23:59:00,2025-10-27 18:14:00,2025-11-06 15:33:00,0.0,2981.0,237.31666666666666,345.0,0,1,Not Cancelled,Slow,0,0,0,1,1,0,Not Cancelled
2510252F1ECGJ4,Selesai,2025-10-25 16:47:00,2025-10-25,2025-10-25 16:47:00,2025-10-27 23:59:00,2025-10-27 20:42:00,2025-11-07 12:04:00,0.0,3115.0,255.36666666666667,197.0,0,1,Not Cancelled,Slow,0,0,0,1,1,0,Not Cancelled
2510252FN8JTNR,Batal,2025-10-25 16:59:00,2025-10-25,,,,,,,,,1,0,Pre-Fulfillment,Not Processed,0,0,0,1,1,0,Unpaid Order
2510252GTYWNHN,Selesai,2025-10-25 17:20:00,2025-10-25,2025-10-25 17:20:00,2025-10-27 23:59:00,2025-10-27 18:15:00,2025-11-02 14:47:00,0.0,2935.0,140.53333333333333,344.0,0,1,Not Cancelled,Slow,0,0,0,1,1,0,Not Cancelled
2510252GVMCRQ7,Batal,2025-10-25 17:21:00,2025-10-25,2025-10-25 17:21:00,2025-10-27 23:59:00,,,0.0,,,,1,0,Pre-Fulfillment,Not Processed,0,0,0,1,1,0,Other
2510252HG44FG2,Selesai,2025-10-25 17:31:00,2025-10-25,2025-10-25 17:31:00,2025-10-27 23:59:00,2025-10-27 18:12:00,2025-11-01 20:59:00,0.0,2921.0,122.78333333333333,347.0,0,1,Not Cancelled,Slow,0,0,0,2,1,0,Not Cancelled
2510252HN49075,Selesai,2025-10-25 17:34:00,2025-10-25,2025-10-25 17:35:00,2025-10-27 23:59:00,2025-10-27 20:42:00,2025-11-02 12:20:00,1.0,3068.0,135.63333333333333,197.0,0,1,Not Cancelled,Slow,0,0,0,1,1,0,Not Cancelled
2510252J1ACBE3,Selesai,2025-10-25 17:41:00,2025-10-25,2025-10-25 17:41:00,2025-10-27 23:59:00,2025-10-25 17:42:00,2025-10-29 11:12:00,0.0,1.0,89.5,3257.0,0,1,Not Cancelled,Normal,0,0,0,1,1,0,Not Cancelled
2510252J3MPNJ2,Selesai,2025-10-25 17:42:00,2025-10-25,2025-10-25 17:42:00,2025-10-27 23:59:00,2025-10-27 18:14:00,2025-11-01 12:17:00,0.0,2912.0,114.05,345.0,0,1,Not Cancelled,Slow,0,0,0,1,1,0,Not Cancelled
2510252J7BWQKM,Selesai,2025-10-25 17:44:00,2025-10-25,2025-10-25 17:44:00,2025-10-27 23:59:00,2025-10-27 18:12:00,2025-11-12 20:01:00,0.0,2908.0,385.81666666666666,347.0,0,1,Not Cancelled,Slow,0,0,0,1,1,0,Not Cancelled
2510252J85NE0C,Selesai,2025-10-25 17:45:00,2025-10-25,2025-10-25 17:45:00,2025-10-27 23:59:00,2025-10-27 18:14:00,2025-11-08 20:10:00,0.0,2909.0,289.93333333333334,345.0,0,1,Not Cancelled,Slow,0,0,0,1,1,0,Not Cancelled
2510252JQHRCTT,Selesai,2025-10-25 17:53:00,2025-10-25,2025-10-25 17:53:00,2025-10-27 23:59:00,2025-10-27 18:23:00,2025-10-30 06:28:00,0.0,2910.0,60.083333333333336,336.0,0,1,Not Cancelled,Slow,0,0,0,1,1,0,Not Cancelled
2510252MM3NPCC,Selesai,2025-10-25 18:27:00,2025-10-25,2025-10-25 18:28:00,2025-10-27 23:59:00,2025-10-27 18:23:00,2025-10-28 12:45:00,1.0,2876.0,18.366666666666667,336.0,0,1,Not Cancelled,Slow,0,0,0,1,1,0,Not Cancelled
2510252NG26TKA,Selesai,2025-10-25 18:43:00,2025-10-25,2025-10-25 18:43:00,2025-10-27 23:59:00,2025-10-27 18:12:00,2025-11-06 16:49:00,0.0,2849.0,238.61666666666667,347.0,0,1,Not Cancelled,Slow,0,0,0,1,1,0,Not Cancelled
2510252PJ83C14,Selesai,2025-10-25 19:02:00,2025-10-25,2025-10-25 19:02:00,2025-10-27 23:59:00,2025-10-25 19:02:00,2025-11-03 15:49:00,0.0,0.0,212.78333333333333,3177.0,0,1,Not Cancelled,Normal,0,0,0,1,1,0,Not Cancelled
2510252PYJB1V1,Selesai,2025-10-25 19:10:00,2025-10-25,2025-10-25 19:10:00,2025-10-27 23:59:00,2025-10-27 18:12:00,2025-10-31 13:56:00,0.0,2822.0,91.73333333333333,347.0,0,1,Not Cancelled,Slow,0,0,0,1,1,0,Not Cancelled
2510252S040EXD,Batal,2025-10-25 19:46:00,2025-10-25,2025-10-25 19:47:00,2025-10-27 23:59:00,,,1.0,,,,1,0,Pre-Fulfillment,Not Processed,0,0,0,1,1,0,Change Address
2510252S385AU5,Selesai,2025-10-25 19:47:00,2025-10-25,2025-10-25 19:47:00,2025-10-27 23:59:00,2025-10-27 18:14:00,2025-11-05 10:06:00,0.0,2787.0,207.86666666666667,345.0,0,1,Not Cancelled,Slow,0,0,0,1,1,0,Not Cancelled
2510252S6WFS5U,Selesai,2025-10-25 19:49:00,2025-10-25,2025-10-25 19:49:00,2025-10-27 23:59:00,2025-10-27 18:17:00,2025-11-09 11:19:00,0.0,2788.0,305.03333333333336,342.0,0,1,Not Cancelled,Slow,0,0,0,1,1,0,Not Cancelled
2510252SBVRERN,Batal,2025-10-25 19:52:00,2025-10-25,2025-10-25 19:53:00,2025-10-27 23:59:00,,,1.0,,,,1,0,Pre-Fulfillment,Not Processed,0,0,0,1,1,0,Change Order
2510252SFH279W,Batal,2025-10-25 19:54:00,2025-10-25,2025-10-25 19:54:00,2025-10-27 23:59:00,,,0.0,,,,1,0,Pre-Fulfillment,Not Processed,0,0,0,1,1,0,Change Address
2510252SNRCDVV,Selesai,2025-10-25 19:58:00,2025-10-25,2025-10-25 19:58:00,2025-10-27 23:59:00,2025-10-25 19:58:00,2025-10-28 18:52:00,0.0,0.0,70.9,3121.0,0,1,Not Cancelled,Normal,0,0,0,1,1,0,Not Cancelled
2510252ST5H0QB,Selesai,2025-10-25 20:00:00,2025-10-25,2025-10-25 20:00:00,2025-10-27 23:59:00,2025-10-27 18:12:00,2025-11-04 11:19:00,0.0,2772.0,185.11666666666667,347.0,0,1,Not Cancelled,Slow,0,0,0,1,1,0,Not Cancelled
2510252TA2RNFQ,Selesai,2025-10-25 20:09:00,2025-10-25,2025-10-25 20:09:00,2025-10-27 23:59:00,2025-10-27 20:42:00,2025-11-06 20:36:00,0.0,2913.0,239.9,197.0,0,1,Not Cancelled,Slow,0,0,0,1,1,0,Not Cancelled
2510252TDJB5BS,Selesai,2025-10-25 20:11:00,2025-10-25,2025-10-25 20:11:00,2025-10-27 23:59:00,2025-10-27 18:14:00,2025-10-29 12:25:00,0.0,2763.0,42.18333333333333,345.0,0,1,Not Cancelled,Slow,0,0,0,1,1,0,Not Cancelled
2510252TE98D6N,Selesai,2025-10-25 20:11:00,2025-10-25,2025-10-25 20:12:00,2025-10-27 23:59:00,2025-10-27 20:43:00,2025-11-02 05:00:00,1.0,2912.0,128.28333333333333,196.0,0,1,Not Cancelled,Slow,0,0,0,1,1,0,Not Cancelled
2510252TJSA5RV,Batal,2025-10-25 20:14:00,2025-10-25,2025-10-25 20:14:00,2025-10-27 23:59:00,,,0.0,,,,1,0,Pre-Fulfillment,Not Processed,0,0,0,1,1,0,Other
2510252U5E91TR,Selesai,2025-10-25 20:24:00,2025-10-25,2025-10-25 20:24:00,2025-10-27 23:59:00,2025-10-25 20:25:00,2025-10-30 13:40:00,0.0,1.0,113.25,3094.0,0,1,Not Cancelled,Normal,0,0,0,1,1,0,Not Cancelled
2510252U9PNTA3,Selesai,2025-10-25 20:27:00,2025-10-25,2025-10-25 20:27:00,2025-10-27 23:59:00,2025-10-27 18:11:00,2025-11-07 19:36:00,0.0,2744.0,265.4166666666667,348.0,0,1,Not Cancelled,Slow,0,0,0,1,1,0,Not Cancelled
2510252UF45VPE,Selesai,2025-10-25 20:30:00,2025-10-25,2025-10-25 20:30:00,2025-10-27 23:59:00,2025-10-27 18:12:00,2025-11-03 06:19:00,0.0,2742.0,156.11666666666667,347.0,0,1,Not Cancelled,Slow,0,0,0,1,1,0,Not Cancelled
2510252UP0F7W2,Selesai,2025-10-25 20:34:00,2025-10-25,2025-10-25 20:34:00,2025-10-27 23:59:00,2025-10-27 18:15:00,2025-10-31 11:06:00,0.0,2741.0,88.85,344.0,0,1,Not Cancelled,Slow,0,0,0,1,1,0,Not Cancelled
2510252VKEPSVW,Selesai,2025-10-25 20:50:00,2025-10-25,2025-10-25 20:50:00,2025-10-27 23:59:00,2025-10-27 18:12:00,2025-11-01 11:46:00,0.0,2722.0,113.56666666666666,347.0,0,1,Not Cancelled,Slow,0,0,0,1,1,0,Not Cancelled
2510252W5CU5CC,Batal,2025-10-25 21:00:00,2025-10-25,2025-10-25 21:00:00,2025-10-27 23:59:00,,,0.0,,,,1,0,Pre-Fulfillment,Not Processed,0,0,0,1,1,0,Other
2510252WA1M29Q,Selesai,2025-10-25 21:03:00,2025-10-25,2025-10-25 21:03:00,2025-10-27 23:59:00,2025-10-27 18:18:00,2025-11-04 06:47:00,0.0,2715.0,180.48333333333332,341.0,0,1,Not Cancelled,Slow,0,0,0,1,1,0,Not Cancelled
2510252WNGT44N,Selesai,2025-10-25 21:09:00,2025-10-25,2025-10-25 21:10:00,2025-10-27 23:59:00,2025-10-27 18:12:00,2025-10-31 09:54:00,1.0,2703.0,87.7,347.0,0,1,Not Cancelled,Slow,0,0,0,1,1,0,Not Cancelled
2510252WQ9154M,Selesai,2025-10-25 21:10:00,2025-10-25,2025-10-25 21:10:00,2025-10-27 23:59:00,2025-10-27 18:12:00,2025-10-29 18:57:00,0.0,2702.0,48.75,347.0,0,1,Not Cancelled,Slow,0,0,0,1,1,0,Not Cancelled
2510252WWK6PMJ,Selesai,2025-10-25 21:14:00,2025-10-25,2025-10-25 21:14:00,2025-10-27 23:59:00,2025-10-27 20:42:00,2025-11-03 12:09:00,0.0,2848.0,159.45,197.0,0,1,Not Cancelled,Slow,0,0,0,2,1,0,Not Cancelled
251025300TQ17N,Selesai,2025-10-25 21:51:00,2025-10-25,2025-10-25 21:51:00,2025-10-27 23:59:00,2025-10-27 18:12:00,2025-11-01 19:49:00,0.0,2661.0,121.61666666666666,347.0,0,1,Not Cancelled,Attention,0,0,0,1,1,0,Not Cancelled
251025301S8BGN,Selesai,2025-10-25 21:52:00,2025-10-25,2025-10-25 21:52:00,2025-10-27 23:59:00,2025-10-27 18:12:00,2025-10-30 21:52:00,0.0,2660.0,75.66666666666667,347.0,0,1,Not Cancelled,Attention,0,0,0,1,1,0,Not Cancelled
25102531A2KS1V,Selesai,2025-10-25 22:14:00,2025-10-25,2025-10-25 22:14:00,2025-10-27 23:59:00,2025-10-27 18:13:00,2025-11-01 05:21:00,0.0,2639.0,107.13333333333334,346.0,0,1,Not Cancelled,Attention,0,0,0,1,1,0,Not Cancelled
25102531SV2WU9,Selesai,2025-10-25 22:23:00,2025-10-25,2025-10-25 22:23:00,2025-10-27 23:59:00,2025-10-27 18:14:00,2025-10-31 18:10:00,0.0,2631.0,95.93333333333334,345.0,0,1,Not Cancelled,Attention,0,0,0,1,1,0,Not Cancelled
251025320936M4,Batal,2025-10-25 22:27:00,2025-10-25,2025-10-25 22:27:00,2025-10-27 23:59:00,,,0.0,,,,1,0,Pre-Fulfillment,Not Processed,0,0,0,1,1,0,Change Address
2510253231SBU2,Selesai,2025-10-25 22:28:00,2025-10-25,2025-10-25 22:29:00,2025-10-27 23:59:00,2025-10-27 18:15:00,2025-11-06 16:49:00,1.0,2627.0,238.56666666666666,344.0,0,1,Not Cancelled,Attention,0,0,0,1,1,0,Not Cancelled
251025323D85VD,Selesai,2025-10-25 22:29:00,2025-10-25,2025-10-25 22:29:00,2025-10-27 23:59:00,2025-10-27 18:19:00,2025-11-07 19:05:00,0.0,2630.0,264.76666666666665,340.0,0,1,Not Cancelled,Attention,0,0,0,1,1,0,Not Cancelled
251025328FBBM0,Selesai,2025-10-25 22:31:00,2025-10-25,2025-10-25 22:32:00,2025-10-27 23:59:00,2025-10-27 18:12:00,2025-11-07 06:47:00,1.0,2621.0,252.58333333333334,347.0,0,1,Not Cancelled,Attention,0,0,0,1,1,0,Not Cancelled
25102532HXMG4Y,Selesai,2025-10-25 22:37:00,2025-10-25,2025-10-25 22:37:00,2025-10-27 23:59:00,2025-10-27 18:12:00,2025-11-08 17:10:00,0.0,2615.0,286.96666666666664,347.0,0,1,Not Cancelled,Attention,0,0,0,1,1,0,Not Cancelled
25102532XRPSUU,Selesai,2025-10-25 22:44:00,2025-10-25,2025-10-25 22:44:00,2025-10-27 23:59:00,2025-10-27 18:12:00,2025-11-08 13:48:00,0.0,2608.0,283.6,347.0,0,1,Not Cancelled,Attention,0,0,0,1,1,0,Not Cancelled
2510253302PXRJ,Selesai,2025-10-25 22:45:00,2025-10-25,2025-10-25 22:45:00,2025-10-27 23:59:00,2025-10-27 18:14:00,2025-11-03 12:24:00,0.0,2609.0,162.16666666666666,345.0,0,1,Not Cancelled,Attention,0,0,0,1,1,0,Not Cancelled
25102533A5XCK6,Selesai,2025-10-25 22:50:00,2025-10-25,2025-10-25 22:51:00,2025-10-27 23:59:00,2025-10-27 18:13:00,2025-11-06 17:30:00,1.0,2603.0,239.28333333333333,346.0,0,1,Not Cancelled,Attention,0,0,0,2,1,0,Not Cancelled
25102533G1UT20,Selesai,2025-10-25 22:53:00,2025-10-25,2025-10-25 22:54:00,2025-10-27 23:59:00,2025-10-27 18:21:00,2025-10-29 20:53:00,1.0,2608.0,50.53333333333333,338.0,0,1,Not Cancelled,Attention,0,0,0,2,2,0,Not Cancelled
25102633X31NTF,Selesai,2025-10-25 23:01:00,2025-10-25,2025-10-25 23:02:00,2025-10-27 23:59:00,2025-10-27 18:13:00,2025-11-05 18:11:00,1.0,2592.0,215.96666666666667,346.0,0,1,Not Cancelled,Attention,0,0,0,1,1,0,Not Cancelled
251026345JDYQ5,Selesai,2025-10-25 23:06:00,2025-10-25,2025-10-25 23:06:00,2025-10-27 23:59:00,2025-10-27 18:13:00,2025-11-08 18:07:00,0.0,2587.0,287.9,346.0,0,1,Not Cancelled,Attention,0,0,0,1,1,0,Not Cancelled
25102634K4B1Y0,Selesai,2025-10-25 23:13:00,2025-10-25,2025-10-25 23:13:00,2025-10-27 23:59:00,2025-10-27 18:13:00,2025-11-01 12:51:00,0.0,2580.0,114.63333333333334,346.0,0,1,Not Cancelled,Attention,0,0,0,1,1,0,Not Cancelled
25102634T5DARG,Selesai,2025-10-25 23:17:00,2025-10-25,2025-10-25 23:17:00,2025-10-27 23:59:00,2025-10-27 18:11:00,2025-11-08 19:39:00,0.0,2574.0,289.46666666666664,348.0,0,1,Not Cancelled,Attention,0,0,0,1,1,0,Not Cancelled
251026359EMJ7A,Batal,2025-10-25 23:26:00,2025-10-25,2025-10-25 23:26:00,2025-10-27 23:59:00,,,0.0,,,,1,0,Pre-Fulfillment,Not Processed,0,0,0,1,1,0,Change Address
25102635JU1SGG,Selesai,2025-10-25 23:31:00,2025-10-25,2025-10-25 23:31:00,2025-10-27 23:59:00,2025-10-27 18:14:00,2025-11-01 18:24:00,0.0,2563.0,120.16666666666667,345.0,0,1,Not Cancelled,Attention,0,0,0,1,1,0,Not Cancelled
25102636E8D6KN,Selesai,2025-10-25 23:46:00,2025-10-25,2025-10-25 23:48:00,2025-10-27 23:59:00,2025-10-27 15:32:00,2025-11-08 16:13:00,2.0,2386.0,288.68333333333334,507.0,0,1,Not Cancelled,Attention,0,0,0,1,1,0,Not Cancelled
25102636RSY9KQ,Selesai,2025-10-25 23:52:00,2025-10-25,2025-10-25 23:52:00,2025-10-27 23:59:00,2025-10-27 18:13:00,2025-11-06 14:27:00,0.0,2541.0,236.23333333333332,346.0,0,1,Not Cancelled,Attention,0,0,0,1,1,0,Not Cancelled
25102638RH0B01,Selesai,2025-10-26 00:28:00,2025-10-26,2025-10-26 00:28:00,2025-10-27 23:59:00,2025-10-27 18:13:00,2025-11-05 18:03:00,0.0,2505.0,215.83333333333334,346.0,0,1,Not Cancelled,Attention,0,0,0,1,1,0,Not Cancelled
2510263BYGUBCH,Selesai,2025-10-26 01:25:00,2025-10-26,2025-10-26 01:26:00,2025-10-27 23:59:00,2025-10-27 18:12:00,2025-10-31 17:24:00,1.0,2447.0,95.2,347.0,0,1,Not Cancelled,Attention,0,0,0,1,1,0,Not Cancelled
2510263EY91QJM,Batal,2025-10-26 02:19:00,2025-10-26,2025-10-26 02:19:00,2025-10-27 23:59:00,2025-10-27 18:14:00,,0.0,2395.0,,345.0,1,1,Post-Fulfillment Initiation,Attention,0,0,0,1,1,0,Delivery Failed
2510263FJRPB87,Selesai,2025-10-26 02:30:00,2025-10-26,2025-10-26 02:30:00,2025-10-27 23:59:00,2025-10-27 18:12:00,2025-10-30 17:47:00,0.0,2382.0,71.58333333333333,347.0,0,1,Not Cancelled,Attention,0,0,0,1,1,0,Not Cancelled
2510263H70G7GX,Selesai,2025-10-26 02:59:00,2025-10-26,2025-10-26 02:59:00,2025-10-27 23:59:00,2025-10-26 02:59:00,2025-10-28 08:08:00,0.0,0.0,53.15,2700.0,0,1,Not Cancelled,Normal,0,0,0,1,1,0,Not Cancelled
2510263M6THSNN,Selesai,2025-10-26 03:53:00,2025-10-26,2025-10-26 03:53:00,2025-10-27 23:59:00,2025-10-27 18:12:00,2025-11-11 13:40:00,0.0,2299.0,355.46666666666664,347.0,0,1,Not Cancelled,Attention,0,0,0,1,1,0,Not Cancelled
2510263NC8DDE2,Selesai,2025-10-26 04:13:00,2025-10-26,2025-10-26 04:17:00,2025-10-27 23:59:00,2025-10-27 18:23:00,2025-11-06 21:45:00,4.0,2290.0,243.36666666666667,336.0,0,1,Not Cancelled,Attention,0,0,0,1,1,0,Not Cancelled
2510263PT17WU7,Selesai,2025-10-26 04:39:00,2025-10-26,2025-10-26 04:39:00,2025-10-27 23:59:00,2025-10-27 18:14:00,2025-11-05 15:11:00,0.0,2255.0,212.95,345.0,0,1,Not Cancelled,Attention,0,0,0,1,1,0,Not Cancelled
2510263Q08HJHB,Selesai,2025-10-26 04:43:00,2025-10-26,2025-10-26 04:43:00,2025-10-27 23:59:00,2025-10-27 18:17:00,2025-10-30 18:55:00,0.0,2254.0,72.63333333333334,342.0,0,1,Not Cancelled,Attention,0,0,0,1,1,0,Not Cancelled
2510263QNM9GJ5,Selesai,2025-10-26 04:55:00,2025-10-26,2025-10-26 04:55:00,2025-10-27 23:59:00,2025-10-27 18:20:00,2025-10-31 09:21:00,0.0,2245.0,87.01666666666667,339.0,0,1,Not Cancelled,Attention,0,0,0,1,1,0,Not Cancelled
2510263R0EGQQJ,Selesai,2025-10-26 05:01:00,2025-10-26,2025-10-26 05:01:00,2025-10-27 23:59:00,2025-10-27 18:12:00,2025-11-05 11:07:00,0.0,2231.0,208.91666666666666,347.0,0,1,Not Cancelled,Attention,0,0,0,1,1,0,Not Cancelled
2510263RSVWM30,Selesai,2025-10-26 05:15:00,2025-10-26,2025-10-26 05:15:00,2025-10-27 23:59:00,2025-10-26 05:15:00,2025-10-30 18:13:00,0.0,0.0,108.96666666666667,2564.0,0,1,Not Cancelled,Normal,0,0,0,1,1,0,Not Cancelled
2510263SJ0F10B,Batal,2025-10-26 05:28:00,2025-10-26,2025-10-26 05:28:00,2025-10-27 23:59:00,,,0.0,,,,1,0,Pre-Fulfillment,Not Processed,0,0,0,1,1,0,Other
2510263TW4D1DV,Selesai,2025-10-26 05:52:00,2025-10-26,2025-10-26 05:52:00,2025-10-27 23:59:00,2025-10-27 18:12:00,2025-11-06 17:13:00,0.0,2180.0,239.01666666666668,347.0,0,1,Not Cancelled,Attention,0,0,0,1,1,0,Not Cancelled
2510263UTRCVM2,Selesai,2025-10-26 06:09:00,2025-10-26,2025-10-26 06:09:00,2025-10-27 23:59:00,2025-10-27 18:13:00,2025-11-06 15:25:00,0.0,2164.0,237.2,346.0,0,1,Not Cancelled,Attention,0,0,0,1,1,0,Not Cancelled
2510263W228XR6,Selesai,2025-10-26 06:31:00,2025-10-26,2025-10-26 06:31:00,2025-10-27 23:59:00,2025-10-27 18:13:00,2025-11-17 14:51:00,0.0,2142.0,500.6333333333333,346.0,0,1,Not Cancelled,Attention,0,0,0,1,1,0,Not Cancelled
2510263WC7ERKN,Selesai,2025-10-26 06:37:00,2025-10-26,2025-10-26 06:37:00,2025-10-27 23:59:00,2025-10-27 18:19:00,2025-10-29 21:44:00,0.0,2142.0,51.416666666666664,340.0,0,1,Not Cancelled,Attention,0,0,0,1,1,0,Not Cancelled
25102643PPQUH1,Batal,2025-10-26 08:30:00,2025-10-26,,,,,,,,,1,0,Pre-Fulfillment,Not Processed,0,0,0,1,1,0,Change Order
25102643Y4NRY3,Batal,2025-10-26 08:35:00,2025-10-26,2025-10-26 08:35:00,2025-10-27 23:59:00,,,0.0,,,,1,0,Pre-Fulfillment,Not Processed,0,0,0,1,1,0,Change Order
25102644BVT98U,Batal,2025-10-26 08:42:00,2025-10-26,2025-10-26 08:42:00,2025-10-27 23:59:00,,,0.0,,,,1,0,Pre-Fulfillment,Not Processed,0,0,0,1,1,0,Change Order
25102644HMUDJN,Selesai,2025-10-26 08:45:00,2025-10-26,2025-10-26 08:46:00,2025-10-27 23:59:00,2025-10-27 15:32:00,2025-10-29 17:28:00,1.0,1847.0,49.93333333333333,507.0,0,1,Not Cancelled,Normal,0,0,0,3,2,0,Not Cancelled
25102644XQJHDD,Selesai,2025-10-26 08:52:00,2025-10-26,2025-10-26 08:52:00,2025-10-27 23:59:00,2025-10-27 18:14:00,2025-10-31 11:41:00,0.0,2002.0,89.45,345.0,0,1,Not Cancelled,Attention,0,0,0,1,1,0,Not Cancelled
25102645DATVUX,Selesai,2025-10-26 09:00:00,2025-10-26,2025-10-26 09:01:00,2025-10-27 23:59:00,2025-10-27 12:49:00,2025-10-27 17:38:00,1.0,1669.0,4.816666666666666,670.0,0,1,Not Cancelled,Normal,0,0,0,1,1,0,Not Cancelled
25102645NXG7HS,Selesai,2025-10-26 09:05:00,2025-10-26,2025-10-26 09:06:00,2025-10-27 23:59:00,2025-10-26 09:06:00,2025-10-28 12:15:00,1.0,1.0,51.15,2333.0,0,1,Not Cancelled,Normal,0,0,0,1,1,0,Not Cancelled
25102645WV38UP,Selesai,2025-10-26 09:10:00,2025-10-26,2025-10-26 09:12:00,2025-10-27 23:59:00,2025-10-27 18:14:00,2025-11-06 15:02:00,2.0,1984.0,236.8,345.0,0,1,Not Cancelled,Attention,0,0,0,1,1,0,Not Cancelled
251026468R65CD,Selesai,2025-10-26 09:16:00,2025-10-26,2025-10-26 09:16:00,2025-10-27 23:59:00,2025-10-27 18:20:00,2025-11-01 21:47:00,0.0,1984.0,123.45,339.0,0,1,Not Cancelled,Attention,0,0,0,1,1,0,Not Cancelled
25102647WEB1H5,Selesai,2025-10-26 09:45:00,2025-10-26,2025-10-26 09:45:00,2025-10-27 23:59:00,2025-10-27 18:13:00,2025-11-09 12:47:00,0.0,1948.0,306.56666666666666,346.0,0,1,Not Cancelled,Attention,0,0,0,1,1,0,Not Cancelled
25102648P227FT,Selesai,2025-10-26 09:59:00,2025-10-26,2025-10-26 09:59:00,2025-10-27 23:59:00,2025-10-27 21:18:00,2025-10-30 15:08:00,0.0,2119.0,65.83333333333333,161.0,0,1,Not Cancelled,Attention,0,0,0,1,1,0,Not Cancelled
2510264A4GTPPU,Selesai,2025-10-26 10:25:00,2025-10-26,2025-10-26 10:25:00,2025-10-27 23:59:00,2025-10-27 18:14:00,2025-10-31 23:25:00,0.0,1909.0,101.18333333333334,345.0,0,1,Not Cancelled,Attention,0,0,0,1,1,0,Not Cancelled
2510264A6948GS,Selesai,2025-10-26 10:26:00,2025-10-26,2025-10-26 10:26:00,2025-10-27 23:59:00,2025-10-27 18:14:00,2025-11-13 12:15:00,0.0,1908.0,402.01666666666665,345.0,0,1,Not Cancelled,Attention,0,0,0,1,1,0,Not Cancelled
2510264BWH69AA,Selesai,2025-10-26 10:57:00,2025-10-26,2025-10-26 10:57:00,2025-10-27 23:59:00,2025-10-27 18:24:00,2025-11-08 05:03:00,0.0,1887.0,274.65,335.0,0,1,Not Cancelled,Normal,0,0,0,1,1,0,Not Cancelled
2510264CYCJ3BD,Selesai,2025-10-26 11:16:00,2025-10-26,2025-10-26 11:16:00,2025-10-27 23:59:00,2025-10-27 18:11:00,2025-11-01 15:13:00,0.0,1855.0,117.03333333333333,348.0,0,1,Not Cancelled,Normal,0,0,0,2,2,0,Not Cancelled
2510264D6HFPKY,Selesai,2025-10-26 11:20:00,2025-10-26,2025-10-26 11:20:00,2025-10-27 23:59:00,2025-10-27 18:11:00,2025-10-29 20:39:00,0.0,1851.0,50.46666666666667,348.0,0,1,Not Cancelled,Normal,0,0,0,1,1,0,Not Cancelled
2510264DJGVQG4,Selesai,2025-10-26 11:26:00,2025-10-26,2025-10-26 11:27:00,2025-10-27 23:59:00,2025-10-27 18:14:00,2025-11-02 13:07:00,1.0,1848.0,138.88333333333333,345.0,0,1,Not Cancelled,Normal,0,0,0,1,1,0,Not Cancelled
2510264EP2J9UJ,Selesai,2025-10-26 11:46:00,2025-10-26,2025-10-26 11:46:00,2025-10-27 23:59:00,2025-10-27 18:14:00,2025-10-31 09:56:00,0.0,1828.0,87.7,345.0,0,1,Not Cancelled,Normal,0,0,0,1,1,0,Not Cancelled
2510264F8E081K,Selesai,2025-10-26 11:57:00,2025-10-26,2025-10-26 11:57:00,2025-10-27 23:59:00,2025-10-27 18:15:00,2025-11-01 09:00:00,0.0,1818.0,110.75,344.0,0,1,Not Cancelled,Normal,0,0,0,1,1,0,Not Cancelled
2510264G28WKPR,Selesai,2025-10-26 12:11:00,2025-10-26,2025-10-26 12:11:00,2025-10-27 23:59:00,2025-10-27 20:43:00,2025-11-06 15:14:00,0.0,1952.0,234.51666666666668,196.0,0,1,Not Cancelled,Attention,0,0,0,2,2,0,Not Cancelled
2510264GS0H6EM,Batal,2025-10-26 12:24:00,2025-10-26,2025-10-26 12:24:00,2025-10-27 23:59:00,,,0.0,,,,1,0,Pre-Fulfillment,Not Processed,0,0,0,1,1,0,Other
2510264GUT64TF,Batal,2025-10-26 12:25:00,2025-10-26,,,,,,,,,1,0,Pre-Fulfillment,Not Processed,0,0,0,1,1,0,Unpaid Order
2510264H1HACA7,Selesai,2025-10-26 12:29:00,2025-10-26,2025-10-26 12:29:00,2025-10-27 23:59:00,2025-10-27 20:42:00,2025-11-03 11:48:00,0.0,1933.0,159.1,197.0,0,1,Not Cancelled,Attention,0,0,0,1,1,0,Not Cancelled
2510264JEAN03Q,Selesai,2025-10-26 12:54:00,2025-10-26,2025-10-26 12:57:00,2025-10-27 23:59:00,2025-10-27 18:14:00,2025-11-06 20:03:00,3.0,1760.0,241.81666666666666,345.0,0,1,Not Cancelled,Normal,0,0,0,1,1,0,Not Cancelled
2510264JEAP3RN,Selesai,2025-10-26 12:54:00,2025-10-26,2025-10-26 12:54:00,2025-10-27 23:59:00,2025-10-27 18:17:00,2025-10-31 20:53:00,0.0,1763.0,98.6,342.0,0,1,Not Cancelled,Normal,0,0,0,1,1,0,Not Cancelled
2510264JETW3DK,Selesai,2025-10-26 12:54:00,2025-10-26,2025-10-26 12:54:00,2025-10-27 23:59:00,2025-10-27 15:32:00,2025-11-04 15:57:00,0.0,1598.0,192.41666666666666,507.0,0,1,Not Cancelled,Normal,0,0,0,1,1,0,Not Cancelled
2510264KHNQKHQ,Selesai,2025-10-26 13:13:00,2025-10-26,2025-10-26 13:13:00,2025-10-27 23:59:00,2025-10-26 13:13:00,2025-10-29 17:12:00,0.0,0.0,75.98333333333333,2086.0,0,1,Not Cancelled,Normal,0,0,0,1,1,0,Not Cancelled
2510264M0T5PER,Batal,2025-10-26 13:22:00,2025-10-26,2025-10-26 13:22:00,2025-10-27 23:59:00,,,0.0,,,,1,0,Pre-Fulfillment,Not Processed,0,0,0,1,1,0,Other
2510264N9A7T71,Selesai,2025-10-26 13:45:00,2025-10-26,2025-10-26 13:46:00,2025-10-27 23:59:00,2025-10-27 18:17:00,2025-11-06 17:09:00,1.0,1712.0,238.86666666666667,342.0,0,1,Not Cancelled,Normal,0,0,0,1,1,0,Not Cancelled
2510264NBJQ5K2,Batal,2025-10-26 13:46:00,2025-10-26,2025-10-26 13:46:00,2025-10-27 23:59:00,,,0.0,,,,1,0,Pre-Fulfillment,Not Processed,0,0,0,1,1,0,Other
2510264PK65Q7H,Selesai,2025-10-26 14:08:00,2025-10-26,2025-10-26 14:08:00,2025-10-27 23:59:00,2025-10-27 18:13:00,2025-11-12 14:51:00,0.0,1685.0,380.6333333333333,346.0,0,1,Not Cancelled,Normal,0,0,0,1,1,0,Not Cancelled
2510264PM7G2CY,Selesai,2025-10-26 14:09:00,2025-10-26,2025-10-26 14:09:00,2025-10-27 23:59:00,2025-10-27 15:32:00,2025-11-04 16:41:00,0.0,1523.0,193.15,507.0,0,1,Not Cancelled,Normal,0,0,0,1,1,0,Not Cancelled
2510264PQ24A3G,Batal,2025-10-26 14:10:00,2025-10-26,2025-10-26 14:10:00,2025-10-27 23:59:00,,,0.0,,,,1,0,Pre-Fulfillment,Not Processed,0,0,0,1,1,0,Change Order
2510264PXU233E,Selesai,2025-10-26 14:14:00,2025-10-26,2025-10-26 14:14:00,2025-10-27 23:59:00,2025-10-27 18:12:00,2025-11-02 21:07:00,0.0,1678.0,146.91666666666666,347.0,0,1,Not Cancelled,Normal,0,0,0,1,1,0,Not Cancelled
2510264QNV5XFV,Selesai,2025-10-26 14:27:00,2025-10-26,2025-10-26 14:28:00,2025-10-27 23:59:00,2025-10-26 14:28:00,2025-11-03 22:16:00,1.0,1.0,199.8,2011.0,0,1,Not Cancelled,Normal,0,0,0,1,1,0,Not Cancelled
2510264RQEXYR2,Selesai,2025-10-26 14:46:00,2025-10-26,2025-10-26 14:46:00,2025-10-27 23:59:00,2025-10-27 18:14:00,2025-11-06 16:43:00,0.0,1648.0,238.48333333333332,345.0,0,1,Not Cancelled,Normal,0,0,0,1,1,0,Not Cancelled
2510264S54S8S6,Selesai,2025-10-26 14:54:00,2025-10-26,2025-10-26 14:54:00,2025-10-27 23:59:00,2025-10-27 20:43:00,2025-11-08 17:26:00,0.0,1789.0,284.71666666666664,196.0,0,1,Not Cancelled,Normal,0,0,0,1,1,0,Not Cancelled
2510264SUF0YCP,Selesai,2025-10-26 15:06:00,2025-10-26,2025-10-26 15:06:00,2025-10-27 23:59:00,2025-10-27 18:14:00,2025-10-30 19:03:00,0.0,1628.0,72.81666666666666,345.0,0,1,Not Cancelled,Normal,0,0,0,1,1,0,Not Cancelled
2510264U4H6X9Q,Selesai,2025-10-26 15:29:00,2025-10-26,2025-10-26 15:30:00,2025-10-27 23:59:00,2025-10-27 18:14:00,2025-10-31 10:43:00,1.0,1605.0,88.48333333333333,345.0,0,1,Not Cancelled,Normal,0,0,0,1,1,0,Not Cancelled
2510264UMVS00W,Selesai,2025-10-26 15:38:00,2025-10-26,2025-10-26 15:39:00,2025-10-27 23:59:00,2025-10-27 18:14:00,2025-10-31 13:39:00,1.0,1596.0,91.41666666666667,345.0,0,1,Not Cancelled,Normal,0,0,0,1,1,0,Not Cancelled
2510264USJFP0N,Batal,2025-10-26 15:41:00,2025-10-26,2025-10-26 15:41:00,2025-10-27 23:59:00,,,0.0,,,,1,0,Pre-Fulfillment,Not Processed,0,0,0,1,1,0,Other
2510264UW6UYX8,Selesai,2025-10-26 15:43:00,2025-10-26,2025-10-26 15:43:00,2025-10-27 23:59:00,2025-10-27 18:12:00,2025-11-05 10:43:00,0.0,1589.0,208.51666666666668,347.0,0,1,Not Cancelled,Normal,0,0,0,1,1,0,Not Cancelled
2510264VGPK6FP,Selesai,2025-10-26 15:54:00,2025-10-26,2025-10-26 15:54:00,2025-10-27 23:59:00,2025-10-27 18:17:00,2025-10-29 12:26:00,0.0,1583.0,42.15,342.0,0,1,Not Cancelled,Normal,0,0,0,1,1,0,Not Cancelled
2510264W7ABSRG,Selesai,2025-10-26 16:07:00,2025-10-26,2025-10-26 16:07:00,2025-10-27 23:59:00,2025-10-27 20:42:00,2025-11-05 17:46:00,0.0,1715.0,213.06666666666666,197.0,0,1,Not Cancelled,Normal,0,0,0,1,1,0,Not Cancelled
2510264WS6J9FC,Batal,2025-10-26 16:17:00,2025-10-26,2025-10-26 16:17:00,2025-10-27 23:59:00,,,0.0,,,,1,0,Pre-Fulfillment,Not Processed,0,0,0,1,1,0,Change Address
2510264X0CD8CE,Selesai,2025-10-26 16:21:00,2025-10-26,2025-10-26 16:21:00,2025-10-27 23:59:00,2025-10-27 18:11:00,2025-10-31 21:21:00,0.0,1550.0,99.16666666666667,348.0,0,1,Not Cancelled,Normal,0,0,0,1,1,0,Not Cancelled
2510264X1MH83T,Selesai,2025-10-26 16:21:00,2025-10-26,2025-10-26 16:23:00,2025-10-27 23:59:00,2025-10-26 16:23:00,2025-11-03 18:15:00,2.0,2.0,193.86666666666667,1896.0,0,1,Not Cancelled,Normal,0,0,0,1,1,0,Not Cancelled
2510264X6PKSXU,Selesai,2025-10-26 16:24:00,2025-10-26,2025-10-26 16:24:00,2025-10-27 23:59:00,2025-10-27 18:14:00,2025-10-30 20:52:00,0.0,1550.0,74.63333333333334,345.0,0,1,Not Cancelled,Normal,0,0,0,2,2,0,Not Cancelled
2510264XAMF8XU,Selesai,2025-10-26 16:26:00,2025-10-26,2025-10-26 16:28:00,2025-10-27 23:59:00,2025-10-26 16:28:00,2025-10-30 03:59:00,2.0,2.0,83.51666666666667,1891.0,0,1,Not Cancelled,Normal,0,0,0,1,1,0,Not Cancelled
2510264XDMTTUK,Selesai,2025-10-26 16:28:00,2025-10-26,2025-10-26 16:28:00,2025-10-27 23:59:00,2025-10-27 18:23:00,2025-11-12 15:46:00,0.0,1555.0,381.3833333333333,336.0,0,1,Not Cancelled,Normal,0,0,0,1,1,0,Not Cancelled
2510264XJF91QD,Selesai,2025-10-26 16:31:00,2025-10-26,2025-10-26 16:31:00,2025-10-27 23:59:00,2025-10-27 18:12:00,2025-11-06 12:21:00,0.0,1541.0,234.15,347.0,0,1,Not Cancelled,Normal,0,0,0,1,1,0,Not Cancelled
2510264Y1WAWWC,Selesai,2025-10-26 16:39:00,2025-10-26,2025-10-26 16:40:00,2025-10-27 23:59:00,2025-10-26 16:40:00,2025-10-28 17:29:00,1.0,1.0,48.81666666666667,1879.0,0,1,Not Cancelled,Normal,0,0,0,1,1,0,Not Cancelled
2510264Y4UQHBY,Selesai,2025-10-26 16:41:00,2025-10-26,2025-10-26 16:41:00,2025-10-27 23:59:00,2025-10-26 16:41:00,2025-11-04 00:20:00,0.0,0.0,199.65,1878.0,0,1,Not Cancelled,Normal,0,1,1,1,1,0,Not Cancelled
2510264YXC28U9,Batal,2025-10-26 16:55:00,2025-10-26,2025-10-26 16:55:00,2025-10-27 23:59:00,2025-10-27 18:21:00,,0.0,1526.0,,338.0,1,1,Post-Fulfillment Initiation,Normal,0,0,0,2,2,0,Delivery Failed
25102650JW42PX,Selesai,2025-10-26 17:07:00,2025-10-26,2025-10-26 17:07:00,2025-10-27 23:59:00,2025-10-27 18:19:00,2025-11-04 19:43:00,0.0,1512.0,193.4,340.0,0,1,Not Cancelled,Normal,0,0,0,1,1,0,Not Cancelled
25102650PCQWDM,Selesai,2025-10-26 17:09:00,2025-10-26,2025-10-26 17:09:00,2025-10-27 23:59:00,2025-10-26 17:09:00,2025-10-28 12:52:00,0.0,0.0,43.71666666666667,1850.0,0,1,Not Cancelled,Normal,0,0,0,1,1,0,Not Cancelled
25102650S7BXK9,Selesai,2025-10-26 17:10:00,2025-10-26,2025-10-26 21:27:00,2025-10-27 23:59:00,2025-10-27 18:15:00,2025-11-06 10:55:00,257.0,1505.0,232.66666666666666,344.0,0,1,Not Cancelled,Normal,0,0,0,1,1,0,Not Cancelled
25102651TPBBJ4,Selesai,2025-10-26 17:29:00,2025-10-26,2025-10-26 17:29:00,2025-10-27 23:59:00,2025-10-27 20:42:00,2025-11-08 13:08:00,0.0,1633.0,280.43333333333334,197.0,0,1,Not Cancelled,Normal,0,0,0,1,1,0,Not Cancelled
251026520DCXV5,Selesai,2025-10-26 17:32:00,2025-10-26,2025-10-26 17:33:00,2025-10-27 23:59:00,2025-10-27 18:17:00,2025-11-01 23:14:00,1.0,1485.0,124.95,342.0,0,1,Not Cancelled,Normal,0,0,0,1,1,0,Not Cancelled
25102653QFTTUT,Selesai,2025-10-26 18:03:00,2025-10-26,2025-10-26 18:03:00,2025-10-27 23:59:00,2025-10-27 20:42:00,2025-11-12 13:35:00,0.0,1599.0,376.8833333333333,197.0,0,1,Not Cancelled,Normal,0,0,0,1,1,0,Not Cancelled
25102655GH41KT,Selesai,2025-10-26 18:35:00,2025-10-26,2025-10-26 18:35:00,2025-10-27 23:59:00,2025-10-27 18:18:00,2025-10-30 20:32:00,0.0,1423.0,74.23333333333333,341.0,0,1,Not Cancelled,Normal,0,0,0,1,1,0,Not Cancelled
25102655K2771Y,Selesai,2025-10-26 18:36:00,2025-10-26,2025-10-26 18:36:00,2025-10-27 23:59:00,2025-10-27 18:13:00,2025-11-19 12:57:00,0.0,1417.0,546.7333333333333,346.0,0,1,Not Cancelled,Normal,0,0,0,1,1,0,Not Cancelled
25102656888VVY,Selesai,2025-10-26 18:48:00,2025-10-26,2025-10-26 18:48:00,2025-10-27 23:59:00,2025-10-27 18:15:00,2025-11-04 23:20:00,0.0,1407.0,197.08333333333334,344.0,0,1,Not Cancelled,Normal,0,0,0,1,1,0,Not Cancelled
25102656KMJV0J,Selesai,2025-10-26 18:55:00,2025-10-26,2025-10-26 18:55:00,2025-10-27 23:59:00,2025-10-27 18:12:00,2025-10-30 17:45:00,0.0,1397.0,71.55,347.0,0,1,Not Cancelled,Normal,0,0,0,1,1,0,Not Cancelled
25102656QT39CJ,Selesai,2025-10-26 18:57:00,2025-10-26,2025-10-26 18:57:00,2025-10-27 23:59:00,2025-10-27 18:12:00,2025-11-04 19:27:00,0.0,1395.0,193.25,347.0,0,1,Not Cancelled,Normal,0,0,0,1,1,0,Not Cancelled
2510265713KN0U,Selesai,2025-10-26 19:02:00,2025-10-26,2025-10-26 19:02:00,2025-10-27 23:59:00,2025-10-27 18:11:00,2025-11-06 00:13:00,0.0,1389.0,222.03333333333333,348.0,0,1,Not Cancelled,Normal,0,0,0,1,1,0,Not Cancelled
2510265823A66P,Selesai,2025-10-26 19:20:00,2025-10-26,2025-10-26 19:21:00,2025-10-27 23:59:00,2025-10-27 18:13:00,2025-11-07 19:15:00,1.0,1373.0,265.03333333333336,346.0,0,1,Not Cancelled,Normal,0,0,0,1,1,0,Not Cancelled
25102659VV05QG,Batal,2025-10-26 19:53:00,2025-10-26,2025-10-26 19:53:00,2025-10-27 23:59:00,,,0.0,,,,1,0,Pre-Fulfillment,Not Processed,0,0,0,1,1,0,Change Address
2510265A4MV9C1,Batal,2025-10-26 19:58:00,2025-10-26,2025-10-26 19:58:00,2025-10-27 23:59:00,,,0.0,,,,1,0,Pre-Fulfillment,Not Processed,0,0,0,1,1,0,Other
2510265ARTG2X3,Batal,2025-10-26 20:09:00,2025-10-26,2025-10-26 20:09:00,2025-10-27 23:59:00,,,0.0,,,,1,0,Pre-Fulfillment,Not Processed,0,0,0,1,1,0,Change Order
2510265B0R7GA7,Selesai,2025-10-26 20:13:00,2025-10-26,2025-10-26 20:14:00,2025-10-27 23:59:00,2025-10-27 18:19:00,2025-11-05 09:00:00,1.0,1326.0,206.68333333333334,340.0,0,1,Not Cancelled,Normal,0,0,0,1,1,0,Not Cancelled
2510265C2HPCNP,Selesai,2025-10-26 20:32:00,2025-10-26,2025-10-26 20:32:00,2025-10-27 23:59:00,2025-10-27 18:12:00,2025-11-05 23:06:00,0.0,1300.0,220.9,347.0,0,1,Not Cancelled,Normal,0,0,0,1,1,0,Not Cancelled
2510265CJ889RJ,Selesai,2025-10-26 20:41:00,2025-10-26,2025-10-26 20:41:00,2025-10-27 23:59:00,2025-10-27 18:13:00,2025-10-31 12:40:00,0.0,1292.0,90.45,346.0,0,1,Not Cancelled,Normal,0,0,0,1,1,0,Not Cancelled
2510265CQG4TYU,Selesai,2025-10-26 20:44:00,2025-10-26,2025-10-26 20:48:00,2025-10-27 23:59:00,2025-10-27 18:13:00,2025-11-03 07:56:00,4.0,1289.0,157.71666666666667,346.0,0,1,Not Cancelled,Normal,0,0,0,1,1,0,Not Cancelled
2510265DWAB16G,Selesai,2025-10-26 21:05:00,2025-10-26,2025-10-26 21:05:00,2025-10-27 23:59:00,2025-10-27 18:12:00,2025-11-01 22:28:00,0.0,1267.0,124.26666666666667,347.0,0,1,Not Cancelled,Normal,0,0,0,1,1,0,Not Cancelled
2510265EU4X2QY,Selesai,2025-10-26 21:22:00,2025-10-26,2025-10-26 21:22:00,2025-10-27 23:59:00,2025-10-27 18:13:00,2025-11-07 00:40:00,0.0,1251.0,246.45,346.0,0,1,Not Cancelled,Normal,0,0,0,1,1,0,Not Cancelled
2510265EW8NGJY,Selesai,2025-10-26 21:23:00,2025-10-26,2025-10-26 21:23:00,2025-10-27 23:59:00,2025-10-27 18:13:00,2025-11-01 12:15:00,0.0,1250.0,114.03333333333333,346.0,0,1,Not Cancelled,Normal,0,0,0,1,1,0,Not Cancelled
2510265HAQ9DPB,Selesai,2025-10-26 22:06:00,2025-10-26,2025-10-26 22:06:00,2025-10-27 23:59:00,2025-10-27 18:11:00,2025-11-04 21:55:00,0.0,1205.0,195.73333333333332,348.0,0,1,Not Cancelled,Normal,0,0,0,1,1,0,Not Cancelled
2510265J64MF5R,Selesai,2025-10-26 22:22:00,2025-10-26,2025-10-26 22:22:00,2025-10-27 23:59:00,2025-10-26 22:22:00,2025-10-29 05:57:00,0.0,0.0,55.583333333333336,1537.0,0,1,Not Cancelled,Normal,0,0,0,1,1,0,Not Cancelled
2510265J7VX56B,Selesai,2025-10-26 22:23:00,2025-10-26,2025-10-26 22:23:00,2025-10-27 23:59:00,2025-10-27 18:23:00,2025-11-08 10:35:00,0.0,1200.0,280.2,336.0,0,1,Not Cancelled,Normal,0,0,0,1,1,0,Not Cancelled
2510265JM1110P,Batal,2025-10-26 22:29:00,2025-10-26,,,,,,,,,1,0,Pre-Fulfillment,Not Processed,0,0,0,1,1,0,Unpaid Order
2510265JN4C1G3,Selesai,2025-10-26 22:30:00,2025-10-26,2025-10-26 22:30:00,2025-10-27 23:59:00,2025-10-27 20:42:00,2025-11-08 08:30:00,0.0,1332.0,275.8,197.0,0,1,Not Cancelled,Normal,0,0,0,1,1,0,Not Cancelled
2510265JT1QFNJ,Selesai,2025-10-26 22:33:00,2025-10-26,2025-10-26 22:33:00,2025-10-27 23:59:00,2025-10-27 18:23:00,2025-11-05 15:42:00,0.0,1190.0,213.31666666666666,336.0,0,1,Not Cancelled,Normal,0,0,0,1,1,0,Not Cancelled
2510265KMXVWCU,Selesai,2025-10-26 22:48:00,2025-10-26,2025-10-26 22:48:00,2025-10-27 23:59:00,2025-10-27 18:15:00,2025-11-12 13:54:00,0.0,1167.0,379.65,344.0,0,1,Not Cancelled,Normal,0,0,0,1,1,0,Not Cancelled
2510275PYJ5UH4,Selesai,2025-10-26 23:48:00,2025-10-26,2025-10-26 23:48:00,2025-10-27 23:59:00,2025-10-27 18:12:00,2025-11-05 14:18:00,0.0,1104.0,212.1,347.0,0,1,Not Cancelled,Normal,0,0,0,1,1,0,Not Cancelled
2510275RQ4SP5K,Selesai,2025-10-27 00:19:00,2025-10-27,2025-10-27 00:19:00,2025-10-27 23:59:00,2025-10-27 18:19:00,2025-11-06 14:15:00,0.0,1080.0,235.93333333333334,340.0,0,1,Not Cancelled,Normal,0,0,0,1,1,0,Not Cancelled
2510275WWQSNP8,Selesai,2025-10-27 01:52:00,2025-10-27,2025-10-27 01:56:00,2025-10-27 23:59:00,2025-10-27 18:17:00,2025-11-06 09:26:00,4.0,985.0,231.15,342.0,0,1,Not Cancelled,Normal,0,0,0,1,1,0,Not Cancelled
251027648AU2BE,Selesai,2025-10-27 03:45:00,2025-10-27,2025-10-27 03:46:00,2025-10-27 23:59:00,2025-10-27 18:23:00,2025-11-12 00:47:00,1.0,878.0,366.4,336.0,0,1,Not Cancelled,Normal,0,1,1,1,1,0,Not Cancelled
25102768P97XKT,Batal,2025-10-27 05:04:00,2025-10-27,2025-10-27 05:04:00,2025-10-27 23:59:00,,,0.0,,,,1,0,Pre-Fulfillment,Not Processed,0,0,0,1,1,0,Change Address
2510276AKSMMKA,Selesai,2025-10-27 05:39:00,2025-10-27,2025-10-27 05:40:00,2025-10-27 23:59:00,2025-10-27 18:14:00,2025-11-09 00:30:00,1.0,755.0,294.26666666666665,345.0,0,1,Not Cancelled,Normal,0,1,1,1,1,0,Not Cancelled
2510276B04EWCX,Selesai,2025-10-27 05:46:00,2025-10-27,2025-10-27 05:46:00,2025-10-27 23:59:00,2025-10-27 18:13:00,2025-11-07 00:13:00,0.0,747.0,246.0,346.0,0,1,Not Cancelled,Normal,0,0,0,1,1,0,Not Cancelled
2510276D6PREYD,Selesai,2025-10-27 06:25:00,2025-10-27,2025-10-27 06:27:00,2025-10-27 23:59:00,2025-10-27 06:27:00,2025-10-28 14:51:00,2.0,2.0,32.4,1052.0,0,1,Not Cancelled,Normal,0,0,0,1,1,0,Not Cancelled
2510276D80PSCA,Selesai,2025-10-27 06:26:00,2025-10-27,2025-10-27 06:26:00,2025-10-27 23:59:00,2025-10-27 20:42:00,2025-11-11 14:24:00,0.0,856.0,353.7,197.0,0,1,Not Cancelled,Normal,0,0,0,1,1,0,Not Cancelled
2510276DBCFSBW,Selesai,2025-10-27 06:28:00,2025-10-27,2025-10-27 06:29:00,2025-10-27 23:59:00,2025-10-27 18:14:00,2025-11-05 12:04:00,1.0,706.0,209.83333333333334,345.0,0,1,Not Cancelled,Normal,0,0,0,1,1,0,Not Cancelled
2510276DX0HGDN,Selesai,2025-10-27 06:38:00,2025-10-27,2025-10-27 06:38:00,2025-10-27 23:59:00,2025-10-27 20:42:00,2025-11-09 16:00:00,0.0,844.0,307.3,197.0,0,1,Not Cancelled,Normal,0,0,0,1,1,0,Not Cancelled
2510276EBEKB9K,Batal,2025-10-27 06:46:00,2025-10-27,2025-10-27 06:46:00,2025-10-27 23:59:00,2025-10-27 18:13:00,,0.0,687.0,,346.0,1,1,Post-Fulfillment Initiation,Normal,0,0,0,1,1,0,Delivery Failed
2510276ESU8429,Selesai,2025-10-27 06:54:00,2025-10-27,2025-10-27 09:27:00,2025-10-27 23:59:00,2025-10-27 18:11:00,2025-11-02 15:52:00,153.0,677.0,141.68333333333334,348.0,0,1,Not Cancelled,Normal,0,0,0,2,2,0,Not Cancelled
2510276J9ME7DC,Selesai,2025-10-27 07:56:00,2025-10-27,2025-10-27 07:57:00,2025-10-27 23:59:00,2025-10-27 07:57:00,2025-11-01 11:59:00,1.0,1.0,124.03333333333333,962.0,0,1,Not Cancelled,Normal,0,0,0,1,1,0,Not Cancelled
2510276JMAVM22,Selesai,2025-10-27 08:02:00,2025-10-27,2025-10-27 08:02:00,2025-10-27 23:59:00,2025-10-27 20:43:00,2025-11-13 15:35:00,0.0,761.0,402.8666666666667,196.0,0,1,Not Cancelled,Normal,0,0,0,1,1,0,Not Cancelled
2510276KWGT1YG,Batal,2025-10-27 08:25:00,2025-10-27,2025-10-27 08:25:00,2025-10-27 23:59:00,2025-10-27 18:24:00,,0.0,599.0,,335.0,1,1,Post-Fulfillment Initiation,Normal,0,0,0,1,1,0,Delivery Failed
2510276N899TPB,Batal,2025-10-27 08:49:00,2025-10-27,2025-10-27 08:49:00,2025-10-27 23:59:00,2025-10-27 20:41:00,,0.0,712.0,,198.0,1,1,Post-Fulfillment Initiation,Normal,0,0,0,1,1,0,Delivery Failed
2510276PD1646M,Selesai,2025-10-27 09:10:00,2025-10-27,2025-10-27 09:10:00,2025-10-27 23:59:00,2025-10-27 15:32:00,2025-11-06 12:24:00,0.0,382.0,236.86666666666667,507.0,0,1,Not Cancelled,Normal,0,0,0,1,1,0,Not Cancelled
2510276Q44AVCC,Batal,2025-10-27 09:23:00,2025-10-27,,,,,,,,,1,0,Pre-Fulfillment,Not Processed,0,0,0,1,1,0,Unpaid Order
2510276QBMN15W,Selesai,2025-10-27 09:27:00,2025-10-27,2025-10-27 09:27:00,2025-10-27 23:59:00,2025-10-27 18:21:00,2025-10-30 16:23:00,0.0,534.0,70.03333333333333,338.0,0,1,Not Cancelled,Normal,0,0,0,1,1,0,Not Cancelled
2510276QVQ2S2U,Selesai,2025-10-27 09:36:00,2025-10-27,2025-10-27 09:37:00,2025-10-27 23:59:00,2025-10-27 18:21:00,2025-11-06 11:53:00,1.0,525.0,233.53333333333333,338.0,0,1,Not Cancelled,Normal,0,0,0,1,1,0,Not Cancelled
2510276RFFY2WW,Batal,2025-10-27 09:47:00,2025-10-27,2025-10-27 09:47:00,2025-10-27 23:59:00,,,0.0,,,,1,0,Pre-Fulfillment,Not Processed,0,0,0,1,1,0,Change Address
2510276RMSPEPM,Selesai,2025-10-27 09:50:00,2025-10-27,2025-10-27 09:50:00,2025-10-27 23:59:00,2025-10-27 20:42:00,2025-11-08 23:00:00,0.0,652.0,290.3,197.0,0,1,Not Cancelled,Normal,0,0,0,1,1,0,Not Cancelled
2510276RQ163TU,Selesai,2025-10-27 09:51:00,2025-10-27,2025-10-27 09:52:00,2025-10-27 23:59:00,2025-10-27 18:21:00,2025-11-08 14:25:00,1.0,510.0,284.06666666666666,338.0,0,1,Not Cancelled,Normal,0,0,0,1,1,0,Not Cancelled
2510276SJEJT5U,Selesai,2025-10-27 10:07:00,2025-10-27,2025-10-27 10:07:00,2025-10-27 23:59:00,2025-10-27 20:42:00,2025-11-10 20:13:00,0.0,635.0,335.51666666666665,197.0,0,1,Not Cancelled,Normal,0,0,0,1,1,0,Not Cancelled
2510276SRH5T5P,Selesai,2025-10-27 10:10:00,2025-10-27,2025-10-27 10:10:00,2025-10-27 23:59:00,2025-10-27 20:42:00,2025-11-12 21:20:00,0.0,632.0,384.6333333333333,197.0,0,1,Not Cancelled,Normal,0,1,1,1,1,0,Not Cancelled
2510276STD88U2,Batal,2025-10-27 10:11:00,2025-10-27,2025-10-27 10:11:00,2025-10-27 23:59:00,2025-10-27 20:42:00,,0.0,631.0,,197.0,1,1,Post-Fulfillment Initiation,Normal,0,0,0,1,1,0,Delivery Failed
2510276SXRDGYD,Selesai,2025-10-27 10:13:00,2025-10-27,2025-10-27 10:14:00,2025-10-27 23:59:00,2025-10-27 20:43:00,2025-11-11 11:14:00,1.0,630.0,350.51666666666665,196.0,0,1,Not Cancelled,Normal,0,0,0,1,1,0,Not Cancelled
2510276TDCQ87A,Selesai,2025-10-27 10:22:00,2025-10-27,2025-10-27 10:22:00,2025-10-27 23:59:00,2025-10-27 18:21:00,2025-11-05 16:38:00,0.0,479.0,214.28333333333333,338.0,0,1,Not Cancelled,Normal,0,0,0,1,1,0,Not Cancelled
2510276TUHP9KG,Selesai,2025-10-27 10:30:00,2025-10-27,2025-10-27 10:30:00,2025-10-27 23:59:00,2025-10-27 18:21:00,2025-11-05 11:37:00,0.0,471.0,209.26666666666668,338.0,0,1,Not Cancelled,Normal,0,0,0,1,1,0,Not Cancelled
2510276UH7X96G,Selesai,2025-10-27 10:42:00,2025-10-27,2025-10-27 10:42:00,2025-10-27 23:59:00,2025-10-27 20:42:00,2025-10-30 17:31:00,0.0,600.0,68.81666666666666,197.0,0,1,Not Cancelled,Normal,0,0,0,1,1,0,Not Cancelled
2510276VRY76JW,Batal,2025-10-27 11:04:00,2025-10-27,,,,,,,,,1,0,Pre-Fulfillment,Not Processed,0,0,0,2,1,0,Unpaid Order
2510276WARJH6X,Selesai,2025-10-27 11:14:00,2025-10-27,2025-10-27 11:14:00,2025-10-27 23:59:00,2025-10-27 20:42:00,2025-11-11 08:42:00,0.0,568.0,348.0,197.0,0,1,Not Cancelled,Normal,0,0,0,1,1,0,Not Cancelled
2510276WBUT53R,Selesai,2025-10-27 11:14:00,2025-10-27,2025-10-27 11:15:00,2025-10-27 23:59:00,2025-10-27 18:11:00,2025-11-04 20:28:00,1.0,417.0,194.28333333333333,348.0,0,1,Not Cancelled,Normal,0,0,0,1,1,0,Not Cancelled
2510276WC3FBW1,Selesai,2025-10-27 11:15:00,2025-10-27,2025-10-27 11:15:00,2025-10-27 23:59:00,2025-10-27 18:11:00,2025-11-04 19:57:00,0.0,416.0,193.76666666666668,348.0,0,1,Not Cancelled,Normal,0,0,0,1,1,0,Not Cancelled
2510276WD8P9HE,Selesai,2025-10-27 11:15:00,2025-10-27,2025-10-27 11:15:00,2025-10-27 23:59:00,2025-10-27 18:21:00,2025-11-07 19:09:00,0.0,426.0,264.8,338.0,0,1,Not Cancelled,Normal,0,0,0,1,1,0,Not Cancelled
2510276WN89UYP,Selesai,2025-10-27 11:20:00,2025-10-27,2025-10-27 11:21:00,2025-10-27 23:59:00,2025-10-27 20:42:00,2025-10-31 11:17:00,1.0,562.0,86.58333333333333,197.0,0,1,Not Cancelled,Normal,0,0,0,1,1,0,Not Cancelled
2510276XG894YJ,Selesai,2025-10-27 11:35:00,2025-10-27,2025-10-27 11:35:00,2025-10-27 23:59:00,2025-10-27 18:11:00,2025-11-11 17:25:00,0.0,396.0,359.23333333333335,348.0,0,1,Not Cancelled,Normal,0,0,0,1,1,0,Not Cancelled
2510276XJ3BW5Y,Selesai,2025-10-27 11:36:00,2025-10-27,2025-10-27 11:36:00,2025-10-27 23:59:00,2025-10-27 11:36:00,2025-11-04 22:21:00,0.0,0.0,202.75,743.0,0,1,Not Cancelled,Normal,0,0,0,1,1,0,Not Cancelled
2510276YYV8D1F,Selesai,2025-10-27 12:01:00,2025-10-27,2025-10-27 12:02:00,2025-10-28 23:59:00,2025-10-27 20:42:00,2025-11-08 10:43:00,1.0,521.0,278.01666666666665,1637.0,0,1,Not Cancelled,Normal,0,0,0,1,1,0,Not Cancelled
25102770U5TCJA,Selesai,2025-10-27 12:17:00,2025-10-27,2025-10-27 12:17:00,2025-10-28 23:59:00,2025-10-27 12:17:00,2025-10-29 12:01:00,0.0,0.0,47.733333333333334,2142.0,0,1,Not Cancelled,Normal,0,0,0,1,1,0,Not Cancelled
25102771DSV4P8,Selesai,2025-10-27 12:27:00,2025-10-27,2025-10-27 12:28:00,2025-10-28 23:59:00,2025-10-27 12:28:00,2025-10-28 22:00:00,1.0,1.0,33.53333333333333,2131.0,0,1,Not Cancelled,Normal,0,0,0,1,1,0,Not Cancelled
25102771QRDRBH,Selesai,2025-10-27 12:33:00,2025-10-27,2025-10-27 12:33:00,2025-10-28 23:59:00,2025-10-27 18:11:00,2025-10-29 21:28:00,0.0,338.0,51.28333333333333,1788.0,0,1,Not Cancelled,Normal,0,0,0,1,1,0,Not Cancelled
25102772AQWBY5,Batal,2025-10-27 12:43:00,2025-10-27,2025-10-27 12:44:00,2025-10-28 23:59:00,,,1.0,,,,1,0,Pre-Fulfillment,Not Processed,0,0,0,1,1,0,Other
2510277319TTTN,Selesai,2025-10-27 12:56:00,2025-10-27,2025-10-27 12:56:00,2025-10-28 23:59:00,2025-10-27 18:18:00,2025-11-11 20:03:00,0.0,322.0,361.75,1781.0,0,1,Not Cancelled,Normal,0,0,0,1,1,0,Not Cancelled
25102773ME2MR4,Selesai,2025-10-27 13:07:00,2025-10-27,2025-10-27 13:07:00,2025-10-28 23:59:00,2025-10-27 18:15:00,2025-11-12 00:45:00,0.0,308.0,366.5,1784.0,0,1,Not Cancelled,Normal,0,1,1,1,1,0,Not Cancelled
25102773QN3U4K,Selesai,2025-10-27 13:08:00,2025-10-27,2025-10-27 13:08:00,2025-10-28 23:59:00,2025-10-27 18:23:00,2025-11-04 12:13:00,0.0,315.0,185.83333333333334,1776.0,0,1,Not Cancelled,Normal,0,0,0,2,1,0,Not Cancelled
25102774A1G0A8,Batal,2025-10-27 13:19:00,2025-10-27,,,,,,,,,1,0,Pre-Fulfillment,Not Processed,0,0,0,1,1,0,Change Address
25102774EAT22A,Selesai,2025-10-27 13:21:00,2025-10-27,2025-10-27 13:21:00,2025-10-28 23:59:00,2025-10-28 14:18:00,2025-10-31 15:10:00,0.0,1497.0,72.86666666666666,581.0,0,1,Not Cancelled,Normal,0,0,0,1,1,0,Not Cancelled
251027751G226F,Selesai,2025-10-27 13:32:00,2025-10-27,2025-10-27 13:32:00,2025-10-28 23:59:00,2025-10-28 14:17:00,2025-11-04 10:43:00,0.0,1485.0,164.43333333333334,582.0,0,1,Not Cancelled,Normal,0,0,0,1,1,0,Not Cancelled
251027756J56UG,Selesai,2025-10-27 13:35:00,2025-10-27,2025-10-27 13:35:00,2025-10-28 23:59:00,2025-10-28 14:19:00,2025-11-07 18:24:00,0.0,1484.0,244.08333333333334,580.0,0,1,Not Cancelled,Normal,0,0,0,1,1,0,Not Cancelled
251027762FR2K1,Selesai,2025-10-27 13:50:00,2025-10-27,2025-10-27 13:50:00,2025-10-28 23:59:00,2025-10-28 14:18:00,2025-10-31 14:00:00,0.0,1468.0,71.7,581.0,0,1,Not Cancelled,Normal,0,0,0,1,1,0,Not Cancelled
25102776FQ5TU3,Selesai,2025-10-27 13:58:00,2025-10-27,2025-10-27 13:58:00,2025-10-28 23:59:00,2025-10-28 14:18:00,2025-10-31 01:43:00,0.0,1460.0,59.416666666666664,581.0,0,1,Not Cancelled,Normal,0,0,0,1,1,0,Not Cancelled
2510277751Y82Q,Selesai,2025-10-27 14:10:00,2025-10-27,2025-10-27 14:10:00,2025-10-28 23:59:00,2025-10-28 14:17:00,2025-10-31 05:30:00,0.0,1447.0,63.21666666666667,582.0,0,1,Not Cancelled,Normal,0,0,0,1,1,0,Not Cancelled
25102777J4MCDF,Selesai,2025-10-27 14:17:00,2025-10-27,2025-10-27 14:22:00,2025-10-28 23:59:00,2025-10-28 18:55:00,2025-11-07 10:49:00,5.0,1718.0,231.9,304.0,0,1,Not Cancelled,Normal,0,0,0,2,1,0,Not Cancelled
25102777UQQ81J,Selesai,2025-10-27 14:22:00,2025-10-27,2025-10-27 14:22:00,2025-10-28 23:59:00,2025-10-28 14:20:00,2025-11-08 13:55:00,0.0,1438.0,263.5833333333333,579.0,0,1,Not Cancelled,Normal,0,0,0,1,1,0,Not Cancelled
2510277887B87R,Selesai,2025-10-27 14:29:00,2025-10-27,2025-10-27 14:30:00,2025-10-28 23:59:00,2025-10-28 14:18:00,2025-10-31 16:47:00,1.0,1429.0,74.48333333333333,581.0,0,1,Not Cancelled,Normal,0,0,0,1,1,0,Not Cancelled
25102778FH1696,Selesai,2025-10-27 14:33:00,2025-10-27,2025-10-27 14:33:00,2025-10-28 23:59:00,2025-10-28 14:19:00,2025-10-30 20:12:00,0.0,1426.0,53.88333333333333,580.0,0,1,Not Cancelled,Normal,0,0,0,1,1,0,Not Cancelled
25102778J045BR,Selesai,2025-10-27 14:35:00,2025-10-27,2025-10-27 14:35:00,2025-10-28 23:59:00,2025-10-28 18:54:00,2025-11-05 15:03:00,0.0,1699.0,188.15,305.0,0,1,Not Cancelled,Normal,0,0,0,2,2,0,Not Cancelled
25102779BS2VAW,Selesai,2025-10-27 14:49:00,2025-10-27,2025-10-27 14:50:00,2025-10-28 23:59:00,2025-10-28 18:55:00,2025-11-03 19:45:00,1.0,1686.0,144.83333333333334,304.0,0,1,Not Cancelled,Normal,0,0,0,1,1,0,Not Cancelled
25102779HMYUVH,Selesai,2025-10-27 14:52:00,2025-10-27,2025-10-27 15:00:00,2025-10-28 23:59:00,2025-10-28 14:19:00,2025-10-31 22:27:00,8.0,1407.0,80.13333333333334,580.0,0,1,Not Cancelled,Normal,0,0,0,1,1,0,Not Cancelled
2510277A9W9GCM,Selesai,2025-10-27 15:06:00,2025-10-27,2025-10-27 15:08:00,2025-10-28 23:59:00,2025-10-28 14:19:00,2025-11-02 13:10:00,2.0,1393.0,118.85,580.0,0,1,Not Cancelled,Normal,0,0,0,1,1,0,Not Cancelled
2510277C6QQVU7,Selesai,2025-10-27 15:40:00,2025-10-27,2025-10-27 15:40:00,2025-10-28 23:59:00,2025-10-28 14:20:00,2025-11-05 16:45:00,0.0,1360.0,194.41666666666666,579.0,0,1,Not Cancelled,Normal,0,0,0,1,1,0,Not Cancelled
2510277CDE9BAT,Selesai,2025-10-27 15:44:00,2025-10-27,2025-10-27 15:44:00,2025-10-28 23:59:00,2025-10-28 14:20:00,2025-11-07 13:12:00,0.0,1356.0,238.86666666666667,579.0,0,1,Not Cancelled,Normal,0,0,0,1,1,0,Not Cancelled
2510277CRWEWWS,Selesai,2025-10-27 15:50:00,2025-10-27,2025-10-27 15:51:00,2025-10-28 23:59:00,2025-10-28 14:19:00,2025-11-07 17:33:00,1.0,1349.0,243.23333333333332,580.0,0,1,Not Cancelled,Normal,0,0,0,2,1,0,Not Cancelled
2510277D6HA1EX,Selesai,2025-10-27 15:58:00,2025-10-27,2025-10-27 15:58:00,2025-10-28 23:59:00,2025-10-28 20:32:00,2025-10-31 08:51:00,0.0,1714.0,60.31666666666667,207.0,0,1,Not Cancelled,Normal,0,0,0,1,1,0,Not Cancelled
2510277ECCCTCP,Selesai,2025-10-27 16:19:00,2025-10-27,2025-10-27 16:19:00,2025-10-28 23:59:00,2025-10-28 18:55:00,2025-10-31 22:47:00,0.0,1596.0,75.86666666666666,304.0,0,1,Not Cancelled,Normal,0,0,0,1,1,0,Not Cancelled
2510277EHBNRB5,Selesai,2025-10-27 16:22:00,2025-10-27,2025-10-27 16:22:00,2025-10-28 23:59:00,2025-10-28 21:30:00,2025-11-06 19:46:00,0.0,1748.0,214.26666666666668,149.0,0,1,Not Cancelled,Normal,0,0,0,1,1,0,Not Cancelled
2510277F6KMU2K,Selesai,2025-10-27 16:34:00,2025-10-27,2025-10-27 16:35:00,2025-10-28 23:59:00,2025-10-28 18:55:00,2025-11-09 13:18:00,1.0,1581.0,282.3833333333333,304.0,0,1,Not Cancelled,Normal,0,0,0,1,1,0,Not Cancelled
2510277FFMN3M1,Selesai,2025-10-27 16:39:00,2025-10-27,2025-10-27 16:39:00,2025-10-28 23:59:00,2025-10-27 16:39:00,2025-11-01 14:48:00,0.0,0.0,118.15,1880.0,0,1,Not Cancelled,Normal,0,0,0,1,1,0,Not Cancelled
2510277H37CTR9,Selesai,2025-10-27 17:08:00,2025-10-27,2025-10-27 17:08:00,2025-10-28 23:59:00,2025-10-28 19:58:00,2025-11-06 20:58:00,0.0,1610.0,217.0,241.0,0,1,Not Cancelled,Normal,0,0,0,1,1,0,Not Cancelled
2510277HYR2D1P,Selesai,2025-10-27 17:23:00,2025-10-27,2025-10-27 17:24:00,2025-10-28 23:59:00,2025-10-28 14:18:00,2025-11-07 12:44:00,1.0,1255.0,238.43333333333334,581.0,0,1,Not Cancelled,Normal,0,0,0,1,1,0,Not Cancelled
2510277KFE0HYC,Selesai,2025-10-27 17:50:00,2025-10-27,2025-10-27 17:50:00,2025-10-28 23:59:00,2025-10-27 17:50:00,2025-11-05 18:25:00,0.0,0.0,216.58333333333334,1809.0,0,1,Not Cancelled,Normal,0,0,0,1,1,0,Not Cancelled
2510277KTV7A2Y,Selesai,2025-10-27 17:57:00,2025-10-27,2025-10-27 17:57:00,2025-10-28 23:59:00,2025-10-28 14:17:00,2025-11-08 12:47:00,0.0,1220.0,262.5,582.0,0,1,Not Cancelled,Normal,0,0,0,1,1,0,Not Cancelled
2510277KWUJJRP,Selesai,2025-10-27 17:58:00,2025-10-27,2025-10-27 17:58:00,2025-10-28 23:59:00,2025-10-28 14:20:00,2025-11-03 10:13:00,0.0,1222.0,139.88333333333333,579.0,0,1,Not Cancelled,Normal,0,0,0,1,1,0,Not Cancelled
2510277MN69QU2,Selesai,2025-10-27 18:11:00,2025-10-27,2025-10-27 18:11:00,2025-10-28 23:59:00,2025-10-28 14:19:00,2025-11-09 13:21:00,0.0,1208.0,287.03333333333336,580.0,0,1,Not Cancelled,Normal,0,0,0,1,1,0,Not Cancelled
2510277MS814QE,Selesai,2025-10-27 18:14:00,2025-10-27,2025-10-27 18:14:00,2025-10-28 23:59:00,2025-10-28 14:17:00,2025-10-31 19:39:00,0.0,1203.0,77.36666666666666,582.0,0,1,Not Cancelled,Normal,0,0,0,1,1,0,Not Cancelled
2510277N9CV20R,Batal,2025-10-27 18:23:00,2025-10-27,,,,,,,,,1,0,Pre-Fulfillment,Not Processed,0,0,0,3,1,0,Unpaid Order
2510277NWPBAKM,Selesai,2025-10-27 18:34:00,2025-10-27,2025-10-27 18:35:00,2025-10-28 23:59:00,2025-10-28 14:20:00,2025-10-29 21:06:00,1.0,1186.0,30.766666666666666,579.0,0,1,Not Cancelled,Normal,0,0,0,1,1,0,Not Cancelled
2510277P02NGVT,Selesai,2025-10-27 18:35:00,2025-10-27,2025-10-27 18:35:00,2025-10-28 23:59:00,2025-10-28 14:18:00,2025-10-30 19:06:00,0.0,1183.0,52.8,581.0,0,1,Not Cancelled,Normal,0,0,0,1,1,0,Not Cancelled
2510277P3SST13,Batal,2025-10-27 18:37:00,2025-10-27,2025-10-27 18:37:00,2025-10-28 23:59:00,,,0.0,,,,1,0,Pre-Fulfillment,Not Processed,0,0,0,1,1,0,Change Order
2510277PD84NP3,Selesai,2025-10-27 18:43:00,2025-10-27,2025-10-27 18:43:00,2025-10-28 23:59:00,2025-10-28 14:18:00,2025-11-06 20:08:00,0.0,1175.0,221.83333333333334,581.0,0,1,Not Cancelled,Normal,0,0,0,1,1,0,Not Cancelled
2510277RRXG2AM,Batal,2025-10-27 19:25:00,2025-10-27,2025-10-27 19:25:00,2025-10-28 23:59:00,,,0.0,,,,1,0,Pre-Fulfillment,Not Processed,0,0,0,1,1,0,Change Address
2510277S04BKB8,Selesai,2025-10-27 19:29:00,2025-10-27,2025-10-27 19:29:00,2025-10-28 23:59:00,2025-10-27 19:29:00,2025-11-04 09:20:00,0.0,0.0,181.85,1710.0,0,1,Not Cancelled,Normal,0,0,0,1,1,0,Not Cancelled
2510277S4N97YN,Selesai,2025-10-27 19:31:00,2025-10-27,2025-10-27 19:32:00,2025-10-28 23:59:00,2025-10-28 14:20:00,2025-11-07 20:50:00,1.0,1129.0,246.5,579.0,0,1,Not Cancelled,Normal,0,0,0,1,1,0,Not Cancelled
2510277S5GWUXG,Selesai,2025-10-27 19:32:00,2025-10-27,2025-10-27 19:32:00,2025-10-28 23:59:00,2025-10-27 19:32:00,2025-10-30 19:22:00,0.0,0.0,71.83333333333333,1707.0,0,1,Not Cancelled,Normal,0,0,0,1,1,0,Not Cancelled
2510277TXVQFDW,Selesai,2025-10-27 20:04:00,2025-10-27,2025-10-27 20:05:00,2025-10-28 23:59:00,2025-10-28 14:18:00,2025-11-14 14:00:00,1.0,1094.0,407.7,581.0,0,1,Not Cancelled,Normal,0,0,0,1,1,0,Not Cancelled
2510277UFD3CB1,Selesai,2025-10-27 20:13:00,2025-10-27,2025-10-27 20:13:00,2025-10-28 23:59:00,2025-10-28 14:19:00,2025-11-11 18:27:00,0.0,1086.0,340.1333333333333,580.0,0,1,Not Cancelled,Normal,0,0,0,1,1,0,Not Cancelled
2510277UFQKWMQ,Selesai,2025-10-27 20:13:00,2025-10-27,2025-10-27 20:13:00,2025-10-28 23:59:00,2025-10-28 14:18:00,2025-11-06 08:44:00,0.0,1085.0,210.43333333333334,581.0,0,1,Not Cancelled,Normal,0,0,0,1,1,0,Not Cancelled
2510277UGCHK23,Selesai,2025-10-27 20:14:00,2025-10-27,2025-10-27 20:14:00,2025-10-28 23:59:00,2025-10-28 14:18:00,2025-11-01 07:25:00,0.0,1084.0,89.11666666666666,581.0,0,1,Not Cancelled,Normal,0,0,0,1,1,0,Not Cancelled
2510277UYG1B9A,Batal,2025-10-27 20:22:00,2025-10-27,2025-10-27 20:22:00,2025-10-28 23:59:00,,,0.0,,,,1,0,Pre-Fulfillment,Not Processed,0,0,0,1,1,0,Change Address
2510277VB162Y1,Selesai,2025-10-27 20:29:00,2025-10-27,2025-10-27 20:29:00,2025-10-28 23:59:00,2025-10-28 14:19:00,2025-11-11 11:39:00,0.0,1070.0,333.3333333333333,580.0,0,1,Not Cancelled,Normal,0,0,0,1,1,0,Not Cancelled
2510277VJ449G0,Selesai,2025-10-27 20:33:00,2025-10-27,2025-10-27 20:33:00,2025-10-28 23:59:00,2025-10-28 14:19:00,2025-11-06 11:45:00,0.0,1066.0,213.43333333333334,580.0,0,1,Not Cancelled,Normal,0,0,0,1,1,0,Not Cancelled
2510277VQ0HYBX,Selesai,2025-10-27 20:35:00,2025-10-27,2025-10-27 20:36:00,2025-10-28 23:59:00,2025-10-28 14:19:00,2025-11-03 17:59:00,1.0,1064.0,147.66666666666666,580.0,0,1,Not Cancelled,Normal,0,0,0,1,1,0,Not Cancelled
2510277WTQ1NMT,Selesai,2025-10-27 20:55:00,2025-10-27,2025-10-27 20:55:00,2025-10-28 23:59:00,2025-10-28 14:20:00,2025-10-30 08:59:00,0.0,1045.0,42.65,579.0,0,1,Not Cancelled,Normal,0,0,0,1,1,0,Not Cancelled
2510277WX2U07J,Selesai,2025-10-27 20:57:00,2025-10-27,2025-10-27 21:14:00,2025-10-28 23:59:00,2025-10-28 14:17:00,2025-11-06 07:31:00,17.0,1040.0,209.23333333333332,582.0,0,1,Not Cancelled,Normal,0,0,0,1,1,0,Not Cancelled
2510277XUE5C75,Batal,2025-10-27 21:14:00,2025-10-27,2025-10-27 21:14:00,2025-10-28 23:59:00,,,0.0,,,,1,0,Pre-Fulfillment,Not Processed,0,0,0,1,1,0,Change Order
2510277Y3EQKGK,Selesai,2025-10-27 21:18:00,2025-10-27,2025-10-27 21:18:00,2025-10-28 23:59:00,2025-10-28 14:17:00,2025-11-02 10:47:00,0.0,1019.0,116.5,582.0,0,1,Not Cancelled,Normal,0,0,0,1,1,0,Not Cancelled
2510277YXPAPRR,Selesai,2025-10-27 21:33:00,2025-10-27,2025-10-27 21:33:00,2025-10-28 23:59:00,2025-10-28 14:18:00,2025-11-03 03:46:00,0.0,1005.0,133.46666666666667,581.0,0,1,Not Cancelled,Normal,0,0,0,1,1,0,Not Cancelled
25102781FR33CA,Batal,2025-10-27 22:01:00,2025-10-27,2025-10-27 22:01:00,2025-10-28 23:59:00,,,0.0,,,,1,0,Pre-Fulfillment,Not Processed,0,0,0,1,1,0,Other
251027822PNDR1,Selesai,2025-10-27 22:11:00,2025-10-27,2025-10-27 22:11:00,2025-10-28 23:59:00,2025-10-28 18:54:00,2025-11-07 00:10:00,0.0,1243.0,221.26666666666668,305.0,0,1,Not Cancelled,Normal,0,0,0,1,1,0,Not Cancelled
25102782CK88PG,Batal,2025-10-27 22:17:00,2025-10-27,2025-10-27 22:17:00,2025-10-28 23:59:00,,,0.0,,,,1,0,Pre-Fulfillment,Not Processed,0,0,0,1,1,0,Other
25102782K27FBN,Selesai,2025-10-27 22:21:00,2025-10-27,2025-10-27 22:49:00,2025-10-28 23:59:00,2025-10-28 14:20:00,2025-11-06 14:09:00,28.0,959.0,215.81666666666666,579.0,0,1,Not Cancelled,Normal,0,0,0,1,1,0,Not Cancelled
25102782S1UVE0,Batal,2025-10-27 22:24:00,2025-10-27,,,,,,,,,1,0,Pre-Fulfillment,Not Processed,0,0,0,1,1,0,Change Order
25102885D1CR1J,Selesai,2025-10-27 23:11:00,2025-10-27,2025-10-27 23:11:00,2025-10-28 23:59:00,2025-10-28 14:19:00,2025-11-13 15:59:00,0.0,908.0,385.6666666666667,580.0,0,1,Not Cancelled,Normal,0,0,0,1,1,0,Not Cancelled
25102885MDU33Y,Selesai,2025-10-27 23:15:00,2025-10-27,2025-10-27 23:15:00,2025-10-28 23:59:00,2025-10-28 14:19:00,2025-11-05 20:49:00,0.0,904.0,198.5,580.0,0,1,Not Cancelled,Normal,0,0,0,1,1,0,Not Cancelled
25102886R3E6B7,Selesai,2025-10-27 23:35:00,2025-10-27,2025-10-27 23:35:00,2025-10-28 23:59:00,2025-10-28 14:18:00,2025-11-05 21:20:00,0.0,883.0,199.03333333333333,581.0,0,1,Not Cancelled,Normal,0,0,0,1,1,0,Not Cancelled
25102886T0FJN2,Selesai,2025-10-27 23:36:00,2025-10-27,2025-10-27 23:36:00,2025-10-28 23:59:00,2025-10-28 14:20:00,2025-10-31 12:04:00,0.0,884.0,69.73333333333333,579.0,0,1,Not Cancelled,Normal,0,0,0,1,1,0,Not Cancelled
25102887KBYGRW,Selesai,2025-10-27 23:50:00,2025-10-27,2025-10-27 23:50:00,2025-10-28 23:59:00,2025-10-28 14:20:00,2025-10-30 14:11:00,0.0,870.0,47.85,579.0,0,1,Not Cancelled,Normal,0,0,0,1,1,0,Not Cancelled
251028889JFJWN,Selesai,2025-10-28 00:03:00,2025-10-28,2025-10-28 00:03:00,2025-10-28 23:59:00,2025-10-28 20:06:00,2025-11-05 10:51:00,0.0,1203.0,182.75,233.0,0,1,Not Cancelled,Normal,0,0,0,1,1,0,Not Cancelled
25102888EJPCRP,Selesai,2025-10-28 00:05:00,2025-10-28,2025-10-28 00:05:00,2025-10-28 23:59:00,2025-10-28 14:18:00,2025-11-08 13:57:00,0.0,853.0,263.65,581.0,0,1,Not Cancelled,Normal,0,0,0,1,1,0,Not Cancelled
2510288AQRXC9Q,Batal,2025-10-28 00:46:00,2025-10-28,2025-10-28 00:46:00,2025-10-28 23:59:00,,,0.0,,,,1,0,Pre-Fulfillment,Not Processed,0,0,0,1,1,0,Seller Responsiveness
2510288BU5WP6Q,Selesai,2025-10-28 01:06:00,2025-10-28,2025-10-28 01:06:00,2025-10-28 23:59:00,2025-10-28 01:06:00,2025-11-05 20:23:00,0.0,0.0,211.28333333333333,1373.0,0,1,Not Cancelled,Normal,0,0,0,1,1,0,Not Cancelled
2510288BWWPQ04,Selesai,2025-10-28 01:08:00,2025-10-28,2025-10-28 01:08:00,2025-10-28 23:59:00,2025-10-28 14:20:00,2025-11-09 23:34:00,0.0,792.0,297.23333333333335,579.0,0,1,Not Cancelled,Normal,0,0,0,1,1,0,Not Cancelled
2510288C432FTM,Batal,2025-10-28 01:11:00,2025-10-28,2025-10-28 01:11:00,2025-10-28 23:59:00,,,0.0,,,,1,0,Pre-Fulfillment,Not Processed,0,0,0,1,1,0,Change Order
2510288GY348VM,Batal,2025-10-28 02:38:00,2025-10-28,2025-10-28 02:38:00,2025-10-28 23:59:00,,,0.0,,,,1,0,Pre-Fulfillment,Not Processed,0,0,0,1,1,0,Other
2510288R37FD3J,Selesai,2025-10-28 04:46:00,2025-10-28,2025-10-28 04:58:00,2025-10-28 23:59:00,2025-10-28 14:19:00,2025-10-31 05:11:00,12.0,573.0,62.86666666666667,580.0,0,1,Not Cancelled,Normal,0,0,0,1,1,0,Not Cancelled
2510288SU5K0T8,Batal,2025-10-28 05:17:00,2025-10-28,2025-10-28 05:17:00,2025-10-28 23:59:00,,,0.0,,,,1,0,Pre-Fulfillment,Not Processed,0,0,0,1,1,0,Change Order
2510288TQMAHTD,Batal,2025-10-28 05:33:00,2025-10-28,2025-10-28 05:33:00,2025-10-28 23:59:00,,,0.0,,,,1,0,Pre-Fulfillment,Not Processed,0,0,0,1,1,0,Change Order
2510288U9T2S0R,Selesai,2025-10-28 05:43:00,2025-10-28,2025-10-28 05:43:00,2025-10-28 23:59:00,2025-10-28 14:20:00,2025-10-30 16:57:00,0.0,517.0,50.61666666666667,579.0,0,1,Not Cancelled,Normal,0,0,0,1,1,0,Not Cancelled
2510288UC879HR,Selesai,2025-10-28 05:44:00,2025-10-28,2025-10-28 05:44:00,2025-10-28 23:59:00,2025-10-28 18:54:00,2025-11-06 11:20:00,0.0,790.0,208.43333333333334,305.0,0,1,Not Cancelled,Normal,0,0,0,1,1,0,Not Cancelled
2510288UEB0KB9,Selesai,2025-10-28 05:45:00,2025-10-28,2025-10-28 05:46:00,2025-10-28 23:59:00,2025-10-28 05:46:00,2025-11-07 17:52:00,1.0,1.0,252.1,1093.0,0,1,Not Cancelled,Normal,0,0,0,1,1,0,Not Cancelled
2510288VJNJHRR,Selesai,2025-10-28 06:06:00,2025-10-28,2025-10-28 06:07:00,2025-10-28 23:59:00,2025-10-28 14:18:00,2025-10-30 16:10:00,1.0,492.0,49.86666666666667,581.0,0,1,Not Cancelled,Normal,0,0,0,1,1,0,Not Cancelled
2510288XKQCV2T,Selesai,2025-10-28 06:42:00,2025-10-28,2025-10-28 06:42:00,2025-10-28 23:59:00,2025-10-28 14:18:00,2025-11-04 09:42:00,0.0,456.0,163.4,581.0,0,1,Not Cancelled,Normal,0,0,0,1,1,0,Not Cancelled
2510288XT87SS9,Selesai,2025-10-28 06:46:00,2025-10-28,2025-10-28 06:46:00,2025-10-28 23:59:00,2025-10-28 14:18:00,2025-11-06 21:26:00,0.0,452.0,223.13333333333333,581.0,0,1,Not Cancelled,Normal,0,0,0,1,1,0,Not Cancelled
25102890A8M9S7,Selesai,2025-10-28 07:13:00,2025-10-28,2025-10-28 07:13:00,2025-10-28 23:59:00,2025-10-28 14:17:00,2025-11-04 07:15:00,0.0,424.0,160.96666666666667,582.0,0,1,Not Cancelled,Normal,0,0,0,1,1,0,Not Cancelled
25102891QBJWG3,Selesai,2025-10-28 07:38:00,2025-10-28,2025-10-28 07:38:00,2025-10-28 23:59:00,2025-10-28 14:19:00,2025-11-04 21:24:00,0.0,401.0,175.08333333333334,580.0,0,1,Not Cancelled,Normal,0,0,0,1,1,0,Not Cancelled
25102891UNTA00,Selesai,2025-10-28 07:40:00,2025-10-28,2025-10-28 07:40:00,2025-10-28 23:59:00,2025-10-28 14:19:00,2025-11-05 20:38:00,0.0,399.0,198.31666666666666,580.0,0,1,Not Cancelled,Normal,0,0,0,1,1,0,Not Cancelled
25102892357PXU,Selesai,2025-10-28 07:44:00,2025-10-28,2025-10-28 07:44:00,2025-10-28 23:59:00,2025-10-28 14:19:00,2025-11-09 17:05:00,0.0,395.0,290.76666666666665,580.0,0,1,Not Cancelled,Normal,0,0,0,1,1,0,Not Cancelled
2510289247HR69,Selesai,2025-10-28 07:45:00,2025-10-28,2025-10-28 07:45:00,2025-10-28 23:59:00,2025-10-28 14:17:00,2025-10-31 22:04:00,0.0,392.0,79.78333333333333,582.0,0,1,Not Cancelled,Normal,0,0,0,1,1,0,Not Cancelled
25102893AMT2P3,Selesai,2025-10-28 08:06:00,2025-10-28,2025-10-28 08:06:00,2025-10-28 23:59:00,2025-10-28 14:17:00,2025-11-10 14:59:00,0.0,371.0,312.7,582.0,0,1,Not Cancelled,Normal,0,0,0,1,1,0,Not Cancelled
25102893YYP2HJ,Selesai,2025-10-28 08:18:00,2025-10-28,2025-10-28 08:18:00,2025-10-28 23:59:00,2025-10-28 14:19:00,2025-11-06 18:28:00,0.0,361.0,220.15,580.0,0,1,Not Cancelled,Normal,0,0,0,1,1,0,Not Cancelled
25102896MDDDMH,Selesai,2025-10-28 09:06:00,2025-10-28,2025-10-28 09:06:00,2025-10-28 23:59:00,2025-10-28 14:18:00,2025-11-05 21:15:00,0.0,312.0,198.95,581.0,0,1,Not Cancelled,Normal,0,0,0,1,1,0,Not Cancelled
25102896TTFH63,Selesai,2025-10-28 09:09:00,2025-10-28,2025-10-28 09:09:00,2025-10-28 23:59:00,2025-10-28 14:19:00,2025-11-02 07:46:00,0.0,310.0,113.45,580.0,0,1,Not Cancelled,Normal,0,0,0,1,1,0,Not Cancelled
25102896W8N25C,Batal,2025-10-28 09:11:00,2025-10-28,,,,,,,,,1,0,Pre-Fulfillment,Not Processed,0,0,0,1,1,0,Unpaid Order
251028978YFE9K,Selesai,2025-10-28 09:17:00,2025-10-28,2025-10-28 09:17:00,2025-10-28 23:59:00,2025-10-28 14:55:00,2025-11-06 13:52:00,0.0,338.0,214.95,544.0,0,1,Not Cancelled,Normal,0,0,0,1,1,0,Not Cancelled
25102897AG3CAB,Selesai,2025-10-28 09:18:00,2025-10-28,2025-10-28 09:18:00,2025-10-28 23:59:00,2025-10-28 18:54:00,2025-11-07 20:37:00,0.0,576.0,241.71666666666667,305.0,0,1,Not Cancelled,Normal,0,0,0,1,1,0,Not Cancelled
251028987AAABD,Selesai,2025-10-28 09:34:00,2025-10-28,2025-10-28 09:35:00,2025-10-28 23:59:00,2025-10-28 14:19:00,2025-10-31 14:48:00,1.0,285.0,72.48333333333333,580.0,0,1,Not Cancelled,Normal,0,0,0,1,1,0,Not Cancelled
25102898NCEQ1R,Selesai,2025-10-28 09:42:00,2025-10-28,2025-10-28 09:42:00,2025-10-28 23:59:00,2025-10-28 14:20:00,2025-11-10 18:03:00,0.0,278.0,315.71666666666664,579.0,0,1,Not Cancelled,Normal,0,0,0,1,1,0,Not Cancelled
25102899E6V3P4,Selesai,2025-10-28 09:56:00,2025-10-28,2025-10-28 09:57:00,2025-10-28 23:59:00,2025-10-28 14:18:00,2025-11-05 15:50:00,1.0,262.0,193.53333333333333,581.0,0,1,Not Cancelled,Normal,0,0,0,1,1,0,Not Cancelled
25102899J7H933,Selesai,2025-10-28 09:58:00,2025-10-28,2025-10-28 09:58:00,2025-10-28 23:59:00,2025-10-28 18:57:00,2025-11-04 17:59:00,0.0,539.0,167.03333333333333,302.0,0,1,Not Cancelled,Normal,0,0,0,1,1,0,Not Cancelled
25102899WHXY2C,Selesai,2025-10-28 10:04:00,2025-10-28,2025-10-28 10:04:00,2025-10-28 23:59:00,2025-10-28 14:17:00,2025-11-16 17:07:00,0.0,253.0,458.8333333333333,582.0,0,1,Not Cancelled,Normal,0,0,0,1,1,0,Not Cancelled
2510289AM3USMX,Selesai,2025-10-28 10:17:00,2025-10-28,2025-10-28 10:17:00,2025-10-28 23:59:00,2025-10-28 14:18:00,2025-11-05 20:41:00,0.0,241.0,198.38333333333333,581.0,0,1,Not Cancelled,Normal,0,0,0,1,1,0,Not Cancelled
2510289AWQ0TBV,Selesai,2025-10-28 10:22:00,2025-10-28,2025-10-28 10:23:00,2025-10-28 23:59:00,2025-10-28 14:19:00,2025-11-05 14:16:00,1.0,237.0,191.95,580.0,0,1,Not Cancelled,Normal,0,0,0,1,1,0,Not Cancelled
2510289BTG939F,Selesai,2025-10-28 10:38:00,2025-10-28,2025-10-28 10:39:00,2025-10-28 13:39:00,2025-10-28 12:31:00,2025-11-03 14:25:00,1.0,113.0,145.9,68.0,0,1,Not Cancelled,Normal,0,0,0,1,1,1,Not Cancelled
2510289CH9TYY4,Selesai,2025-10-28 10:51:00,2025-10-28,2025-10-28 10:51:00,2025-10-28 23:59:00,2025-10-28 18:55:00,2025-11-01 19:03:00,0.0,484.0,96.13333333333334,304.0,0,1,Not Cancelled,Normal,0,0,0,1,1,0,Not Cancelled
2510289D5J897K,Selesai,2025-10-28 11:03:00,2025-10-28,2025-10-28 11:03:00,2025-10-28 23:59:00,2025-10-28 14:18:00,2025-10-29 19:28:00,0.0,195.0,29.166666666666668,581.0,0,1,Not Cancelled,Normal,0,0,0,1,1,0,Not Cancelled
2510289DCGH802,Selesai,2025-10-28 11:06:00,2025-10-28,2025-10-28 11:07:00,2025-10-28 23:59:00,2025-10-28 14:17:00,2025-11-03 11:13:00,1.0,191.0,140.93333333333334,582.0,0,1,Not Cancelled,Normal,0,0,0,2,1,0,Not Cancelled
2510289DHNF7TW,Selesai,2025-10-28 11:09:00,2025-10-28,2025-10-28 11:11:00,2025-10-28 23:59:00,2025-10-28 14:18:00,2025-11-02 20:45:00,2.0,189.0,126.45,581.0,0,1,Not Cancelled,Normal,0,0,0,1,1,0,Not Cancelled
2510289DYEYY0B,Selesai,2025-10-28 11:17:00,2025-10-28,2025-10-28 11:17:00,2025-10-28 23:59:00,2025-10-28 14:17:00,2025-10-30 19:13:00,0.0,180.0,52.93333333333333,582.0,0,1,Not Cancelled,Normal,0,0,0,1,1,0,Not Cancelled
2510289G95DUY3,Selesai,2025-10-28 11:58:00,2025-10-28,2025-10-28 11:58:00,2025-10-28 23:59:00,2025-10-28 14:19:00,2025-10-31 22:08:00,0.0,141.0,79.81666666666666,580.0,0,1,Not Cancelled,Normal,0,0,0,2,2,0,Not Cancelled
2510289GR9WY8S,Selesai,2025-10-28 12:07:00,2025-10-28,2025-10-28 18:10:00,2025-10-29 23:59:00,2025-10-28 18:10:00,2025-11-05 12:02:00,363.0,363.0,185.86666666666667,1789.0,0,1,Not Cancelled,Normal,0,0,0,1,1,0,Not Cancelled
2510289HBMVS3K,Selesai,2025-10-28 12:18:00,2025-10-28,2025-10-28 12:18:00,2025-10-29 23:59:00,2025-10-28 18:55:00,2025-11-02 16:46:00,0.0,397.0,117.85,1744.0,0,1,Not Cancelled,Normal,0,0,0,1,1,0,Not Cancelled
2510289JB05FHS,Selesai,2025-10-28 12:35:00,2025-10-28,2025-10-28 12:36:00,2025-10-29 23:59:00,2025-10-28 14:19:00,2025-11-06 17:22:00,1.0,104.0,219.05,2020.0,0,1,Not Cancelled,Normal,0,0,0,1,1,0,Not Cancelled
2510289K4MB9JE,Selesai,2025-10-28 12:49:00,2025-10-28,2025-10-28 12:49:00,2025-10-29 23:59:00,2025-10-28 14:20:00,2025-11-07 16:37:00,0.0,91.0,242.28333333333333,2019.0,0,1,Not Cancelled,Normal,0,0,0,1,1,0,Not Cancelled
2510289M03KGJ3,Selesai,2025-10-28 13:05:00,2025-10-28,2025-10-28 13:05:00,2025-10-29 23:59:00,2025-10-29 17:00:00,2025-11-06 20:47:00,0.0,1675.0,195.78333333333333,419.0,0,1,Not Cancelled,Normal,0,0,0,1,1,0,Not Cancelled
2510289M1N6NK3,Selesai,2025-10-28 13:06:00,2025-10-28,2025-10-28 13:07:00,2025-10-29 23:59:00,2025-10-29 17:22:00,2025-11-06 21:37:00,1.0,1696.0,196.25,397.0,0,1,Not Cancelled,Normal,0,0,0,1,1,0,Not Cancelled
2510289MFGMDJ8,Selesai,2025-10-28 13:13:00,2025-10-28,2025-10-28 13:14:00,2025-10-29 23:59:00,2025-10-29 16:57:00,2025-11-11 18:47:00,1.0,1664.0,313.8333333333333,422.0,0,1,Not Cancelled,Normal,0,0,0,1,1,0,Not Cancelled
2510289P8PS6PJ,Selesai,2025-10-28 13:45:00,2025-10-28,2025-10-28 13:46:00,2025-10-29 23:59:00,2025-10-29 16:59:00,2025-11-01 14:29:00,1.0,1634.0,69.5,420.0,0,1,Not Cancelled,Normal,0,0,0,1,1,0,Not Cancelled
2510289PQCW23B,Selesai,2025-10-28 13:54:00,2025-10-28,2025-10-28 13:54:00,2025-10-29 23:59:00,2025-10-29 16:59:00,2025-10-31 09:02:00,0.0,1625.0,40.05,420.0,0,1,Not Cancelled,Normal,0,0,0,1,1,0,Not Cancelled
2510289QPJF13U,Batal,2025-10-28 14:11:00,2025-10-28,2025-10-28 14:11:00,2025-10-29 23:59:00,,,0.0,,,,1,0,Pre-Fulfillment,Not Processed,0,0,0,1,1,0,Change Order
2510289R0PNYA3,Selesai,2025-10-28 14:17:00,2025-10-28,2025-10-28 14:17:00,2025-10-29 23:59:00,2025-10-29 17:00:00,2025-11-07 12:53:00,0.0,1603.0,211.88333333333333,419.0,0,1,Not Cancelled,Normal,0,0,0,1,1,0,Not Cancelled
2510289R69YK29,Selesai,2025-10-28 14:20:00,2025-10-28,2025-10-28 14:20:00,2025-10-29 23:59:00,2025-10-29 16:59:00,2025-10-31 09:11:00,0.0,1599.0,40.2,420.0,0,1,Not Cancelled,Normal,0,0,0,1,1,0,Not Cancelled
2510289R852830,Selesai,2025-10-28 14:21:00,2025-10-28,2025-10-28 14:22:00,2025-10-29 23:59:00,2025-10-28 18:09:00,2025-11-14 19:42:00,1.0,228.0,409.55,1790.0,0,1,Not Cancelled,Normal,0,0,0,12,1,0,Not Cancelled
2510289TJ7YF4T,Selesai,2025-10-28 15:02:00,2025-10-28,2025-10-28 15:03:00,2025-10-29 23:59:00,2025-10-29 16:57:00,2025-10-31 21:49:00,1.0,1555.0,52.86666666666667,422.0,0,1,Not Cancelled,Normal,0,0,0,1,1,0,Not Cancelled
2510289V845CQP,Selesai,2025-10-28 15:32:00,2025-10-28,2025-10-28 15:33:00,2025-10-29 23:59:00,2025-10-29 16:52:00,2025-11-07 20:10:00,1.0,1520.0,219.3,427.0,0,1,Not Cancelled,Normal,0,0,0,1,1,0,Not Cancelled
2510289VDD07DJ,Selesai,2025-10-28 15:35:00,2025-10-28,2025-10-28 15:35:00,2025-10-29 23:59:00,2025-10-29 16:57:00,2025-11-09 14:58:00,0.0,1522.0,262.01666666666665,422.0,0,1,Not Cancelled,Normal,0,0,0,1,1,0,Not Cancelled
2510289VHDQJ9F,Selesai,2025-10-28 15:38:00,2025-10-28,2025-10-28 15:38:00,2025-10-29 23:59:00,2025-10-29 16:59:00,2025-11-07 16:25:00,0.0,1521.0,215.43333333333334,420.0,0,1,Not Cancelled,Normal,0,0,0,1,1,0,Not Cancelled
2510289WXDTKN3,Selesai,2025-10-28 16:03:00,2025-10-28,2025-10-28 16:03:00,2025-10-29 23:59:00,2025-10-29 17:00:00,2025-11-07 10:50:00,0.0,1497.0,209.83333333333334,419.0,0,1,Not Cancelled,Normal,0,0,0,1,1,0,Not Cancelled
2510289XCGW04W,Selesai,2025-10-28 16:11:00,2025-10-28,2025-10-28 16:11:00,2025-10-29 23:59:00,2025-10-29 16:58:00,2025-11-09 13:12:00,0.0,1487.0,260.23333333333335,421.0,0,1,Not Cancelled,Normal,0,0,0,1,1,0,Not Cancelled
2510289XPTT9CN,Selesai,2025-10-28 16:16:00,2025-10-28,2025-10-28 16:16:00,2025-10-29 23:59:00,2025-10-28 16:17:00,2025-11-05 22:40:00,0.0,1.0,198.38333333333333,1902.0,0,1,Not Cancelled,Normal,0,0,0,1,1,0,Not Cancelled
2510289XRP0G44,Selesai,2025-10-28 16:17:00,2025-10-28,2025-10-28 16:18:00,2025-10-29 23:59:00,2025-10-29 16:54:00,2025-11-06 21:23:00,1.0,1477.0,196.48333333333332,425.0,0,1,Not Cancelled,Normal,0,0,0,1,1,0,Not Cancelled
251028A01278SD,Selesai,2025-10-28 16:40:00,2025-10-28,2025-10-28 16:40:00,2025-10-29 23:59:00,2025-10-28 16:40:00,2025-10-29 17:10:00,0.0,0.0,24.5,1879.0,0,1,Not Cancelled,Normal,0,0,0,1,1,0,Not Cancelled
251028A0D2FPDH,Batal,2025-10-28 16:47:00,2025-10-28,2025-10-28 16:47:00,2025-10-29 23:59:00,,,0.0,,,,1,0,Pre-Fulfillment,Not Processed,0,0,0,1,1,0,Change Address
251028A335Q1TM,Selesai,2025-10-28 17:35:00,2025-10-28,2025-10-28 17:35:00,2025-10-29 23:59:00,2025-10-29 17:00:00,2025-11-01 17:16:00,0.0,1405.0,72.26666666666667,419.0,0,1,Not Cancelled,Normal,0,0,0,1,1,0,Not Cancelled
251028A4A7XHSC,Batal,2025-10-28 17:57:00,2025-10-28,2025-10-28 17:57:00,2025-10-29 23:59:00,,,0.0,,,,1,0,Pre-Fulfillment,Not Processed,0,0,0,1,1,0,Other
251028A4DTCJRS,Selesai,2025-10-28 17:59:00,2025-10-28,2025-10-28 17:59:00,2025-10-29 23:59:00,2025-10-29 17:00:00,2025-11-04 06:12:00,0.0,1381.0,133.2,419.0,0,1,Not Cancelled,Normal,0,0,0,1,1,0,Not Cancelled
251028A55U3QPH,Selesai,2025-10-28 18:12:00,2025-10-28,2025-10-28 18:12:00,2025-10-29 23:59:00,2025-10-29 16:59:00,2025-11-07 19:14:00,0.0,1367.0,218.25,420.0,0,1,Not Cancelled,Normal,0,0,0,1,1,0,Not Cancelled
251028A77KTUH1,Selesai,2025-10-28 18:49:00,2025-10-28,2025-10-28 18:49:00,2025-10-29 23:59:00,2025-10-28 18:49:00,2025-10-30 15:10:00,0.0,0.0,44.35,1750.0,0,1,Not Cancelled,Normal,0,0,0,1,1,0,Not Cancelled
251028A8R2H21K,Selesai,2025-10-28 19:16:00,2025-10-28,2025-10-28 19:17:00,2025-10-29 23:59:00,2025-10-29 17:00:00,2025-11-04 14:45:00,1.0,1304.0,141.75,419.0,0,1,Not Cancelled,Normal,0,0,0,1,1,0,Not Cancelled
251028AB0EXHU8,Selesai,2025-10-28 19:57:00,2025-10-28,2025-10-28 19:57:00,2025-10-29 23:59:00,2025-10-29 17:00:00,2025-11-01 18:44:00,0.0,1263.0,73.73333333333333,419.0,0,1,Not Cancelled,Normal,0,0,0,1,1,0,Not Cancelled
251028ACAR9505,Batal,2025-10-28 20:20:00,2025-10-28,2025-10-28 20:20:00,2025-10-29 23:59:00,,,0.0,,,,1,0,Pre-Fulfillment,Not Processed,0,0,0,1,1,0,Change Order
251028AD1X76U9,Selesai,2025-10-28 20:33:00,2025-10-28,2025-10-28 20:33:00,2025-10-29 23:59:00,2025-10-29 16:58:00,2025-10-31 15:12:00,0.0,1225.0,46.233333333333334,421.0,0,1,Not Cancelled,Normal,0,0,0,1,1,0,Not Cancelled
251028AD5W1RYV,Selesai,2025-10-28 20:35:00,2025-10-28,2025-10-28 20:35:00,2025-10-29 23:59:00,2025-10-29 16:59:00,2025-11-02 10:58:00,0.0,1224.0,89.98333333333333,420.0,0,1,Not Cancelled,Normal,0,0,0,2,2,0,Not Cancelled
251028ADU5YRP2,Selesai,2025-10-28 20:47:00,2025-10-28,2025-10-28 20:47:00,2025-10-29 23:59:00,2025-10-29 16:54:00,2025-11-11 21:30:00,0.0,1207.0,316.6,425.0,0,1,Not Cancelled,Normal,0,1,1,1,1,0,Not Cancelled
251028AEEPJFYB,Selesai,2025-10-28 20:58:00,2025-10-28,2025-10-28 20:59:00,2025-10-29 23:59:00,2025-10-29 17:00:00,2025-11-04 12:52:00,1.0,1202.0,139.86666666666667,419.0,0,1,Not Cancelled,Normal,0,0,0,1,1,0,Not Cancelled
251028AG3UWWQP,Selesai,2025-10-28 21:28:00,2025-10-28,2025-10-28 21:28:00,2025-10-29 23:59:00,2025-10-29 17:00:00,2025-11-06 21:23:00,0.0,1172.0,196.38333333333333,419.0,0,1,Not Cancelled,Normal,0,0,0,1,1,0,Not Cancelled
251028AGMUK7T2,Selesai,2025-10-28 21:37:00,2025-10-28,2025-10-28 21:38:00,2025-10-29 23:59:00,2025-10-29 16:58:00,2025-11-03 07:33:00,1.0,1161.0,110.58333333333333,421.0,0,1,Not Cancelled,Normal,0,0,0,1,1,0,Not Cancelled
251028AGVHJA04,Selesai,2025-10-28 21:42:00,2025-10-28,2025-10-28 21:44:00,2025-10-29 23:59:00,2025-10-29 16:58:00,2025-11-03 23:51:00,2.0,1156.0,126.88333333333334,421.0,0,1,Not Cancelled,Normal,0,0,0,1,1,0,Not Cancelled
251028AHDECQ9U,Selesai,2025-10-28 21:51:00,2025-10-28,2025-10-28 21:52:00,2025-10-29 23:59:00,2025-10-29 16:59:00,2025-11-09 00:29:00,1.0,1148.0,247.5,420.0,0,1,Not Cancelled,Normal,0,1,1,1,1,0,Not Cancelled
251028AJEVC4TG,Selesai,2025-10-28 22:10:00,2025-10-28,2025-10-29 08:18:00,2025-10-29 23:59:00,2025-10-29 16:54:00,2025-11-03 11:55:00,608.0,1124.0,115.01666666666667,425.0,0,1,Not Cancelled,Normal,0,0,0,1,1,0,Not Cancelled
251028AJMWYMHH,Batal,2025-10-28 22:13:00,2025-10-28,2025-10-28 22:13:00,2025-10-29 23:59:00,,,0.0,,,,1,0,Pre-Fulfillment,Not Processed,0,0,0,1,1,0,Change Order
251028AMX5498R,Selesai,2025-10-28 22:54:00,2025-10-28,2025-10-28 22:55:00,2025-10-29 23:59:00,2025-10-29 16:57:00,2025-11-02 23:23:00,1.0,1083.0,102.43333333333334,422.0,0,1,Not Cancelled,Normal,0,0,0,1,1,0,Not Cancelled
251029APUB18GC,Selesai,2025-10-28 23:28:00,2025-10-28,2025-10-28 23:29:00,2025-10-29 23:59:00,2025-10-29 17:00:00,2025-11-09 20:49:00,1.0,1052.0,267.81666666666666,419.0,0,1,Not Cancelled,Normal,0,0,0,1,1,0,Not Cancelled
251029AQN22DDM,Selesai,2025-10-28 23:43:00,2025-10-28,2025-10-28 23:43:00,2025-10-29 23:59:00,2025-10-28 23:43:00,2025-11-07 20:41:00,0.0,0.0,236.96666666666667,1456.0,0,1,Not Cancelled,Normal,0,0,0,1,1,0,Not Cancelled
251029ASD12QKU,Batal,2025-10-29 00:14:00,2025-10-29,2025-10-29 00:14:00,2025-10-29 23:59:00,,,0.0,,,,1,0,Pre-Fulfillment,Not Processed,0,0,0,1,1,0,Other
251029ASKVC0BV,Batal,2025-10-29 00:18:00,2025-10-29,2025-10-29 00:19:00,2025-10-29 23:59:00,,,1.0,,,,1,0,Pre-Fulfillment,Not Processed,0,0,0,1,1,0,Change Order
251029AT0FSMC6,Selesai,2025-10-29 00:25:00,2025-10-29,2025-10-29 00:25:00,2025-10-29 23:59:00,2025-10-29 17:00:00,2025-10-31 15:24:00,0.0,995.0,46.4,419.0,0,1,Not Cancelled,Normal,0,0,0,1,1,0,Not Cancelled
251029AU7F7HS7,Selesai,2025-10-29 00:47:00,2025-10-29,2025-10-29 00:47:00,2025-10-29 23:59:00,2025-10-29 16:59:00,2025-11-07 14:08:00,0.0,972.0,213.15,420.0,0,1,Not Cancelled,Normal,0,0,0,1,1,0,Not Cancelled
251029AV0N1UHV,Selesai,2025-10-29 01:01:00,2025-10-29,2025-10-29 01:01:00,2025-10-29 23:59:00,2025-10-29 16:58:00,2025-11-15 00:48:00,0.0,957.0,391.8333333333333,421.0,0,1,Not Cancelled,Normal,0,0,0,1,1,0,Not Cancelled
251029AX0QG553,Selesai,2025-10-29 01:37:00,2025-10-29,2025-10-29 01:37:00,2025-10-29 23:59:00,2025-10-29 17:00:00,2025-11-06 20:31:00,0.0,923.0,195.51666666666668,419.0,0,1,Not Cancelled,Normal,0,0,0,1,1,0,Not Cancelled
251029B03AXYXP,Selesai,2025-10-29 02:14:00,2025-10-29,2025-10-29 02:15:00,2025-10-29 23:59:00,2025-10-29 16:51:00,2025-11-07 13:38:00,1.0,877.0,212.78333333333333,428.0,0,1,Not Cancelled,Normal,0,0,0,1,1,0,Not Cancelled
251029B09USPQF,Batal,2025-10-29 02:18:00,2025-10-29,2025-10-29 02:18:00,2025-10-29 23:59:00,,,0.0,,,,1,0,Pre-Fulfillment,Not Processed,0,0,0,1,1,0,Change Order
251029B0JVRHRD,Selesai,2025-10-29 02:23:00,2025-10-29,2025-10-29 02:23:00,2025-10-29 23:59:00,2025-10-29 16:52:00,2025-11-07 19:49:00,0.0,869.0,218.95,427.0,0,1,Not Cancelled,Normal,0,0,0,1,1,0,Not Cancelled
251029B5B7XTA7,Batal,2025-10-29 03:48:00,2025-10-29,2025-10-29 03:49:00,2025-10-29 23:59:00,2025-10-29 16:59:00,,1.0,791.0,,420.0,1,1,Post-Fulfillment Initiation,Normal,0,0,0,1,1,0,Delivery Failed
251029B6BCY1VU,Selesai,2025-10-29 04:06:00,2025-10-29,2025-10-29 04:06:00,2025-10-29 23:59:00,2025-10-29 04:06:00,2025-10-31 21:39:00,0.0,0.0,65.55,1193.0,0,1,Not Cancelled,Normal,0,0,0,1,1,0,Not Cancelled
251029BBFGSJ2D,Selesai,2025-10-29 05:38:00,2025-10-29,2025-10-29 20:37:00,2025-10-30 23:59:00,2025-10-30 14:03:00,2025-11-07 16:31:00,899.0,1945.0,194.46666666666667,596.0,0,1,Not Cancelled,Attention,0,0,0,1,1,0,Not Cancelled
251029BDP51XNY,Batal,2025-10-29 06:17:00,2025-10-29,2025-10-29 06:17:00,2025-10-29 23:59:00,,,0.0,,,,1,0,Pre-Fulfillment,Not Processed,0,0,0,1,1,0,Change Order
251029BF7N492V,Selesai,2025-10-29 06:45:00,2025-10-29,2025-10-29 06:45:00,2025-10-29 23:59:00,2025-10-29 16:53:00,2025-11-10 13:02:00,0.0,608.0,284.15,426.0,0,1,Not Cancelled,Normal,0,0,0,1,1,0,Not Cancelled
251029BG5AXUPH,Batal,2025-10-29 07:01:00,2025-10-29,,,,,,,,,1,0,Pre-Fulfillment,Not Processed,0,0,0,1,1,0,Change Address
251029BH99362U,Selesai,2025-10-29 07:22:00,2025-10-29,2025-10-29 07:22:00,2025-10-29 23:59:00,2025-10-29 16:59:00,2025-11-03 09:32:00,0.0,577.0,112.55,420.0,0,1,Not Cancelled,Normal,0,0,0,1,1,0,Not Cancelled
251029BH9CV3CW,Selesai,2025-10-29 07:22:00,2025-10-29,2025-10-29 07:22:00,2025-10-29 23:59:00,2025-10-30 14:04:00,2025-11-14 12:13:00,0.0,1842.0,358.15,-845.0,0,1,Not Cancelled,Normal,1,1,1,2,2,0,Not Cancelled
251029BJWPJYQJ,Selesai,2025-10-29 07:51:00,2025-10-29,2025-10-29 07:52:00,2025-10-29 23:59:00,2025-10-29 07:52:00,2025-10-30 19:02:00,1.0,1.0,35.166666666666664,967.0,0,1,Not Cancelled,Normal,0,0,0,1,1,0,Not Cancelled
251029BKDMU2B0,Selesai,2025-10-29 08:00:00,2025-10-29,2025-10-29 08:00:00,2025-10-29 23:59:00,2025-10-29 16:59:00,2025-11-02 22:58:00,0.0,539.0,101.98333333333333,420.0,0,1,Not Cancelled,Normal,0,0,0,1,1,0,Not Cancelled
251029BMFPU0DV,Selesai,2025-10-29 08:19:00,2025-10-29,2025-10-29 08:19:00,2025-10-29 23:59:00,2025-10-29 08:19:00,2025-11-07 13:08:00,0.0,0.0,220.81666666666666,940.0,0,1,Not Cancelled,Normal,0,0,0,1,1,0,Not Cancelled
251029BN1SRESW,Selesai,2025-10-29 08:29:00,2025-10-29,2025-10-29 08:29:00,2025-10-29 23:59:00,2025-10-29 08:29:00,2025-11-01 00:09:00,0.0,0.0,63.666666666666664,930.0,0,1,Not Cancelled,Normal,0,0,0,1,1,0,Not Cancelled
251029BPMFWM15,Selesai,2025-10-29 08:57:00,2025-10-29,2025-10-29 08:58:00,2025-10-29 23:59:00,2025-10-29 16:53:00,2025-11-03 13:28:00,1.0,476.0,116.58333333333333,426.0,0,1,Not Cancelled,Normal,0,0,0,1,1,0,Not Cancelled
251029BQ25PD4N,Selesai,2025-10-29 09:05:00,2025-10-29,2025-10-29 09:05:00,2025-10-29 23:59:00,2025-10-29 17:22:00,2025-11-01 20:17:00,0.0,497.0,74.91666666666667,397.0,0,1,Not Cancelled,Normal,0,0,0,1,1,0,Not Cancelled
251029BQ3HJ93P,Batal,2025-10-29 09:06:00,2025-10-29,2025-10-29 09:06:00,2025-10-29 23:59:00,,,0.0,,,,1,0,Pre-Fulfillment,Not Processed,0,0,0,1,1,0,Change Order
251029BQWCCPC7,Selesai,2025-10-29 09:20:00,2025-10-29,2025-10-29 09:20:00,2025-10-29 23:59:00,2025-10-29 16:52:00,2025-10-31 09:54:00,0.0,452.0,41.03333333333333,427.0,0,1,Not Cancelled,Normal,0,0,0,1,1,0,Not Cancelled
251029BRCMPP0N,Selesai,2025-10-29 09:29:00,2025-10-29,2025-10-29 09:29:00,2025-10-29 23:59:00,2025-10-29 16:59:00,2025-11-06 21:05:00,0.0,450.0,196.1,420.0,0,1,Not Cancelled,Normal,0,0,0,1,1,0,Not Cancelled
251029BRH8FM8B,Selesai,2025-10-29 09:31:00,2025-10-29,2025-10-29 09:32:00,2025-10-29 23:59:00,2025-10-29 16:51:00,2025-11-04 20:45:00,1.0,440.0,147.9,428.0,0,1,Not Cancelled,Normal,0,0,0,2,2,0,Not Cancelled
251029BRHNT16X,Selesai,2025-10-29 09:32:00,2025-10-29,2025-10-29 09:32:00,2025-10-29 23:59:00,2025-10-29 16:51:00,2025-11-06 23:48:00,0.0,439.0,198.95,428.0,0,1,Not Cancelled,Normal,0,0,0,1,1,0,Not Cancelled
251029BTC9NURA,Selesai,2025-10-29 10:04:00,2025-10-29,2025-10-29 10:05:00,2025-10-29 23:59:00,2025-10-29 16:52:00,2025-11-14 12:40:00,1.0,408.0,379.8,427.0,0,1,Not Cancelled,Normal,0,0,0,1,1,0,Not Cancelled
251029BURH009N,Batal,2025-10-29 10:29:00,2025-10-29,2025-10-29 10:29:00,2025-10-29 23:59:00,2025-10-29 16:53:00,,0.0,384.0,,426.0,1,1,Post-Fulfillment Initiation,Normal,0,0,0,1,1,0,Delivery Failed
251029BV8QSGM2,Selesai,2025-10-29 10:38:00,2025-10-29,2025-10-29 10:39:00,2025-10-29 23:59:00,2025-10-29 17:22:00,2025-10-30 18:02:00,1.0,404.0,24.666666666666668,397.0,0,1,Not Cancelled,Normal,0,0,0,1,1,0,Not Cancelled
251029BVYYM1AM,Selesai,2025-10-29 10:51:00,2025-10-29,2025-10-29 10:51:00,2025-10-29 23:59:00,2025-10-29 16:52:00,2025-10-31 12:24:00,0.0,361.0,43.53333333333333,427.0,0,1,Not Cancelled,Normal,0,0,0,1,1,0,Not Cancelled
251029BW9MM1PF,Selesai,2025-10-29 10:56:00,2025-10-29,2025-10-29 10:57:00,2025-10-29 23:59:00,2025-10-29 16:52:00,2025-11-13 20:33:00,1.0,356.0,363.68333333333334,427.0,0,1,Not Cancelled,Normal,0,1,1,1,1,0,Not Cancelled
251029BWGRJVKE,Selesai,2025-10-29 11:00:00,2025-10-29,2025-10-29 11:01:00,2025-10-29 23:59:00,2025-10-29 16:52:00,2025-10-31 16:20:00,1.0,352.0,47.46666666666667,427.0,0,1,Not Cancelled,Normal,0,0,0,1,1,0,Not Cancelled
251029BWM49P7G,Batal,2025-10-29 11:02:00,2025-10-29,,,,,,,,,1,0,Pre-Fulfillment,Not Processed,0,0,0,1,1,0,Unpaid Order
251029BXTXYKT3,Selesai,2025-10-29 11:24:00,2025-10-29,2025-10-29 11:24:00,2025-10-29 23:59:00,2025-10-29 16:53:00,2025-11-09 14:07:00,0.0,329.0,261.23333333333335,426.0,0,1,Not Cancelled,Normal,0,0,0,1,1,0,Not Cancelled
251029BYCU3P2C,Selesai,2025-10-29 11:34:00,2025-10-29,2025-10-29 11:34:00,2025-10-29 23:59:00,2025-10-29 16:52:00,2025-11-14 12:18:00,0.0,318.0,379.43333333333334,427.0,0,1,Not Cancelled,Normal,0,0,0,2,2,0,Not Cancelled
251029BYQCR1EG,Batal,2025-10-29 11:40:00,2025-10-29,2025-10-29 11:40:00,2025-10-29 23:59:00,2025-10-29 16:57:00,,0.0,317.0,,422.0,1,1,Post-Fulfillment Initiation,Normal,0,0,0,1,1,0,Delivery Failed
251029C1A3VK3G,Selesai,2025-10-29 12:08:00,2025-10-29,2025-10-29 12:08:00,2025-10-30 23:59:00,2025-10-29 12:08:00,2025-11-02 10:26:00,0.0,0.0,94.3,2151.0,0,1,Not Cancelled,Normal,0,0,0,1,1,0,Not Cancelled
251029C20G4E60,Batal,2025-10-29 12:21:00,2025-10-29,2025-10-29 12:21:00,2025-10-30 23:59:00,,,0.0,,,,1,0,Pre-Fulfillment,Not Processed,0,0,0,1,1,0,Change Order
251029C242HMH2,Selesai,2025-10-29 12:23:00,2025-10-29,2025-10-29 12:23:00,2025-10-30 23:59:00,2025-10-29 16:53:00,2025-11-02 18:17:00,0.0,270.0,97.4,1866.0,0,1,Not Cancelled,Normal,0,0,0,1,1,0,Not Cancelled
251029C2X3373D,Selesai,2025-10-29 12:37:00,2025-10-29,2025-10-29 12:38:00,2025-10-30 23:59:00,2025-10-29 16:53:00,2025-11-07 10:59:00,1.0,256.0,210.1,1866.0,0,1,Not Cancelled,Normal,0,0,0,1,1,0,Not Cancelled
251029C30UTJC8,Batal,2025-10-29 12:39:00,2025-10-29,2025-10-29 12:39:00,2025-10-30 23:59:00,,,0.0,,,,1,0,Pre-Fulfillment,Not Processed,0,0,0,1,1,0,Other
251029C394WUNY,Selesai,2025-10-29 12:44:00,2025-10-29,2025-10-29 12:44:00,2025-10-30 23:59:00,2025-10-29 16:52:00,2025-11-10 21:11:00,0.0,248.0,292.31666666666666,1867.0,0,1,Not Cancelled,Normal,0,0,0,1,1,0,Not Cancelled
251029C3TTFKK7,Selesai,2025-10-29 12:53:00,2025-10-29,2025-10-29 12:54:00,2025-10-30 23:59:00,2025-10-29 16:52:00,2025-11-05 05:43:00,1.0,239.0,156.85,1867.0,0,1,Not Cancelled,Normal,0,0,0,1,1,0,Not Cancelled
251029C4K4NPUQ,Selesai,2025-10-29 13:07:00,2025-10-29,2025-10-29 13:07:00,2025-10-30 23:59:00,2025-10-29 16:57:00,2025-11-15 14:35:00,0.0,230.0,405.6333333333333,1862.0,0,1,Not Cancelled,Normal,0,0,0,1,1,0,Not Cancelled
251029C55KX6Y9,Selesai,2025-10-29 13:17:00,2025-10-29,2025-10-29 13:18:00,2025-10-30 23:59:00,2025-10-30 14:06:00,2025-11-10 22:41:00,1.0,1489.0,272.5833333333333,593.0,0,1,Not Cancelled,Normal,0,0,0,1,1,0,Not Cancelled
251029C5E2SN61,Selesai,2025-10-29 13:22:00,2025-10-29,2025-10-29 13:22:00,2025-10-30 23:59:00,2025-10-30 17:53:00,2025-11-03 20:39:00,0.0,1711.0,98.76666666666667,366.0,0,1,Not Cancelled,Normal,0,0,0,1,1,0,Not Cancelled
251029C833M8F4,Selesai,2025-10-29 14:10:00,2025-10-29,2025-10-29 14:10:00,2025-10-30 23:59:00,2025-10-30 14:04:00,2025-11-03 16:51:00,0.0,1434.0,98.78333333333333,595.0,0,1,Not Cancelled,Normal,0,0,0,1,1,0,Not Cancelled
251029C93PWFCB,Selesai,2025-10-29 14:28:00,2025-10-29,2025-10-29 14:28:00,2025-10-30 23:59:00,2025-10-30 14:03:00,2025-11-12 13:55:00,0.0,1415.0,311.8666666666667,596.0,0,1,Not Cancelled,Normal,0,0,0,1,1,0,Not Cancelled
251029CAJCDPC0,Selesai,2025-10-29 14:54:00,2025-10-29,2025-10-29 14:54:00,2025-10-30 23:59:00,2025-10-30 14:03:00,2025-11-09 20:24:00,0.0,1389.0,246.35,596.0,0,1,Not Cancelled,Normal,0,0,0,1,1,0,Not Cancelled
251029CAMMT9RQ,Batal,2025-10-29 14:55:00,2025-10-29,2025-10-29 14:55:00,2025-10-30 23:59:00,,,0.0,,,,1,0,Pre-Fulfillment,Not Processed,0,0,0,1,1,0,Change Order
251029CBB9MYK7,Selesai,2025-10-29 15:08:00,2025-10-29,2025-10-30 09:37:00,2025-10-30 23:59:00,2025-10-30 17:52:00,2025-11-09 12:40:00,1109.0,1604.0,234.8,367.0,0,1,Not Cancelled,Normal,0,1,1,1,1,0,Not Cancelled
251029CCDFG45P,Selesai,2025-10-29 15:27:00,2025-10-29,2025-10-29 15:28:00,2025-10-30 23:59:00,2025-10-30 14:06:00,2025-11-11 01:45:00,1.0,1359.0,275.65,593.0,0,1,Not Cancelled,Normal,0,0,0,1,1,0,Not Cancelled
251029CD121RRN,Selesai,2025-10-29 15:38:00,2025-10-29,2025-10-29 15:38:00,2025-10-30 23:59:00,2025-10-30 14:04:00,2025-11-02 22:21:00,0.0,1346.0,80.28333333333333,595.0,0,1,Not Cancelled,Normal,0,0,0,1,1,0,Not Cancelled
251029CD5RRKE0,Selesai,2025-10-29 15:41:00,2025-10-29,2025-10-29 15:42:00,2025-10-30 23:59:00,2025-10-30 17:52:00,2025-11-12 14:54:00,1.0,1571.0,309.03333333333336,367.0,0,1,Not Cancelled,Normal,0,0,0,1,1,0,Not Cancelled
251029CDWVA6VT,Selesai,2025-10-29 15:54:00,2025-10-29,2025-10-29 15:54:00,2025-10-30 23:59:00,2025-10-29 15:54:00,2025-10-31 21:09:00,0.0,0.0,53.25,1925.0,0,1,Not Cancelled,Normal,0,0,0,1,1,0,Not Cancelled
251029CE65DRDU,Selesai,2025-10-29 15:59:00,2025-10-29,2025-10-29 15:59:00,2025-10-30 23:59:00,2025-10-30 14:03:00,2025-11-10 13:59:00,0.0,1324.0,263.93333333333334,596.0,0,1,Not Cancelled,Normal,0,0,0,1,1,0,Not Cancelled
251029CEQGDVC9,Selesai,2025-10-29 16:08:00,2025-10-29,2025-10-29 16:09:00,2025-10-30 23:59:00,2025-10-30 14:05:00,2025-11-05 14:49:00,1.0,1317.0,144.73333333333332,594.0,0,1,Not Cancelled,Normal,0,0,0,1,1,0,Not Cancelled
251029CF1TCYY8,Selesai,2025-10-29 16:14:00,2025-10-29,2025-10-29 16:14:00,2025-10-30 23:59:00,2025-10-30 14:06:00,2025-11-12 00:30:00,0.0,1312.0,298.4,593.0,0,1,Not Cancelled,Normal,0,1,1,1,1,0,Not Cancelled
251029CFG4504P,Selesai,2025-10-29 16:22:00,2025-10-29,2025-10-29 16:23:00,2025-10-30 23:59:00,2025-10-30 14:03:00,2025-11-04 10:43:00,1.0,1301.0,116.66666666666667,596.0,0,1,Not Cancelled,Normal,0,0,0,1,1,0,Not Cancelled
251029CG53KDJR,Selesai,2025-10-29 16:34:00,2025-10-29,2025-10-29 16:34:00,2025-10-30 23:59:00,2025-10-30 14:04:00,2025-11-05 12:02:00,0.0,1290.0,141.96666666666667,595.0,0,1,Not Cancelled,Normal,0,0,0,1,1,0,Not Cancelled
251029CGJJNR1Y,Selesai,2025-10-29 16:42:00,2025-10-29,2025-10-29 16:42:00,2025-10-30 23:59:00,2025-10-30 14:04:00,2025-11-19 18:10:00,0.0,1282.0,484.1,595.0,0,1,Not Cancelled,Normal,0,0,0,1,1,0,Not Cancelled
251029CGSA5XEQ,Batal,2025-10-29 16:45:00,2025-10-29,,,,,,,,,1,0,Pre-Fulfillment,Not Processed,0,0,0,1,1,0,Change Address
251029CGWKFUG9,Selesai,2025-10-29 16:48:00,2025-10-29,2025-10-29 16:48:00,2025-10-30 23:59:00,2025-10-30 14:06:00,2025-11-11 23:06:00,0.0,1278.0,297.0,593.0,0,1,Not Cancelled,Normal,0,0,0,1,1,0,Not Cancelled
251029CHDET103,Selesai,2025-10-29 16:57:00,2025-10-29,2025-10-29 16:57:00,2025-10-30 23:59:00,2025-10-30 14:03:00,2025-11-15 09:28:00,0.0,1266.0,379.4166666666667,596.0,0,1,Not Cancelled,Normal,0,0,0,1,1,0,Not Cancelled
251029CJUFB9P0,Selesai,2025-10-29 17:22:00,2025-10-29,2025-10-29 17:23:00,2025-10-30 23:59:00,2025-10-29 17:23:00,2025-11-07 22:34:00,1.0,1.0,221.18333333333334,1836.0,0,1,Not Cancelled,Normal,0,0,0,1,1,0,Not Cancelled
251029CK2HAMM5,Selesai,2025-10-29 17:26:00,2025-10-29,2025-10-29 17:26:00,2025-10-30 23:59:00,2025-10-30 14:04:00,2025-11-11 09:51:00,0.0,1238.0,283.78333333333336,595.0,0,1,Not Cancelled,Normal,0,0,0,1,1,0,Not Cancelled
251029CKGMEKC7,Selesai,2025-10-29 17:34:00,2025-10-29,2025-10-29 17:34:00,2025-10-30 23:59:00,2025-10-30 17:52:00,2025-11-13 15:31:00,0.0,1458.0,333.65,367.0,0,1,Not Cancelled,Normal,0,0,0,1,1,0,Not Cancelled
251029CKM30UFJ,Selesai,2025-10-29 17:36:00,2025-10-29,2025-10-29 17:36:00,2025-10-30 23:59:00,2025-10-30 14:05:00,2025-11-02 08:47:00,0.0,1229.0,66.7,594.0,0,1,Not Cancelled,Normal,0,0,0,1,1,0,Not Cancelled
251029CM272SYM,Selesai,2025-10-29 17:44:00,2025-10-29,2025-10-29 17:45:00,2025-10-30 23:59:00,2025-10-30 14:02:00,2025-11-08 16:39:00,1.0,1218.0,218.61666666666667,597.0,0,1,Not Cancelled,Normal,0,0,0,1,1,0,Not Cancelled
251029CMB8YTMU,Selesai,2025-10-29 17:49:00,2025-10-29,2025-10-29 17:50:00,2025-10-30 23:59:00,2025-10-30 14:04:00,2025-11-04 09:39:00,1.0,1215.0,115.58333333333333,595.0,0,1,Not Cancelled,Normal,0,0,0,1,1,0,Not Cancelled
251029CNAQ4YQD,Selesai,2025-10-29 18:07:00,2025-10-29,2025-10-29 18:07:00,2025-10-30 23:59:00,2025-10-30 14:03:00,2025-11-11 13:46:00,0.0,1196.0,287.71666666666664,596.0,0,1,Not Cancelled,Normal,0,0,0,1,1,0,Not Cancelled
251029CNG0W1G7,Selesai,2025-10-29 18:10:00,2025-10-29,2025-10-29 18:10:00,2025-10-30 23:59:00,2025-10-30 14:04:00,2025-11-01 14:06:00,0.0,1194.0,48.03333333333333,595.0,0,1,Not Cancelled,Normal,0,0,0,1,1,0,Not Cancelled
251029CPBXF5E2,Batal,2025-10-29 18:25:00,2025-10-29,2025-10-29 18:25:00,2025-10-30 23:59:00,,,0.0,,,,1,0,Pre-Fulfillment,Not Processed,0,0,0,1,1,0,Change Order
251029CPHW5UJF,Selesai,2025-10-29 18:29:00,2025-10-29,2025-10-29 18:29:00,2025-10-30 23:59:00,2025-10-30 14:05:00,2025-11-18 15:44:00,0.0,1176.0,457.65,594.0,0,1,Not Cancelled,Normal,0,0,0,1,1,0,Not Cancelled
251029CQ6YDN5J,Selesai,2025-10-29 18:40:00,2025-10-29,2025-10-29 18:40:00,2025-10-30 23:59:00,2025-10-30 14:06:00,2025-11-11 01:53:00,0.0,1166.0,275.78333333333336,593.0,0,1,Not Cancelled,Normal,0,0,0,1,1,0,Not Cancelled
251029CQ91A6A0,Selesai,2025-10-29 18:41:00,2025-10-29,2025-10-29 18:42:00,2025-10-30 23:59:00,2025-10-30 17:52:00,2025-11-12 16:53:00,1.0,1391.0,311.01666666666665,367.0,0,1,Not Cancelled,Normal,0,0,0,1,1,0,Not Cancelled
251029CQJP8QEV,Selesai,2025-10-29 18:47:00,2025-10-29,2025-10-29 18:47:00,2025-10-30 23:59:00,2025-10-29 18:47:00,2025-11-06 21:23:00,0.0,0.0,194.6,1752.0,0,1,Not Cancelled,Normal,0,0,0,1,1,0,Not Cancelled
251029CQW15BJ1,Selesai,2025-10-29 18:53:00,2025-10-29,2025-10-29 18:53:00,2025-10-30 23:59:00,2025-10-30 14:03:00,2025-11-10 15:47:00,0.0,1150.0,265.73333333333335,596.0,0,1,Not Cancelled,Normal,0,0,0,1,1,0,Not Cancelled
251029CRUU9G6D,Selesai,2025-10-29 19:10:00,2025-10-29,2025-10-29 19:10:00,2025-10-30 23:59:00,2025-10-30 14:02:00,2025-11-02 19:13:00,0.0,1132.0,77.18333333333334,597.0,0,1,Not Cancelled,Normal,0,0,0,1,1,0,Not Cancelled
251029CSKBQNH8,Selesai,2025-10-29 19:23:00,2025-10-29,2025-10-29 19:23:00,2025-10-30 23:59:00,2025-10-30 14:05:00,2025-11-05 20:31:00,0.0,1122.0,150.43333333333334,594.0,0,1,Not Cancelled,Normal,0,0,0,1,1,0,Not Cancelled
251029CTW2USPD,Selesai,2025-10-29 19:46:00,2025-10-29,2025-10-29 19:46:00,2025-10-30 23:59:00,2025-10-30 14:03:00,2025-11-03 21:32:00,0.0,1097.0,103.48333333333333,596.0,0,1,Not Cancelled,Normal,0,0,0,1,1,0,Not Cancelled
251029CTWUNBKK,Selesai,2025-10-29 19:47:00,2025-10-29,2025-10-29 19:47:00,2025-10-30 23:59:00,2025-10-30 17:55:00,2025-11-04 14:27:00,0.0,1328.0,116.53333333333333,364.0,0,1,Not Cancelled,Normal,0,0,0,1,1,0,Not Cancelled
251029CVCF7P1P,Selesai,2025-10-29 20:13:00,2025-10-29,2025-10-29 20:13:00,2025-10-30 23:59:00,2025-10-30 14:03:00,2025-11-02 18:30:00,0.0,1070.0,76.45,596.0,0,1,Not Cancelled,Normal,0,0,0,1,1,0,Not Cancelled
251029CWX08PJN,Selesai,2025-10-29 20:41:00,2025-10-29,2025-10-29 20:41:00,2025-10-30 23:59:00,2025-10-30 14:02:00,2025-11-08 14:43:00,0.0,1041.0,216.68333333333334,597.0,0,1,Not Cancelled,Normal,0,0,0,1,1,0,Not Cancelled
251029CWXCKYGE,Selesai,2025-10-29 20:41:00,2025-10-29,2025-10-29 20:41:00,2025-10-30 23:59:00,2025-10-30 14:03:00,2025-10-31 20:48:00,0.0,1042.0,30.75,596.0,0,1,Not Cancelled,Normal,0,0,0,1,1,0,Not Cancelled
251029CXVFSPHK,Selesai,2025-10-29 20:58:00,2025-10-29,2025-10-29 20:58:00,2025-10-30 23:59:00,2025-10-30 14:02:00,2025-11-09 19:19:00,0.0,1024.0,245.28333333333333,597.0,0,1,Not Cancelled,Normal,0,0,0,1,1,0,Not Cancelled
251029CYK6HYQ0,Selesai,2025-10-29 21:10:00,2025-10-29,2025-10-29 21:10:00,2025-10-30 23:59:00,2025-10-30 14:03:00,2025-11-04 01:41:00,0.0,1013.0,107.63333333333334,596.0,0,1,Not Cancelled,Normal,0,0,0,1,1,0,Not Cancelled
251029D0F8VV65,Selesai,2025-10-29 21:26:00,2025-10-29,2025-10-29 21:26:00,2025-10-30 23:59:00,2025-10-30 14:05:00,2025-11-03 23:32:00,0.0,999.0,105.45,594.0,0,1,Not Cancelled,Normal,0,0,0,1,1,0,Not Cancelled
251029D1FY16AN,Selesai,2025-10-29 21:44:00,2025-10-29,2025-10-29 21:45:00,2025-10-30 23:59:00,2025-10-30 14:04:00,2025-11-09 15:03:00,1.0,980.0,240.98333333333332,595.0,0,1,Not Cancelled,Normal,0,0,0,1,1,0,Not Cancelled
251029D1JADFCF,Selesai,2025-10-29 21:46:00,2025-10-29,2025-10-29 21:47:00,2025-10-30 23:59:00,2025-10-30 14:04:00,2025-11-02 12:27:00,1.0,978.0,70.38333333333334,595.0,0,1,Not Cancelled,Normal,0,0,0,1,1,0,Not Cancelled
251029D1W6F9SV,Selesai,2025-10-29 21:52:00,2025-10-29,2025-10-29 21:52:00,2025-10-30 23:59:00,2025-10-30 17:52:00,2025-11-08 18:56:00,0.0,1200.0,217.06666666666666,367.0,0,1,Not Cancelled,Normal,0,0,0,1,1,0,Not Cancelled
251029D2DJ28R0,Selesai,2025-10-29 22:01:00,2025-10-29,2025-10-29 22:01:00,2025-10-30 23:59:00,2025-10-30 14:05:00,2025-11-10 11:05:00,0.0,964.0,261.0,594.0,0,1,Not Cancelled,Normal,0,0,0,1,1,0,Not Cancelled
251029D3FRW6KQ,Selesai,2025-10-29 22:20:00,2025-10-29,2025-10-29 22:21:00,2025-10-30 23:59:00,2025-10-30 14:02:00,2025-11-10 09:56:00,1.0,942.0,259.9,597.0,0,1,Not Cancelled,Normal,0,0,0,1,1,0,Not Cancelled
251029D456KE6H,Batal,2025-10-29 22:32:00,2025-10-29,2025-10-29 22:32:00,2025-10-30 23:59:00,,,0.0,,,,1,0,Pre-Fulfillment,Not Processed,0,0,0,1,1,0,Change Address
251029D4FBS5RV,Selesai,2025-10-29 22:38:00,2025-10-29,2025-10-29 22:38:00,2025-10-30 23:59:00,2025-10-30 14:03:00,2025-11-05 12:41:00,0.0,925.0,142.63333333333333,596.0,0,1,Not Cancelled,Normal,0,0,0,1,1,0,Not Cancelled
251029D565CUXH,Selesai,2025-10-29 22:50:00,2025-10-29,2025-10-29 22:51:00,2025-10-30 23:59:00,2025-10-29 22:51:00,2025-11-09 19:31:00,1.0,1.0,260.6666666666667,1508.0,0,1,Not Cancelled,Normal,0,0,0,1,1,0,Not Cancelled
251029D5E8RYHU,Selesai,2025-10-29 22:55:00,2025-10-29,2025-10-29 22:55:00,2025-10-30 23:59:00,2025-10-30 17:53:00,2025-10-31 23:31:00,0.0,1138.0,29.633333333333333,366.0,0,1,Not Cancelled,Normal,0,0,0,1,1,0,Not Cancelled
251030D6EDR47A,Selesai,2025-10-29 23:13:00,2025-10-29,2025-10-29 23:13:00,2025-10-30 23:59:00,2025-10-30 14:05:00,2025-11-05 18:15:00,0.0,892.0,148.16666666666666,594.0,0,1,Not Cancelled,Normal,0,0,0,1,1,0,Not Cancelled
251030D7XC87TX,Selesai,2025-10-29 23:40:00,2025-10-29,2025-10-29 23:40:00,2025-10-30 23:59:00,2025-10-30 14:03:00,2025-11-08 11:44:00,0.0,863.0,213.68333333333334,596.0,0,1,Not Cancelled,Normal,0,0,0,2,2,0,Not Cancelled
251030D805FM77,Selesai,2025-10-29 23:41:00,2025-10-29,2025-10-29 23:41:00,2025-10-30 23:59:00,2025-10-29 23:41:00,2025-11-10 20:24:00,0.0,0.0,284.71666666666664,1458.0,0,1,Not Cancelled,Normal,0,0,0,1,1,0,Not Cancelled
251030D8285CUJ,Selesai,2025-10-29 23:42:00,2025-10-29,2025-10-30 01:04:00,2025-10-30 23:59:00,2025-10-30 01:04:00,2025-11-03 18:40:00,82.0,82.0,113.6,1375.0,0,1,Not Cancelled,Normal,0,0,0,1,1,0,Not Cancelled
251030D83N1R6S,Batal,2025-10-29 23:43:00,2025-10-29,2025-10-29 23:43:00,2025-10-30 23:59:00,,,0.0,,,,1,0,Pre-Fulfillment,Not Processed,0,0,0,1,1,0,Other
251030D84HMSY7,Selesai,2025-10-29 23:43:00,2025-10-29,2025-10-29 23:43:00,2025-10-30 23:59:00,2025-10-30 14:04:00,2025-11-09 18:54:00,0.0,861.0,244.83333333333334,595.0,0,1,Not Cancelled,Normal,0,0,0,1,1,0,Not Cancelled
251030D92SKFMS,Selesai,2025-10-30 00:00:00,2025-10-30,2025-10-30 00:00:00,2025-10-30 23:59:00,2025-10-30 14:03:00,2025-11-05 20:05:00,0.0,843.0,150.03333333333333,596.0,0,1,Not Cancelled,Normal,0,0,0,1,1,0,Not Cancelled
251030D9GFBE48,Selesai,2025-10-30 00:08:00,2025-10-30,2025-10-30 00:08:00,2025-10-30 23:59:00,2025-10-30 14:05:00,2025-11-17 09:38:00,0.0,837.0,427.55,594.0,0,1,Not Cancelled,Normal,0,0,0,1,1,0,Not Cancelled
251030DCQBEEU3,Batal,2025-10-30 01:05:00,2025-10-30,2025-10-30 01:05:00,2025-10-30 23:59:00,,,0.0,,,,1,0,Pre-Fulfillment,Not Processed,0,0,0,1,1,0,Other
251030DD3YS8JP,Selesai,2025-10-30 01:12:00,2025-10-30,2025-10-30 01:12:00,2025-10-30 23:59:00,2025-10-30 14:03:00,2025-11-10 17:33:00,0.0,771.0,267.5,596.0,0,1,Not Cancelled,Normal,0,0,0,1,1,0,Not Cancelled
251030DFHAKWX6,Batal,2025-10-30 01:56:00,2025-10-30,2025-10-30 01:56:00,2025-10-30 23:59:00,,,0.0,,,,1,0,Pre-Fulfillment,Not Processed,0,0,0,1,1,0,Other
251030DHECMBM3,Selesai,2025-10-30 02:30:00,2025-10-30,2025-10-30 02:30:00,2025-10-30 23:59:00,2025-10-30 14:02:00,2025-11-02 20:41:00,0.0,692.0,78.65,597.0,0,1,Not Cancelled,Normal,0,0,0,1,1,0,Not Cancelled
251030DKHDFS3U,Selesai,2025-10-30 03:07:00,2025-10-30,2025-10-30 03:07:00,2025-10-30 23:59:00,2025-10-30 14:05:00,2025-11-13 16:30:00,0.0,658.0,338.4166666666667,594.0,0,1,Not Cancelled,Normal,0,0,0,1,1,0,Not Cancelled
251030DPFVJF6T,Selesai,2025-10-30 04:00:00,2025-10-30,2025-10-30 04:00:00,2025-10-30 23:59:00,2025-10-30 14:03:00,2025-11-05 07:25:00,0.0,603.0,137.36666666666667,596.0,0,1,Not Cancelled,Normal,0,0,0,1,1,0,Not Cancelled
251030DQ57F6BK,Selesai,2025-10-30 04:12:00,2025-10-30,2025-10-30 04:12:00,2025-10-30 23:59:00,2025-10-30 04:12:00,2025-11-08 19:18:00,0.0,0.0,231.1,1187.0,0,1,Not Cancelled,Normal,0,0,0,1,1,0,Not Cancelled
251030DSNRAGGB,Selesai,2025-10-30 04:57:00,2025-10-30,2025-10-30 04:57:00,2025-10-30 23:59:00,2025-10-30 04:57:00,2025-11-07 16:31:00,0.0,0.0,203.56666666666666,1142.0,0,1,Not Cancelled,Normal,0,0,0,1,1,0,Not Cancelled
251030DSVSBWF3,Selesai,2025-10-30 05:01:00,2025-10-30,2025-10-30 05:02:00,2025-10-30 23:59:00,2025-10-30 14:03:00,2025-11-03 15:24:00,1.0,542.0,97.35,596.0,0,1,Not Cancelled,Normal,0,0,0,1,1,0,Not Cancelled
251030DTUJF7VW,Selesai,2025-10-30 05:18:00,2025-10-30,2025-10-30 05:19:00,2025-10-30 23:59:00,2025-10-30 05:19:00,2025-11-01 13:14:00,1.0,1.0,55.916666666666664,1120.0,0,1,Not Cancelled,Normal,0,0,0,1,1,0,Not Cancelled
251030DU4KE6AH,Selesai,2025-10-30 05:23:00,2025-10-30,2025-10-30 05:23:00,2025-10-30 23:59:00,2025-10-30 14:05:00,2025-11-08 17:36:00,0.0,522.0,219.51666666666668,594.0,0,1,Not Cancelled,Normal,0,0,0,1,1,0,Not Cancelled
251030DUCQREX1,Batal,2025-10-30 05:28:00,2025-10-30,,,,,,,,,1,0,Pre-Fulfillment,Not Processed,0,0,0,1,1,0,Unpaid Order
251030DVC6UGFX,Selesai,2025-10-30 05:46:00,2025-10-30,2025-10-30 05:46:00,2025-10-30 23:59:00,2025-10-30 14:04:00,2025-11-11 17:55:00,0.0,498.0,291.85,595.0,0,1,Not Cancelled,Normal,0,0,0,1,1,0,Not Cancelled
251030DVKATB5K,Selesai,2025-10-30 05:49:00,2025-10-30,2025-10-30 05:49:00,2025-10-30 23:59:00,2025-10-30 14:04:00,2025-11-09 20:27:00,0.0,495.0,246.38333333333333,595.0,0,1,Not Cancelled,Normal,0,0,0,1,1,0,Not Cancelled
251030DW4TM4DN,Selesai,2025-10-30 05:59:00,2025-10-30,2025-10-30 05:59:00,2025-10-30 23:59:00,2025-10-30 14:05:00,2025-11-03 22:29:00,0.0,486.0,104.4,594.0,0,1,Not Cancelled,Normal,0,0,0,1,1,0,Not Cancelled
251030DWVGS08H,Selesai,2025-10-30 06:12:00,2025-10-30,2025-10-30 06:13:00,2025-10-30 23:59:00,2025-10-30 14:04:00,2025-11-05 04:10:00,1.0,472.0,134.1,595.0,0,1,Not Cancelled,Normal,0,0,0,1,1,0,Not Cancelled
251030DX10SMY2,Selesai,2025-10-30 06:15:00,2025-10-30,2025-10-30 06:17:00,2025-10-30 23:59:00,2025-10-30 14:04:00,2025-11-08 16:10:00,2.0,469.0,218.1,595.0,0,1,Not Cancelled,Normal,0,0,0,2,2,0,Not Cancelled
251030DX8PUJXR,Selesai,2025-10-30 06:19:00,2025-10-30,2025-10-30 06:19:00,2025-10-30 23:59:00,2025-10-30 14:04:00,2025-11-10 17:21:00,0.0,465.0,267.28333333333336,595.0,0,1,Not Cancelled,Normal,0,0,0,1,1,0,Not Cancelled
251030DY9SEAN9,Selesai,2025-10-30 06:38:00,2025-10-30,2025-10-30 06:38:00,2025-10-30 23:59:00,2025-10-30 14:03:00,2025-11-07 10:22:00,0.0,445.0,188.31666666666666,596.0,0,1,Not Cancelled,Normal,0,0,0,1,1,0,Not Cancelled
251030E0V70UWW,Selesai,2025-10-30 07:06:00,2025-10-30,2025-10-30 07:06:00,2025-10-30 23:59:00,2025-10-30 14:04:00,2025-11-14 21:30:00,0.0,418.0,367.43333333333334,595.0,0,1,Not Cancelled,Normal,0,0,0,1,1,0,Not Cancelled
251030E3A4VPTF,Selesai,2025-10-30 07:49:00,2025-10-30,2025-10-30 07:50:00,2025-10-30 23:59:00,2025-10-30 14:04:00,2025-11-07 20:01:00,1.0,375.0,197.95,595.0,0,1,Not Cancelled,Normal,0,0,0,1,1,0,Not Cancelled
251030E3MCY4G1,Selesai,2025-10-30 07:55:00,2025-10-30,2025-10-30 07:55:00,2025-10-30 23:59:00,2025-10-30 14:05:00,2025-11-08 12:15:00,0.0,370.0,214.16666666666666,594.0,0,1,Not Cancelled,Normal,0,0,0,1,1,0,Not Cancelled
251030E5HSGERW,Selesai,2025-10-30 08:30:00,2025-10-30,2025-10-30 08:30:00,2025-10-30 23:59:00,2025-10-30 14:02:00,2025-11-10 21:16:00,0.0,332.0,271.23333333333335,597.0,0,1,Not Cancelled,Normal,0,0,0,2,1,0,Not Cancelled
251030E5MN49BW,Selesai,2025-10-30 08:31:00,2025-10-30,2025-10-30 08:31:00,2025-10-30 23:59:00,2025-10-30 14:04:00,2025-11-02 15:10:00,0.0,333.0,73.1,595.0,0,1,Not Cancelled,Normal,0,0,0,1,1,0,Not Cancelled
251030E7EDAPPG,Selesai,2025-10-30 09:03:00,2025-10-30,2025-10-30 09:03:00,2025-10-30 23:59:00,2025-10-30 14:04:00,2025-11-15 09:09:00,0.0,301.0,379.0833333333333,595.0,0,1,Not Cancelled,Normal,0,0,0,1,1,0,Not Cancelled
251030E7RNAT3R,Selesai,2025-10-30 09:09:00,2025-10-30,2025-10-30 09:10:00,2025-10-30 23:59:00,2025-10-30 14:06:00,2025-10-31 20:42:00,1.0,297.0,30.6,593.0,0,1,Not Cancelled,Normal,0,0,0,1,1,0,Not Cancelled
251030E8P6ES09,Selesai,2025-10-30 09:26:00,2025-10-30,2025-10-30 09:26:00,2025-10-30 23:59:00,2025-10-30 09:26:00,2025-11-04 01:44:00,0.0,0.0,112.3,873.0,0,1,Not Cancelled,Normal,0,0,0,1,1,0,Not Cancelled
251030EB5BEK9U,Selesai,2025-10-30 10:10:00,2025-10-30,2025-10-30 10:10:00,2025-10-30 23:59:00,2025-10-30 14:03:00,2025-11-01 20:25:00,0.0,233.0,54.36666666666667,596.0,0,1,Not Cancelled,Normal,0,0,0,1,1,0,Not Cancelled
251030EBKN78MK,Selesai,2025-10-30 10:18:00,2025-10-30,2025-10-30 10:18:00,2025-10-30 23:59:00,2025-10-30 15:45:00,2025-11-04 15:24:00,0.0,327.0,119.65,494.0,0,1,Not Cancelled,Normal,0,0,0,1,1,0,Not Cancelled
251030EC0YFVDX,Selesai,2025-10-30 10:25:00,2025-10-30,2025-10-30 10:26:00,2025-10-30 23:59:00,2025-10-30 14:05:00,2025-11-05 16:40:00,1.0,220.0,146.58333333333334,594.0,0,1,Not Cancelled,Normal,0,0,0,1,1,0,Not Cancelled
251030ECNQ8N39,Selesai,2025-10-30 10:37:00,2025-10-30,2025-10-30 10:37:00,2025-10-30 23:59:00,2025-10-30 14:05:00,2025-11-02 16:16:00,0.0,208.0,74.18333333333334,594.0,0,1,Not Cancelled,Normal,0,0,0,1,1,0,Not Cancelled
251030ECTT9P9K,Batal,2025-10-30 10:40:00,2025-10-30,2025-10-30 10:40:00,2025-10-30 23:59:00,,,0.0,,,,1,0,Pre-Fulfillment,Not Processed,0,0,0,1,1,0,Other
251030ED5W3CDR,Selesai,2025-10-30 10:46:00,2025-10-30,2025-10-30 10:46:00,2025-10-30 23:59:00,2025-10-30 14:04:00,2025-11-10 14:11:00,0.0,198.0,264.1166666666667,595.0,0,1,Not Cancelled,Normal,0,0,0,1,1,0,Not Cancelled
251030EDQ3B1WU,Selesai,2025-10-30 10:56:00,2025-10-30,2025-10-30 10:56:00,2025-10-30 23:59:00,2025-10-30 10:56:00,2025-11-02 15:44:00,0.0,0.0,76.8,783.0,0,1,Not Cancelled,Normal,0,0,0,1,1,0,Not Cancelled
251030EDR4R5GV,Selesai,2025-10-30 10:56:00,2025-10-30,2025-10-30 10:56:00,2025-10-30 23:59:00,2025-10-30 14:06:00,2025-11-06 18:28:00,0.0,190.0,172.36666666666667,593.0,0,1,Not Cancelled,Normal,0,0,0,1,1,0,Not Cancelled
251030EE65W32Q,Selesai,2025-10-30 11:04:00,2025-10-30,2025-10-30 11:04:00,2025-10-30 23:59:00,2025-10-30 14:04:00,2025-11-19 05:28:00,0.0,180.0,471.4,595.0,0,1,Not Cancelled,Normal,0,0,0,2,2,0,Not Cancelled
251030EETFBC65,Selesai,2025-10-30 11:15:00,2025-10-30,2025-10-30 11:16:00,2025-10-30 23:59:00,2025-10-30 14:05:00,2025-11-04 00:35:00,1.0,170.0,106.5,594.0,0,1,Not Cancelled,Normal,0,0,0,1,1,0,Not Cancelled
251030EFE6N0A7,Selesai,2025-10-30 11:26:00,2025-10-30,2025-10-30 11:27:00,2025-10-30 23:59:00,2025-10-30 14:05:00,2025-11-02 11:25:00,1.0,159.0,69.33333333333333,594.0,0,1,Not Cancelled,Normal,0,0,0,1,1,0,Not Cancelled
251030EFFV4NKD,Selesai,2025-10-30 11:27:00,2025-10-30,2025-10-30 11:31:00,2025-10-30 23:59:00,2025-10-30 15:45:00,2025-11-08 19:30:00,4.0,258.0,219.75,494.0,0,1,Not Cancelled,Normal,0,0,0,2,1,0,Not Cancelled
251030EH0BPBBQ,Selesai,2025-10-30 11:55:00,2025-10-30,2025-10-30 11:55:00,2025-10-30 23:59:00,2025-10-30 14:05:00,2025-11-10 10:59:00,0.0,130.0,260.9,594.0,0,1,Not Cancelled,Normal,0,0,0,1,1,0,Not Cancelled
251030EJRHEDV9,Selesai,2025-10-30 12:26:00,2025-10-30,2025-10-30 12:26:00,2025-10-31 23:59:00,2025-10-30 14:05:00,2025-11-09 13:18:00,0.0,99.0,239.21666666666667,2034.0,0,1,Not Cancelled,Normal,0,0,0,1,1,0,Not Cancelled
251030EM3710KY,Selesai,2025-10-30 12:50:00,2025-10-30,2025-10-30 12:50:00,2025-10-31 23:59:00,2025-10-30 14:05:00,2025-11-18 20:17:00,0.0,75.0,462.2,2034.0,0,1,Not Cancelled,Normal,0,0,0,1,1,0,Not Cancelled
251030EM3BTT7W,Selesai,2025-10-30 12:50:00,2025-10-30,2025-10-30 12:50:00,2025-10-31 23:59:00,2025-10-30 17:52:00,2025-11-03 19:15:00,0.0,302.0,97.38333333333334,1807.0,0,1,Not Cancelled,Normal,0,0,0,2,2,0,Not Cancelled
251030EMGFE5A9,Selesai,2025-10-30 12:57:00,2025-10-30,2025-10-30 12:57:00,2025-10-31 23:59:00,2025-10-30 14:04:00,2025-11-09 17:31:00,0.0,67.0,243.45,2035.0,0,1,Not Cancelled,Normal,0,0,0,1,1,0,Not Cancelled
251030EMJSU1DV,Selesai,2025-10-30 12:59:00,2025-10-30,2025-10-30 12:59:00,2025-10-31 23:59:00,2025-10-30 14:04:00,2025-11-03 16:48:00,0.0,65.0,98.73333333333333,2035.0,0,1,Not Cancelled,Normal,0,0,0,1,1,0,Not Cancelled
251030EMTJSC1N,Selesai,2025-10-30 13:03:00,2025-10-30,2025-10-30 13:03:00,2025-10-31 23:59:00,2025-10-30 14:06:00,2025-11-02 12:51:00,0.0,63.0,70.75,2033.0,0,1,Not Cancelled,Normal,0,0,0,1,1,0,Not Cancelled
251030EN0YRSCM,Batal,2025-10-30 13:06:00,2025-10-30,,,,,,,,,1,0,Pre-Fulfillment,Not Processed,0,0,0,1,1,0,Payment Difficulty
251030EN2TUY3M,Selesai,2025-10-30 13:08:00,2025-10-30,2025-10-30 13:08:00,2025-10-31 23:59:00,2025-10-31 18:42:00,2025-11-07 11:49:00,0.0,1774.0,161.11666666666667,317.0,0,1,Not Cancelled,Normal,0,0,0,1,1,0,Not Cancelled
251030EN3PKSMG,Selesai,2025-10-30 13:08:00,2025-10-30,2025-10-30 13:09:00,2025-10-31 23:59:00,2025-10-31 15:08:00,2025-11-04 03:06:00,1.0,1560.0,83.96666666666667,531.0,0,1,Not Cancelled,Normal,0,0,0,1,1,0,Not Cancelled
251030ENJ7X0Q5,Selesai,2025-10-30 13:16:00,2025-10-30,2025-10-30 13:16:00,2025-10-31 23:59:00,2025-10-30 13:16:00,2025-11-04 15:04:00,0.0,0.0,121.8,2083.0,0,1,Not Cancelled,Normal,0,0,0,1,1,0,Not Cancelled
251030EP2JHY9D,Selesai,2025-10-30 13:25:00,2025-10-30,2025-10-30 13:25:00,2025-10-31 23:59:00,2025-10-31 18:42:00,2025-11-09 13:18:00,0.0,1757.0,210.6,317.0,0,1,Not Cancelled,Normal,0,0,0,1,1,0,Not Cancelled
251030EPUW6JWQ,Selesai,2025-10-30 13:39:00,2025-10-30,2025-10-30 13:40:00,2025-10-31 23:59:00,2025-10-31 18:43:00,2025-11-10 17:36:00,1.0,1744.0,238.88333333333333,316.0,0,1,Not Cancelled,Normal,0,0,0,1,1,0,Not Cancelled
251030EQM7BMUX,Selesai,2025-10-30 13:53:00,2025-10-30,2025-10-30 13:53:00,2025-10-31 23:59:00,2025-10-31 18:43:00,2025-11-04 18:43:00,0.0,1730.0,96.0,316.0,0,1,Not Cancelled,Normal,0,0,0,1,1,0,Not Cancelled
251030ES64U9X4,Selesai,2025-10-30 14:21:00,2025-10-30,2025-10-30 14:21:00,2025-10-31 23:59:00,2025-10-30 14:21:00,2025-11-05 03:44:00,0.0,0.0,133.38333333333333,2018.0,0,1,Not Cancelled,Normal,0,0,0,1,1,0,Not Cancelled
251030ESQDYH7F,Selesai,2025-10-30 14:31:00,2025-10-30,2025-10-30 14:31:00,2025-10-31 23:59:00,2025-10-31 18:42:00,2025-11-04 09:50:00,0.0,1691.0,87.13333333333334,317.0,0,1,Not Cancelled,Normal,0,0,0,1,1,0,Not Cancelled
251030ET02F007,Selesai,2025-10-30 14:36:00,2025-10-30,2025-10-30 14:37:00,2025-10-31 23:59:00,2025-10-31 18:43:00,2025-11-06 05:12:00,1.0,1687.0,130.48333333333332,316.0,0,1,Not Cancelled,Normal,0,0,0,1,1,0,Not Cancelled
251030EUKP7WG9,Batal,2025-10-30 15:04:00,2025-10-30,,,,,,,,,1,0,Pre-Fulfillment,Not Processed,0,0,0,1,1,0,Unpaid Order
251030EVB8N58C,Selesai,2025-10-30 15:17:00,2025-10-30,2025-10-30 15:18:00,2025-10-31 23:59:00,2025-10-31 18:41:00,2025-11-12 00:19:00,1.0,1644.0,269.6333333333333,318.0,0,1,Not Cancelled,Normal,0,0,0,1,1,0,Not Cancelled
251030EXF6XHVF,Selesai,2025-10-30 15:55:00,2025-10-30,2025-10-30 15:56:00,2025-10-31 23:59:00,2025-10-31 18:43:00,2025-11-02 17:01:00,1.0,1608.0,46.3,316.0,0,1,Not Cancelled,Normal,0,0,0,1,1,0,Not Cancelled
251030EXPEQ8DM,Selesai,2025-10-30 16:00:00,2025-10-30,2025-10-30 16:00:00,2025-10-31 23:59:00,2025-10-31 18:42:00,2025-11-14 15:21:00,0.0,1602.0,332.65,317.0,0,1,Not Cancelled,Normal,0,0,0,1,1,0,Not Cancelled
251030EXT8U9ND,Selesai,2025-10-30 16:02:00,2025-10-30,2025-10-30 16:02:00,2025-10-31 23:59:00,2025-10-31 18:42:00,2025-11-02 14:51:00,0.0,1600.0,44.15,317.0,0,1,Not Cancelled,Normal,0,0,0,1,1,0,Not Cancelled
251030EYMWC5QF,Selesai,2025-10-30 16:17:00,2025-10-30,2025-10-30 16:17:00,2025-10-31 23:59:00,2025-10-31 18:45:00,2025-11-01 21:56:00,0.0,1588.0,27.183333333333334,314.0,0,1,Not Cancelled,Normal,0,0,0,1,1,0,Not Cancelled
251030F25MVMTU,Selesai,2025-10-30 17:02:00,2025-10-30,2025-10-30 17:02:00,2025-10-31 23:59:00,2025-10-31 18:41:00,2025-11-10 11:51:00,0.0,1539.0,233.16666666666666,318.0,0,1,Not Cancelled,Normal,0,0,0,1,1,0,Not Cancelled
251030F2R27YQN,Selesai,2025-10-30 17:12:00,2025-10-30,2025-10-30 17:12:00,2025-10-31 23:59:00,2025-10-31 18:45:00,2025-11-10 22:16:00,0.0,1533.0,243.51666666666668,314.0,0,1,Not Cancelled,Normal,0,0,0,1,1,0,Not Cancelled
251030F3C6YRGE,Selesai,2025-10-30 17:23:00,2025-10-30,2025-10-30 18:13:00,2025-10-31 23:59:00,2025-10-31 18:44:00,2025-11-16 14:13:00,50.0,1521.0,379.48333333333335,315.0,0,1,Not Cancelled,Normal,0,0,0,1,1,0,Not Cancelled
251030F3KKGBMS,Selesai,2025-10-30 17:27:00,2025-10-30,2025-10-30 17:27:00,2025-10-31 23:59:00,2025-10-31 18:44:00,2025-11-09 19:12:00,0.0,1517.0,216.46666666666667,315.0,0,1,Not Cancelled,Normal,0,0,0,1,1,0,Not Cancelled
251030F43BXMP0,Selesai,2025-10-30 17:36:00,2025-10-30,2025-10-30 17:36:00,2025-10-31 23:59:00,2025-10-31 18:43:00,2025-11-10 13:44:00,0.0,1507.0,235.01666666666668,316.0,0,1,Not Cancelled,Normal,0,0,0,1,1,0,Not Cancelled
251030F43QDXR0,Selesai,2025-10-30 17:36:00,2025-10-30,2025-10-30 17:37:00,2025-10-31 23:59:00,2025-10-31 18:43:00,2025-11-14 15:21:00,1.0,1507.0,332.6333333333333,316.0,0,1,Not Cancelled,Normal,0,0,0,1,1,0,Not Cancelled
251030F5HPXX1P,Selesai,2025-10-30 18:02:00,2025-10-30,2025-10-30 18:02:00,2025-10-31 23:59:00,2025-10-30 18:02:00,2025-11-10 19:35:00,0.0,0.0,265.55,1797.0,0,1,Not Cancelled,Normal,0,0,0,1,1,0,Not Cancelled
251030F5JFR9FE,Selesai,2025-10-30 18:03:00,2025-10-30,2025-10-30 18:03:00,2025-10-31 23:59:00,2025-10-31 18:41:00,2025-11-04 10:51:00,0.0,1478.0,88.16666666666667,318.0,0,1,Not Cancelled,Normal,0,0,0,1,1,0,Not Cancelled
251030F5XRNNFX,Selesai,2025-10-30 18:09:00,2025-10-30,2025-10-30 18:09:00,2025-10-31 23:59:00,2025-10-31 18:45:00,2025-11-11 11:17:00,0.0,1476.0,256.53333333333336,314.0,0,1,Not Cancelled,Normal,0,0,0,1,1,0,Not Cancelled
251030F75TVGRY,Selesai,2025-10-30 18:31:00,2025-10-30,2025-10-30 18:31:00,2025-10-31 23:59:00,2025-10-31 18:42:00,2025-11-06 00:57:00,0.0,1451.0,126.25,317.0,0,1,Not Cancelled,Normal,0,0,0,1,1,0,Not Cancelled
251030F7NN9FXD,Batal,2025-10-30 18:40:00,2025-10-30,2025-10-30 18:40:00,2025-10-31 23:59:00,2025-10-31 18:43:00,,0.0,1443.0,,316.0,1,1,Post-Fulfillment Initiation,Normal,0,0,0,1,1,0,Delivery Failed
251030F8H7FYT7,Selesai,2025-10-30 18:56:00,2025-10-30,2025-10-30 18:56:00,2025-10-31 23:59:00,2025-10-31 18:44:00,2025-11-10 23:21:00,0.0,1428.0,244.61666666666667,315.0,0,1,Not Cancelled,Normal,0,0,0,1,1,0,Not Cancelled
251030F8QGNJWE,Selesai,2025-10-30 18:59:00,2025-10-30,2025-10-30 18:59:00,2025-10-31 23:59:00,2025-10-31 18:43:00,2025-11-03 11:41:00,0.0,1424.0,64.96666666666667,316.0,0,1,Not Cancelled,Normal,0,0,0,1,1,0,Not Cancelled
251030F93UG8A4,Batal,2025-10-30 19:06:00,2025-10-30,2025-10-30 19:06:00,2025-10-31 23:59:00,,,0.0,,,,1,0,Pre-Fulfillment,Not Processed,0,0,0,1,1,0,Change Order
251030F9GHSU0C,Selesai,2025-10-30 19:13:00,2025-10-30,2025-10-30 19:13:00,2025-10-31 23:59:00,2025-10-31 18:45:00,2025-11-08 18:58:00,0.0,1412.0,192.21666666666667,314.0,0,1,Not Cancelled,Normal,0,0,0,1,1,0,Not Cancelled
251030F9J82XKB,Selesai,2025-10-30 19:14:00,2025-10-30,2025-10-30 19:14:00,2025-10-31 23:59:00,2025-10-31 18:43:00,2025-11-04 20:33:00,0.0,1409.0,97.83333333333333,316.0,0,1,Not Cancelled,Normal,0,0,0,1,1,0,Not Cancelled
251030F9MU3YCU,Batal,2025-10-30 19:15:00,2025-10-30,2025-10-30 19:16:00,2025-10-31 23:59:00,,,1.0,,,,1,0,Pre-Fulfillment,Not Processed,0,0,0,1,1,0,Other
251030F9WAW5YP,Batal,2025-10-30 19:20:00,2025-10-30,2025-10-30 19:20:00,2025-10-31 23:59:00,,,0.0,,,,1,0,Pre-Fulfillment,Not Processed,0,0,0,1,1,0,Change Order
251030FA43AG0A,Batal,2025-10-30 19:24:00,2025-10-30,,,,,,,,,1,0,Pre-Fulfillment,Not Processed,0,0,0,1,1,0,Unpaid Order
251030FAAHBT5K,Selesai,2025-10-30 19:28:00,2025-10-30,2025-10-30 19:28:00,2025-10-31 23:59:00,2025-10-31 18:44:00,2025-11-12 16:44:00,0.0,1396.0,286.0,315.0,0,1,Not Cancelled,Normal,0,0,0,1,1,0,Not Cancelled
251030FBXJEJSS,Batal,2025-10-30 19:57:00,2025-10-30,2025-10-30 19:57:00,2025-10-31 23:59:00,,,0.0,,,,1,0,Pre-Fulfillment,Not Processed,0,0,0,1,1,0,Change Address
251030FCGQ87G7,Batal,2025-10-30 20:07:00,2025-10-30,2025-10-30 20:08:00,2025-10-31 23:59:00,,,1.0,,,,1,0,Pre-Fulfillment,Not Processed,0,0,0,1,1,0,Other
251030FD9A0NGV,Selesai,2025-10-30 20:21:00,2025-10-30,2025-10-30 20:21:00,2025-10-31 23:59:00,2025-10-31 18:46:00,2025-11-06 14:54:00,0.0,1345.0,140.13333333333333,313.0,0,1,Not Cancelled,Normal,0,0,0,1,1,0,Not Cancelled
251030FDBCSA1G,Batal,2025-10-30 20:22:00,2025-10-30,2025-10-30 20:22:00,2025-10-31 23:59:00,,,0.0,,,,1,0,Pre-Fulfillment,Not Processed,0,0,0,1,1,0,Change Address
251030FDNWFVEX,Selesai,2025-10-30 20:28:00,2025-10-30,2025-10-30 20:28:00,2025-10-31 23:59:00,2025-10-31 18:43:00,2025-11-21 06:26:00,0.0,1335.0,491.71666666666664,316.0,0,1,Not Cancelled,Normal,0,0,0,1,1,0,Not Cancelled
251030FEMD3K0T,Selesai,2025-10-30 20:45:00,2025-10-30,2025-10-30 20:45:00,2025-10-31 23:59:00,2025-10-31 18:43:00,2025-11-19 12:37:00,0.0,1318.0,449.9,316.0,0,1,Not Cancelled,Normal,0,0,0,1,1,0,Not Cancelled
251030FGJBQVR8,Selesai,2025-10-30 21:19:00,2025-10-30,2025-10-30 21:19:00,2025-10-31 23:59:00,2025-10-31 18:42:00,2025-11-05 16:18:00,0.0,1283.0,117.6,317.0,0,1,Not Cancelled,Normal,0,0,0,1,1,0,Not Cancelled
251030FHDNAYK1,Selesai,2025-10-30 21:35:00,2025-10-30,2025-10-30 21:36:00,2025-10-31 23:59:00,2025-10-31 18:44:00,2025-11-09 16:52:00,1.0,1269.0,214.13333333333333,315.0,0,1,Not Cancelled,Normal,0,0,0,1,1,0,Not Cancelled
251030FM5KMND2,Selesai,2025-10-30 22:24:00,2025-10-30,2025-10-30 22:24:00,2025-10-31 23:59:00,2025-10-31 18:44:00,2025-11-13 18:29:00,0.0,1220.0,311.75,315.0,0,1,Not Cancelled,Normal,0,0,0,1,1,0,Not Cancelled
251030FMF8J0DX,Batal,2025-10-30 22:29:00,2025-10-30,,,,,,,,,1,0,Pre-Fulfillment,Not Processed,0,0,0,1,1,0,Change Address
251030FMHF528C,Selesai,2025-10-30 22:30:00,2025-10-30,2025-10-30 22:30:00,2025-10-31 23:59:00,2025-10-31 18:44:00,2025-11-02 18:06:00,0.0,1214.0,47.36666666666667,315.0,0,1,Not Cancelled,Normal,0,0,0,1,1,0,Not Cancelled
251030FMSX17VW,Selesai,2025-10-30 22:35:00,2025-10-30,2025-10-30 22:35:00,2025-10-31 23:59:00,2025-10-31 18:44:00,2025-11-09 20:46:00,0.0,1209.0,218.03333333333333,315.0,0,1,Not Cancelled,Normal,0,0,0,1,1,0,Not Cancelled
251030FMV3KKKT,Selesai,2025-10-30 22:36:00,2025-10-30,2025-10-30 22:36:00,2025-10-31 23:59:00,2025-10-31 18:44:00,2025-11-21 13:58:00,0.0,1208.0,499.23333333333335,315.0,0,1,Not Cancelled,Normal,0,0,0,1,1,0,Not Cancelled
251030FNE8CJVP,Selesai,2025-10-30 22:47:00,2025-10-30,2025-10-30 22:47:00,2025-10-31 23:59:00,2025-10-31 18:44:00,2025-11-05 01:49:00,0.0,1197.0,103.08333333333333,315.0,0,1,Not Cancelled,Normal,0,0,0,1,1,0,Not Cancelled
251030FNXYCNKJ,Batal,2025-10-30 22:56:00,2025-10-30,2025-10-30 22:56:00,2025-10-31 23:59:00,,,0.0,,,,1,0,Pre-Fulfillment,Not Processed,0,0,0,1,1,0,Other
251030FP4964WP,Batal,2025-10-30 22:59:00,2025-10-30,2025-10-30 22:59:00,2025-10-31 23:59:00,,,0.0,,,,1,0,Pre-Fulfillment,Not Processed,0,0,0,1,1,0,Change Order
251031FRETBJAU,Selesai,2025-10-30 23:41:00,2025-10-30,2025-10-31 11:23:00,2025-10-31 23:59:00,2025-10-31 11:23:00,2025-11-03 16:53:00,702.0,702.0,77.5,756.0,0,1,Not Cancelled,Normal,0,0,0,1,1,0,Not Cancelled
251031FSKJ87N7,Batal,2025-10-31 00:01:00,2025-10-31,2025-10-31 00:01:00,2025-10-31 23:59:00,,,0.0,,,,1,0,Pre-Fulfillment,Not Processed,0,0,0,1,1,0,Other
251031FSNNWCQU,Selesai,2025-10-31 00:02:00,2025-10-31,2025-10-31 00:02:00,2025-10-31 23:59:00,2025-10-31 18:41:00,2025-11-04 14:05:00,0.0,1119.0,91.4,318.0,0,1,Not Cancelled,Normal,0,0,0,1,1,0,Not Cancelled
251031FVJS4VEA,Batal,2025-10-31 00:54:00,2025-10-31,,,,,,,,,1,0,Pre-Fulfillment,Not Processed,0,0,0,1,1,0,Change Address
251031FVS768TB,Selesai,2025-10-31 00:58:00,2025-10-31,2025-10-31 00:58:00,2025-10-31 23:59:00,2025-10-31 18:43:00,2025-11-10 19:27:00,0.0,1065.0,240.73333333333332,316.0,0,1,Not Cancelled,Normal,0,0,0,1,1,0,Not Cancelled
251031FYCT7DH6,Selesai,2025-10-31 01:45:00,2025-10-31,2025-10-31 01:46:00,2025-10-31 23:59:00,2025-10-31 18:43:00,2025-11-12 16:12:00,1.0,1018.0,285.48333333333335,316.0,0,1,Not Cancelled,Normal,0,0,0,1,1,0,Not Cancelled
251031FYDG6A4E,Selesai,2025-10-31 01:45:00,2025-10-31,2025-10-31 01:45:00,2025-10-31 23:59:00,2025-10-31 18:43:00,2025-11-04 16:57:00,0.0,1018.0,94.23333333333333,316.0,0,1,Not Cancelled,Normal,0,0,0,1,1,0,Not Cancelled
251031G45MQ86K,Selesai,2025-10-31 03:10:00,2025-10-31,2025-10-31 03:11:00,2025-10-31 23:59:00,2025-10-31 03:11:00,2025-11-03 17:34:00,1.0,1.0,86.38333333333334,1248.0,0,1,Not Cancelled,Normal,0,0,0,1,1,0,Not Cancelled
251031G73MJXA8,Selesai,2025-10-31 04:03:00,2025-10-31,2025-10-31 04:03:00,2025-10-31 23:59:00,2025-10-31 18:42:00,2025-11-19 16:50:00,0.0,879.0,454.1333333333333,317.0,0,1,Not Cancelled,Normal,0,0,0,1,1,0,Not Cancelled
251031GDF65SSM,Selesai,2025-10-31 05:57:00,2025-10-31,2025-10-31 05:57:00,2025-10-31 23:59:00,2025-10-31 05:57:00,2025-11-02 17:32:00,0.0,0.0,59.583333333333336,1082.0,0,1,Not Cancelled,Normal,0,0,0,1,1,0,Not Cancelled
251031GF25X70S,Selesai,2025-10-31 06:25:00,2025-10-31,2025-10-31 06:26:00,2025-10-31 23:59:00,2025-10-31 18:46:00,2025-11-08 16:26:00,1.0,741.0,189.66666666666666,313.0,0,1,Not Cancelled,Normal,0,0,0,1,1,0,Not Cancelled
251031GGK3USBH,Batal,2025-10-31 06:52:00,2025-10-31,2025-10-31 06:52:00,2025-10-31 23:59:00,2025-10-31 18:43:00,,0.0,711.0,,316.0,1,1,Post-Fulfillment Initiation,Normal,0,0,0,1,1,0,Delivery Failed
251031GJ3486TG,Selesai,2025-10-31 07:19:00,2025-10-31,2025-10-31 07:22:00,2025-10-31 23:59:00,2025-10-31 18:43:00,2025-11-10 15:56:00,3.0,684.0,237.21666666666667,316.0,0,1,Not Cancelled,Normal,0,0,0,1,1,0,Not Cancelled
251031GJA2D7VR,Batal,2025-10-31 07:23:00,2025-10-31,,,,,,,,,1,0,Pre-Fulfillment,Not Processed,0,0,0,1,1,0,Unpaid Order
251031GK35DHTB,Selesai,2025-10-31 07:37:00,2025-10-31,2025-10-31 07:37:00,2025-10-31 23:59:00,2025-10-31 18:48:00,2025-11-03 10:51:00,0.0,671.0,64.05,311.0,0,1,Not Cancelled,Normal,0,0,0,1,1,0,Not Cancelled
251031GN501YFT,Selesai,2025-10-31 08:14:00,2025-10-31,2025-10-31 08:15:00,2025-10-31 23:59:00,2025-10-31 18:44:00,2025-11-09 16:43:00,1.0,630.0,213.98333333333332,315.0,0,1,Not Cancelled,Normal,0,0,0,1,1,0,Not Cancelled
251031GNDTCJD0,Selesai,2025-10-31 08:19:00,2025-10-31,2025-10-31 08:19:00,2025-10-31 23:59:00,2025-10-31 18:45:00,2025-11-14 19:18:00,0.0,626.0,336.55,314.0,0,1,Not Cancelled,Normal,0,0,0,1,1,0,Not Cancelled
251031GNYE0SP4,Selesai,2025-10-31 08:29:00,2025-10-31,2025-10-31 08:30:00,2025-10-31 23:59:00,2025-10-31 18:43:00,2025-11-16 15:51:00,1.0,614.0,381.1333333333333,316.0,0,1,Not Cancelled,Normal,0,0,0,1,1,0,Not Cancelled
251031GP5Q7F6A,Selesai,2025-10-31 08:32:00,2025-10-31,2025-10-31 08:32:00,2025-10-31 23:59:00,2025-10-31 18:43:00,2025-11-11 20:11:00,0.0,611.0,265.46666666666664,316.0,0,1,Not Cancelled,Normal,0,0,0,1,1,0,Not Cancelled
251031GQF7NP8U,Selesai,2025-10-31 08:56:00,2025-10-31,2025-10-31 08:56:00,2025-10-31 23:59:00,2025-10-31 18:42:00,2025-11-11 10:09:00,0.0,586.0,255.45,317.0,0,1,Not Cancelled,Normal,0,0,0,1,1,0,Not Cancelled
251031GU8NUQUB,Selesai,2025-10-31 10:03:00,2025-10-31,2025-10-31 10:04:00,2025-10-31 23:59:00,2025-10-31 18:44:00,2025-11-11 16:41:00,1.0,521.0,261.95,315.0,0,1,Not Cancelled,Normal,0,0,0,1,1,0,Not Cancelled
251031GV59EU6X,Batal,2025-10-31 10:19:00,2025-10-31,2025-10-31 10:20:00,2025-10-31 23:59:00,,,1.0,,,,1,0,Pre-Fulfillment,Not Processed,0,0,0,1,1,0,Seller Late Shipment
251031GWUBCHYN,Selesai,2025-10-31 10:50:00,2025-10-31,2025-10-31 10:50:00,2025-10-31 23:59:00,2025-10-31 18:42:00,2025-11-04 12:48:00,0.0,472.0,90.1,317.0,0,1,Not Cancelled,Normal,0,0,0,1,1,0,Not Cancelled
251031GYH5P225,Selesai,2025-10-31 11:20:00,2025-10-31,2025-10-31 11:21:00,2025-10-31 23:59:00,2025-10-31 15:08:00,2025-11-07 06:04:00,1.0,228.0,158.93333333333334,531.0,0,1,Not Cancelled,Normal,0,0,0,1,1,0,Not Cancelled
251031H0ARYDJ5,Selesai,2025-10-31 11:34:00,2025-10-31,2025-10-31 11:34:00,2025-10-31 23:59:00,2025-10-31 18:44:00,2025-12-08 15:40:00,0.0,430.0,908.9333333333333,315.0,0,1,Not Cancelled,Normal,0,0,0,1,1,0,Not Cancelled
251031H12RNK14,Selesai,2025-10-31 11:48:00,2025-10-31,2025-10-31 11:49:00,2025-10-31 23:59:00,2025-10-31 18:42:00,2025-11-06 08:37:00,1.0,414.0,133.91666666666666,317.0,0,1,Not Cancelled,Normal,0,0,0,1,1,0,Not Cancelled
251031H15QYET4,Batal,2025-10-31 11:49:00,2025-10-31,,,,,,,,,1,0,Pre-Fulfillment,Not Processed,0,0,0,1,1,0,Unpaid Order
251031H1XBSC4M,Selesai,2025-10-31 12:03:00,2025-10-31,2025-10-31 12:03:00,2025-11-03 23:59:00,2025-10-31 18:45:00,2025-11-09 19:26:00,0.0,402.0,216.68333333333334,4634.0,0,1,Not Cancelled,Normal,0,0,0,1,1,0,Not Cancelled
251031H2VX64KH,Selesai,2025-10-31 12:20:00,2025-10-31,2025-10-31 19:32:00,2025-11-03 23:59:00,2025-11-01 16:46:00,2025-11-06 06:18:00,432.0,1706.0,109.53333333333333,3313.0,0,1,Not Cancelled,Normal,0,0,0,3,1,0,Not Cancelled
251031H2YVK6GT,Batal,2025-10-31 12:22:00,2025-10-31,,,,,,,,,1,0,Pre-Fulfillment,Not Processed,0,0,0,1,1,0,Found Cheaper Alternative
251031H3TEBM64,Selesai,2025-10-31 12:37:00,2025-10-31,2025-10-31 12:37:00,2025-11-03 23:59:00,2025-10-31 12:37:00,2025-11-06 08:30:00,0.0,0.0,139.88333333333333,5002.0,0,1,Not Cancelled,Normal,0,0,0,1,1,0,Not Cancelled
251031H44AYY8K,Batal,2025-10-31 12:42:00,2025-10-31,2025-10-31 12:42:00,2025-11-03 23:59:00,,,0.0,,,,1,0,Pre-Fulfillment,Not Processed,0,0,0,1,1,0,Change Order
251031H4DHPFSD,Batal,2025-10-31 12:47:00,2025-10-31,,,,,,,,,1,0,Pre-Fulfillment,Not Processed,0,0,0,1,1,0,Change Order
251031H6CD04HY,Selesai,2025-10-31 13:22:00,2025-10-31,2025-10-31 13:22:00,2025-11-03 23:59:00,2025-11-01 16:45:00,2025-11-08 18:01:00,0.0,1643.0,169.26666666666668,3314.0,0,1,Not Cancelled,Normal,0,0,0,1,1,0,Not Cancelled
251031H6E90018,Selesai,2025-10-31 13:23:00,2025-10-31,2025-10-31 13:24:00,2025-11-03 23:59:00,2025-11-01 14:39:00,2025-11-09 13:46:00,1.0,1516.0,191.11666666666667,3440.0,0,1,Not Cancelled,Normal,0,0,0,1,1,0,Not Cancelled
251031H7RAPP27,Selesai,2025-10-31 13:47:00,2025-10-31,2025-10-31 13:59:00,2025-11-03 23:59:00,2025-10-31 13:59:00,2025-11-12 00:35:00,12.0,12.0,274.6,4920.0,0,1,Not Cancelled,Normal,0,0,0,1,1,0,Not Cancelled
251031H8F0CGX8,Selesai,2025-10-31 14:00:00,2025-10-31,2025-10-31 14:16:00,2025-11-03 23:59:00,2025-11-01 16:48:00,2025-11-16 16:19:00,16.0,1608.0,359.51666666666665,3311.0,0,1,Not Cancelled,Normal,0,0,0,1,1,0,Not Cancelled
251031H92BBE6Y,Selesai,2025-10-31 14:10:00,2025-10-31,2025-10-31 14:17:00,2025-11-03 23:59:00,2025-10-31 14:19:00,2025-11-09 16:33:00,7.0,9.0,218.23333333333332,4900.0,0,1,Not Cancelled,Normal,0,0,0,1,1,0,Not Cancelled
251031H9F6CVQM,Selesai,2025-10-31 14:18:00,2025-10-31,2025-10-31 14:19:00,2025-11-03 23:59:00,2025-11-01 19:33:00,2025-11-06 08:06:00,1.0,1755.0,108.55,3146.0,0,1,Not Cancelled,Normal,0,0,0,1,1,0,Not Cancelled
251031HADRTHH7,Selesai,2025-10-31 14:35:00,2025-10-31,2025-10-31 14:35:00,2025-11-03 23:59:00,2025-11-01 19:33:00,2025-11-11 14:15:00,0.0,1738.0,234.7,3146.0,0,1,Not Cancelled,Normal,0,0,0,1,1,0,Not Cancelled
251031HBT9PC8Q,Selesai,2025-10-31 15:00:00,2025-10-31,2025-10-31 15:25:00,2025-11-03 23:59:00,2025-11-03 18:04:00,2025-11-06 22:21:00,25.0,4504.0,76.28333333333333,355.0,0,1,Not Cancelled,Critical,0,0,0,1,1,0,Not Cancelled
251031HDAT849J,Selesai,2025-10-31 15:27:00,2025-10-31,2025-10-31 15:37:00,2025-11-03 23:59:00,2025-11-01 16:47:00,2025-11-11 11:02:00,10.0,1520.0,234.25,3312.0,0,1,Not Cancelled,Normal,0,0,0,1,1,0,Not Cancelled
251031HDVHMNR6,Selesai,2025-10-31 15:37:00,2025-10-31,2025-10-31 15:40:00,2025-11-03 23:59:00,2025-11-01 16:43:00,2025-11-14 16:00:00,3.0,1506.0,311.28333333333336,3316.0,0,1,Not Cancelled,Normal,0,0,0,1,1,0,Not Cancelled
251031HFAH5ADC,Selesai,2025-10-31 16:02:00,2025-10-31,2025-10-31 16:02:00,2025-11-03 23:59:00,2025-11-01 16:44:00,2025-11-20 12:12:00,0.0,1482.0,451.46666666666664,3315.0,0,1,Not Cancelled,Normal,0,0,0,1,1,0,Not Cancelled
251031HFBKH991,Selesai,2025-10-31 16:03:00,2025-10-31,2025-10-31 16:03:00,2025-11-03 23:59:00,2025-11-01 16:46:00,2025-11-09 18:14:00,0.0,1483.0,193.46666666666667,3313.0,0,1,Not Cancelled,Normal,0,0,0,1,1,0,Not Cancelled
251031HGC407HU,Selesai,2025-10-31 16:21:00,2025-10-31,2025-10-31 16:21:00,2025-11-03 23:59:00,2025-11-01 16:44:00,2025-11-06 07:32:00,0.0,1463.0,110.8,3315.0,0,1,Not Cancelled,Normal,0,0,0,1,1,0,Not Cancelled
251031HH0QVDN8,Selesai,2025-10-31 16:33:00,2025-10-31,2025-10-31 16:33:00,2025-11-03 23:59:00,2025-11-01 19:33:00,2025-11-14 14:04:00,0.0,1620.0,306.51666666666665,3146.0,0,1,Not Cancelled,Normal,0,0,0,1,1,0,Not Cancelled
251031HJECYHEH,Selesai,2025-10-31 16:58:00,2025-10-31,2025-10-31 16:59:00,2025-11-03 23:59:00,2025-11-01 16:43:00,2025-11-12 17:02:00,1.0,1425.0,264.31666666666666,3316.0,0,1,Not Cancelled,Normal,0,0,0,1,1,0,Not Cancelled
251031HJT8H3SA,Selesai,2025-10-31 17:05:00,2025-10-31,2025-10-31 17:06:00,2025-11-03 23:59:00,2025-11-01 16:44:00,2025-11-10 13:26:00,1.0,1419.0,212.7,3315.0,0,1,Not Cancelled,Normal,0,0,0,1,1,0,Not Cancelled
251031HMQAK0GH,Selesai,2025-10-31 17:39:00,2025-10-31,2025-10-31 17:40:00,2025-11-03 23:59:00,2025-10-31 17:40:00,2025-11-09 12:30:00,1.0,1.0,210.83333333333334,4699.0,0,1,Not Cancelled,Normal,0,0,0,1,1,0,Not Cancelled
251031HNGJCPXP,Selesai,2025-10-31 17:53:00,2025-10-31,2025-10-31 17:53:00,2025-11-03 23:59:00,2025-11-01 16:44:00,2025-11-10 22:19:00,0.0,1371.0,221.58333333333334,3315.0,0,1,Not Cancelled,Normal,0,0,0,1,1,0,Not Cancelled
251031HNY8G2WG,Batal,2025-10-31 18:01:00,2025-10-31,2025-10-31 18:02:00,2025-11-03 23:59:00,,,1.0,,,,1,0,Pre-Fulfillment,Not Processed,0,0,0,1,1,0,Other
251031HPTJ35BR,Selesai,2025-10-31 18:17:00,2025-10-31,2025-10-31 18:17:00,2025-11-03 23:59:00,2025-11-01 16:44:00,2025-11-16 11:54:00,0.0,1347.0,355.1666666666667,3315.0,0,1,Not Cancelled,Normal,0,0,0,1,1,0,Not Cancelled
251031HQ15TCBQ,Selesai,2025-10-31 18:20:00,2025-10-31,2025-10-31 18:20:00,2025-11-03 23:59:00,2025-11-01 16:44:00,2025-11-10 15:41:00,0.0,1344.0,214.95,3315.0,0,1,Not Cancelled,Normal,0,0,0,1,1,0,Not Cancelled
251031HS16860F,Selesai,2025-10-31 18:56:00,2025-10-31,2025-10-31 18:56:00,2025-11-03 23:59:00,2025-11-01 19:33:00,2025-11-10 20:53:00,0.0,1477.0,217.33333333333334,3146.0,0,1,Not Cancelled,Normal,0,0,0,1,1,0,Not Cancelled
251031HSHB5F9E,Selesai,2025-10-31 19:05:00,2025-10-31,2025-10-31 19:05:00,2025-11-03 23:59:00,2025-11-01 16:43:00,2025-11-10 14:32:00,0.0,1298.0,213.81666666666666,3316.0,0,1,Not Cancelled,Normal,0,0,0,1,1,0,Not Cancelled
251031HSNA23NP,Selesai,2025-10-31 19:07:00,2025-10-31,2025-10-31 19:09:00,2025-11-03 23:59:00,2025-11-01 16:43:00,2025-11-06 16:48:00,2.0,1296.0,120.08333333333333,3316.0,0,1,Not Cancelled,Normal,0,0,0,1,1,0,Not Cancelled
251031HSSJDJXA,Selesai,2025-10-31 19:10:00,2025-10-31,2025-10-31 19:10:00,2025-11-03 23:59:00,2025-11-03 18:08:00,2025-11-19 21:04:00,0.0,4258.0,386.93333333333334,351.0,0,1,Not Cancelled,Critical,0,0,0,2,2,0,Not Cancelled
251031HTMN9X4H,Batal,2025-10-31 19:25:00,2025-10-31,2025-10-31 19:25:00,2025-11-03 23:59:00,,,0.0,,,,1,0,Pre-Fulfillment,Not Processed,0,0,0,1,1,0,Change Address
251031HUCCDRGB,Selesai,2025-10-31 19:38:00,2025-10-31,2025-10-31 19:38:00,2025-11-03 23:59:00,2025-11-01 16:46:00,2025-11-11 00:56:00,0.0,1268.0,224.16666666666666,3313.0,0,1,Not Cancelled,Normal,0,0,0,1,1,0,Not Cancelled
251031HV8BV361,Selesai,2025-10-31 19:54:00,2025-10-31,2025-10-31 19:54:00,2025-11-03 23:59:00,2025-11-01 16:44:00,2025-11-10 14:35:00,0.0,1250.0,213.85,3315.0,0,1,Not Cancelled,Normal,0,0,0,1,1,0,Not Cancelled
251031HV9PU5QK,Selesai,2025-10-31 19:55:00,2025-10-31,2025-10-31 19:55:00,2025-11-03 23:59:00,2025-11-01 16:45:00,2025-11-05 12:44:00,0.0,1250.0,91.98333333333333,3314.0,0,1,Not Cancelled,Normal,0,0,0,1,1,0,Not Cancelled
251031HWS44Q6C,Selesai,2025-10-31 20:21:00,2025-10-31,2025-10-31 20:21:00,2025-11-03 23:59:00,2025-11-01 16:43:00,2025-11-11 18:18:00,0.0,1222.0,241.58333333333334,3316.0,0,1,Not Cancelled,Normal,0,0,0,1,1,0,Not Cancelled
251031HWWGBBW6,Selesai,2025-10-31 20:24:00,2025-10-31,2025-10-31 20:24:00,2025-11-03 23:59:00,2025-11-01 16:45:00,2025-11-12 14:37:00,0.0,1221.0,261.8666666666667,3314.0,0,1,Not Cancelled,Normal,0,0,0,2,2,0,Not Cancelled
251031HY0A7SN1,Batal,2025-10-31 20:43:00,2025-10-31,2025-10-31 20:43:00,2025-11-03 23:59:00,2025-11-01 16:45:00,,0.0,1202.0,,3314.0,1,1,Post-Fulfillment Initiation,Normal,0,0,0,1,1,0,Package Lost
251031HYU6DDQW,Batal,2025-10-31 20:58:00,2025-10-31,2025-10-31 20:58:00,2025-11-03 23:59:00,,,0.0,,,,1,0,Pre-Fulfillment,Not Processed,0,0,0,1,1,0,Other
251031J03VVCGT,Batal,2025-10-31 21:03:00,2025-10-31,2025-10-31 21:03:00,2025-11-03 23:59:00,,,0.0,,,,1,0,Pre-Fulfillment,Not Processed,0,0,0,1,1,0,Other
251031J1AC1XXV,Selesai,2025-10-31 21:24:00,2025-10-31,2025-10-31 21:25:00,2025-11-03 23:59:00,2025-11-01 16:47:00,2025-11-11 16:56:00,1.0,1163.0,240.15,3312.0,0,1,Not Cancelled,Normal,0,0,0,1,1,0,Not Cancelled
251031J1HJW1QK,Selesai,2025-10-31 21:28:00,2025-10-31,2025-10-31 21:29:00,2025-11-03 23:59:00,2025-10-31 21:29:00,2025-11-09 16:14:00,1.0,1.0,210.75,4470.0,0,1,Not Cancelled,Normal,0,0,0,1,1,0,Not Cancelled
251031J1U1556X,Selesai,2025-10-31 21:34:00,2025-10-31,2025-10-31 21:36:00,2025-11-03 23:59:00,2025-11-01 16:47:00,2025-11-04 09:18:00,2.0,1153.0,64.51666666666667,3312.0,0,1,Not Cancelled,Normal,0,0,0,1,1,0,Not Cancelled
251031J2FVQRN1,Selesai,2025-10-31 21:45:00,2025-10-31,2025-10-31 21:46:00,2025-11-03 23:59:00,2025-11-01 16:45:00,2025-11-12 09:18:00,1.0,1140.0,256.55,3314.0,0,1,Not Cancelled,Normal,0,0,0,1,1,0,Not Cancelled
251031J4HRCA7M,Selesai,2025-10-31 22:22:00,2025-10-31,2025-10-31 22:22:00,2025-11-03 23:59:00,2025-11-01 19:33:00,2025-11-05 05:42:00,0.0,1271.0,82.15,3146.0,0,1,Not Cancelled,Normal,0,0,0,1,1,0,Not Cancelled
251031J5A4G48X,Selesai,2025-10-31 22:36:00,2025-10-31,2025-10-31 22:36:00,2025-11-03 23:59:00,2025-11-01 16:48:00,2025-11-10 23:14:00,0.0,1092.0,222.43333333333334,3311.0,0,1,Not Cancelled,Normal,0,0,0,1,1,0,Not Cancelled
251031J6GRF633,Selesai,2025-10-31 22:58:00,2025-10-31,2025-10-31 22:58:00,2025-11-03 23:59:00,2025-11-01 16:48:00,2025-11-03 16:23:00,0.0,1070.0,47.583333333333336,3311.0,0,1,Not Cancelled,Normal,0,0,0,1,1,0,Not Cancelled
251101J7MRGJ32,Selesai,2025-10-31 23:18:00,2025-10-31,2025-10-31 23:18:00,2025-11-03 23:59:00,2025-11-01 16:45:00,2025-11-14 20:55:00,0.0,1047.0,316.1666666666667,3314.0,0,1,Not Cancelled,Normal,0,0,0,1,1,0,Not Cancelled
